--
-- PostgreSQL database dump
--

\restrict sBUOemE40gH5JQVo5flDUju9wEobihkK64CV6EhFBhhSCHCUjtpONs1NuJfJmrz

-- Dumped from database version 16.10
-- Dumped by pg_dump version 16.10

SET statement_timeout = 0;
SET lock_timeout = 0;
SET idle_in_transaction_session_timeout = 0;
SET client_encoding = 'UTF8';
SET standard_conforming_strings = on;
SELECT pg_catalog.set_config('search_path', '', false);
SET check_function_bodies = false;
SET xmloption = content;
SET client_min_messages = warning;
SET row_security = off;

--
-- Name: public; Type: SCHEMA; Schema: -; Owner: postgresuser
--

-- *not* creating schema, since initdb creates it


ALTER SCHEMA public OWNER TO postgresuser;

--
-- Name: SCHEMA public; Type: COMMENT; Schema: -; Owner: postgresuser
--

COMMENT ON SCHEMA public IS '';


SET default_tablespace = '';

SET default_table_access_method = heap;

--
-- Name: auth_group; Type: TABLE; Schema: public; Owner: postgresuser
--

CREATE TABLE public.auth_group (
    id integer NOT NULL,
    name character varying(150) NOT NULL
);


ALTER TABLE public.auth_group OWNER TO postgresuser;

--
-- Name: auth_group_id_seq; Type: SEQUENCE; Schema: public; Owner: postgresuser
--

ALTER TABLE public.auth_group ALTER COLUMN id ADD GENERATED BY DEFAULT AS IDENTITY (
    SEQUENCE NAME public.auth_group_id_seq
    START WITH 1
    INCREMENT BY 1
    NO MINVALUE
    NO MAXVALUE
    CACHE 1
);


--
-- Name: auth_group_permissions; Type: TABLE; Schema: public; Owner: postgresuser
--

CREATE TABLE public.auth_group_permissions (
    id bigint NOT NULL,
    group_id integer NOT NULL,
    permission_id integer NOT NULL
);


ALTER TABLE public.auth_group_permissions OWNER TO postgresuser;

--
-- Name: auth_group_permissions_id_seq; Type: SEQUENCE; Schema: public; Owner: postgresuser
--

ALTER TABLE public.auth_group_permissions ALTER COLUMN id ADD GENERATED BY DEFAULT AS IDENTITY (
    SEQUENCE NAME public.auth_group_permissions_id_seq
    START WITH 1
    INCREMENT BY 1
    NO MINVALUE
    NO MAXVALUE
    CACHE 1
);


--
-- Name: auth_permission; Type: TABLE; Schema: public; Owner: postgresuser
--

CREATE TABLE public.auth_permission (
    id integer NOT NULL,
    name character varying(255) NOT NULL,
    content_type_id integer NOT NULL,
    codename character varying(100) NOT NULL
);


ALTER TABLE public.auth_permission OWNER TO postgresuser;

--
-- Name: auth_permission_id_seq; Type: SEQUENCE; Schema: public; Owner: postgresuser
--

ALTER TABLE public.auth_permission ALTER COLUMN id ADD GENERATED BY DEFAULT AS IDENTITY (
    SEQUENCE NAME public.auth_permission_id_seq
    START WITH 1
    INCREMENT BY 1
    NO MINVALUE
    NO MAXVALUE
    CACHE 1
);


--
-- Name: auth_user; Type: TABLE; Schema: public; Owner: postgresuser
--

CREATE TABLE public.auth_user (
    id integer NOT NULL,
    password character varying(128) NOT NULL,
    last_login timestamp with time zone,
    is_superuser boolean NOT NULL,
    username character varying(150) NOT NULL,
    first_name character varying(150) NOT NULL,
    last_name character varying(150) NOT NULL,
    email character varying(254) NOT NULL,
    is_staff boolean NOT NULL,
    is_active boolean NOT NULL,
    date_joined timestamp with time zone NOT NULL
);


ALTER TABLE public.auth_user OWNER TO postgresuser;

--
-- Name: auth_user_groups; Type: TABLE; Schema: public; Owner: postgresuser
--

CREATE TABLE public.auth_user_groups (
    id bigint NOT NULL,
    user_id integer NOT NULL,
    group_id integer NOT NULL
);


ALTER TABLE public.auth_user_groups OWNER TO postgresuser;

--
-- Name: auth_user_groups_id_seq; Type: SEQUENCE; Schema: public; Owner: postgresuser
--

ALTER TABLE public.auth_user_groups ALTER COLUMN id ADD GENERATED BY DEFAULT AS IDENTITY (
    SEQUENCE NAME public.auth_user_groups_id_seq
    START WITH 1
    INCREMENT BY 1
    NO MINVALUE
    NO MAXVALUE
    CACHE 1
);


--
-- Name: auth_user_id_seq; Type: SEQUENCE; Schema: public; Owner: postgresuser
--

ALTER TABLE public.auth_user ALTER COLUMN id ADD GENERATED BY DEFAULT AS IDENTITY (
    SEQUENCE NAME public.auth_user_id_seq
    START WITH 1
    INCREMENT BY 1
    NO MINVALUE
    NO MAXVALUE
    CACHE 1
);


--
-- Name: auth_user_user_permissions; Type: TABLE; Schema: public; Owner: postgresuser
--

CREATE TABLE public.auth_user_user_permissions (
    id bigint NOT NULL,
    user_id integer NOT NULL,
    permission_id integer NOT NULL
);


ALTER TABLE public.auth_user_user_permissions OWNER TO postgresuser;

--
-- Name: auth_user_user_permissions_id_seq; Type: SEQUENCE; Schema: public; Owner: postgresuser
--

ALTER TABLE public.auth_user_user_permissions ALTER COLUMN id ADD GENERATED BY DEFAULT AS IDENTITY (
    SEQUENCE NAME public.auth_user_user_permissions_id_seq
    START WITH 1
    INCREMENT BY 1
    NO MINVALUE
    NO MAXVALUE
    CACHE 1
);


--
-- Name: blog_blogpost; Type: TABLE; Schema: public; Owner: postgresuser
--

CREATE TABLE public.blog_blogpost (
    id bigint NOT NULL,
    slug character varying(50) NOT NULL,
    title character varying(200) NOT NULL,
    title_kk character varying(200),
    title_ru character varying(200),
    title_en character varying(200),
    subtitle character varying(300) NOT NULL,
    subtitle_kk character varying(300),
    subtitle_ru character varying(300),
    subtitle_en character varying(300),
    author character varying(160) NOT NULL,
    published_at timestamp with time zone NOT NULL,
    tags_text character varying(300) NOT NULL,
    image character varying(100) NOT NULL,
    body_md text NOT NULL,
    body_md_kk text,
    body_md_ru text,
    body_md_en text,
    meta_title character varying(255) NOT NULL,
    meta_title_kk character varying(255),
    meta_title_ru character varying(255),
    meta_title_en character varying(255),
    meta_description text NOT NULL,
    meta_description_kk text,
    meta_description_ru text,
    meta_description_en text,
    is_published boolean NOT NULL,
    updated timestamp with time zone NOT NULL,
    tags_text_en character varying(300),
    tags_text_kk character varying(300),
    tags_text_ru character varying(300),
    author_en character varying(160),
    author_kk character varying(160),
    author_ru character varying(160),
    image_title character varying(255) NOT NULL,
    subject character varying(200) NOT NULL,
    subject_en character varying(200),
    subject_kk character varying(200),
    subject_ru character varying(200)
);


ALTER TABLE public.blog_blogpost OWNER TO postgresuser;

--
-- Name: blog_blogpost_id_seq; Type: SEQUENCE; Schema: public; Owner: postgresuser
--

ALTER TABLE public.blog_blogpost ALTER COLUMN id ADD GENERATED BY DEFAULT AS IDENTITY (
    SEQUENCE NAME public.blog_blogpost_id_seq
    START WITH 1
    INCREMENT BY 1
    NO MINVALUE
    NO MAXVALUE
    CACHE 1
);


--
-- Name: blog_blogsettings; Type: TABLE; Schema: public; Owner: postgresuser
--

CREATE TABLE public.blog_blogsettings (
    id bigint NOT NULL,
    title character varying(200) NOT NULL,
    title_kk character varying(200),
    title_ru character varying(200),
    title_en character varying(200),
    meta_title character varying(255) NOT NULL,
    meta_title_kk character varying(255),
    meta_title_ru character varying(255),
    meta_title_en character varying(255),
    meta_description text NOT NULL,
    meta_description_kk text,
    meta_description_ru text,
    meta_description_en text,
    meta_keywords text NOT NULL,
    meta_keywords_kk text,
    meta_keywords_ru text,
    meta_keywords_en text
);


ALTER TABLE public.blog_blogsettings OWNER TO postgresuser;

--
-- Name: blog_blogsettings_id_seq; Type: SEQUENCE; Schema: public; Owner: postgresuser
--

ALTER TABLE public.blog_blogsettings ALTER COLUMN id ADD GENERATED BY DEFAULT AS IDENTITY (
    SEQUENCE NAME public.blog_blogsettings_id_seq
    START WITH 1
    INCREMENT BY 1
    NO MINVALUE
    NO MAXVALUE
    CACHE 1
);


--
-- Name: contents_aboutpage; Type: TABLE; Schema: public; Owner: postgresuser
--

CREATE TABLE public.contents_aboutpage (
    id bigint NOT NULL,
    title character varying(200) NOT NULL,
    meta_title character varying(255) NOT NULL,
    meta_description text NOT NULL,
    meta_description_en text,
    meta_description_kk text,
    meta_description_ru text,
    meta_title_en character varying(255),
    meta_title_kk character varying(255),
    meta_title_ru character varying(255),
    title_en character varying(200),
    title_kk character varying(200),
    title_ru character varying(200),
    mission_text character varying(300) NOT NULL,
    mission_text_en character varying(300),
    mission_text_kk character varying(300),
    mission_text_ru character varying(300),
    subtitle text NOT NULL,
    subtitle_en text,
    subtitle_kk text,
    subtitle_ru text,
    education_title character varying(300) NOT NULL,
    education_title_en character varying(300),
    education_title_kk character varying(300),
    education_title_ru character varying(300)
);


ALTER TABLE public.contents_aboutpage OWNER TO postgresuser;

--
-- Name: contents_aboutpage_id_seq; Type: SEQUENCE; Schema: public; Owner: postgresuser
--

ALTER TABLE public.contents_aboutpage ALTER COLUMN id ADD GENERATED BY DEFAULT AS IDENTITY (
    SEQUENCE NAME public.contents_aboutpage_id_seq
    START WITH 1
    INCREMENT BY 1
    NO MINVALUE
    NO MAXVALUE
    CACHE 1
);


--
-- Name: contents_benefititem; Type: TABLE; Schema: public; Owner: postgresuser
--

CREATE TABLE public.contents_benefititem (
    id bigint NOT NULL,
    label character varying(120) NOT NULL,
    label_kk character varying(120),
    label_ru character varying(120),
    label_en character varying(120),
    detail character varying(200) NOT NULL,
    detail_kk character varying(200),
    detail_ru character varying(200),
    detail_en character varying(200),
    "order" integer NOT NULL,
    section_id bigint NOT NULL,
    CONSTRAINT contents_benefititem_order_check CHECK (("order" >= 0))
);


ALTER TABLE public.contents_benefititem OWNER TO postgresuser;

--
-- Name: contents_benefititem_id_seq; Type: SEQUENCE; Schema: public; Owner: postgresuser
--

ALTER TABLE public.contents_benefititem ALTER COLUMN id ADD GENERATED BY DEFAULT AS IDENTITY (
    SEQUENCE NAME public.contents_benefititem_id_seq
    START WITH 1
    INCREMENT BY 1
    NO MINVALUE
    NO MAXVALUE
    CACHE 1
);


--
-- Name: contents_benefitsection; Type: TABLE; Schema: public; Owner: postgresuser
--

CREATE TABLE public.contents_benefitsection (
    id bigint NOT NULL,
    title character varying(200) NOT NULL,
    title_kk character varying(200),
    title_ru character varying(200),
    title_en character varying(200),
    "order" integer NOT NULL,
    slug character varying(50) NOT NULL,
    CONSTRAINT contents_benefitsection_order_check CHECK (("order" >= 0))
);


ALTER TABLE public.contents_benefitsection OWNER TO postgresuser;

--
-- Name: contents_benefitsection_id_seq; Type: SEQUENCE; Schema: public; Owner: postgresuser
--

ALTER TABLE public.contents_benefitsection ALTER COLUMN id ADD GENERATED BY DEFAULT AS IDENTITY (
    SEQUENCE NAME public.contents_benefitsection_id_seq
    START WITH 1
    INCREMENT BY 1
    NO MINVALUE
    NO MAXVALUE
    CACHE 1
);


--
-- Name: contents_contactpage; Type: TABLE; Schema: public; Owner: postgresuser
--

CREATE TABLE public.contents_contactpage (
    id bigint NOT NULL,
    title character varying(200) NOT NULL,
    title_kk character varying(200),
    title_ru character varying(200),
    title_en character varying(200),
    subtitle text NOT NULL,
    subtitle_kk text,
    subtitle_ru text,
    subtitle_en text,
    phone_label character varying(120) NOT NULL,
    phone_label_kk character varying(120),
    phone_label_ru character varying(120),
    phone_label_en character varying(120),
    phone_number character varying(64) NOT NULL,
    email_label character varying(120) NOT NULL,
    email_label_kk character varying(120),
    email_label_ru character varying(120),
    email_label_en character varying(120),
    email character varying(254) NOT NULL,
    address_label character varying(120) NOT NULL,
    address_label_kk character varying(120),
    address_label_ru character varying(120),
    address_label_en character varying(120),
    address_text character varying(300) NOT NULL,
    address_text_kk character varying(300),
    address_text_ru character varying(300),
    address_text_en character varying(300),
    address_url character varying(500) NOT NULL,
    footer_text text NOT NULL,
    footer_text_kk text,
    footer_text_ru text,
    footer_text_en text,
    meta_title character varying(255) NOT NULL,
    meta_title_kk character varying(255),
    meta_title_ru character varying(255),
    meta_title_en character varying(255),
    meta_description text NOT NULL,
    meta_description_kk text,
    meta_description_ru text,
    meta_description_en text,
    updated timestamp with time zone NOT NULL
);


ALTER TABLE public.contents_contactpage OWNER TO postgresuser;

--
-- Name: contents_contactpage_id_seq; Type: SEQUENCE; Schema: public; Owner: postgresuser
--

ALTER TABLE public.contents_contactpage ALTER COLUMN id ADD GENERATED BY DEFAULT AS IDENTITY (
    SEQUENCE NAME public.contents_contactpage_id_seq
    START WITH 1
    INCREMENT BY 1
    NO MINVALUE
    NO MAXVALUE
    CACHE 1
);


--
-- Name: contents_faqblock; Type: TABLE; Schema: public; Owner: postgresuser
--

CREATE TABLE public.contents_faqblock (
    id bigint NOT NULL,
    slug character varying(50) NOT NULL,
    title character varying(200) NOT NULL,
    title_kk character varying(200),
    title_ru character varying(200),
    title_en character varying(200),
    "order" integer NOT NULL,
    updated timestamp with time zone NOT NULL,
    cta_faq character varying(200) NOT NULL,
    cta_faq_en character varying(200),
    cta_faq_kk character varying(200),
    cta_faq_ru character varying(200),
    CONSTRAINT contents_faqblock_order_check CHECK (("order" >= 0))
);


ALTER TABLE public.contents_faqblock OWNER TO postgresuser;

--
-- Name: contents_faqblock_id_seq; Type: SEQUENCE; Schema: public; Owner: postgresuser
--

ALTER TABLE public.contents_faqblock ALTER COLUMN id ADD GENERATED BY DEFAULT AS IDENTITY (
    SEQUENCE NAME public.contents_faqblock_id_seq
    START WITH 1
    INCREMENT BY 1
    NO MINVALUE
    NO MAXVALUE
    CACHE 1
);


--
-- Name: contents_faqitem; Type: TABLE; Schema: public; Owner: postgresuser
--

CREATE TABLE public.contents_faqitem (
    id bigint NOT NULL,
    question character varying(300) NOT NULL,
    question_kk character varying(300),
    question_ru character varying(300),
    question_en character varying(300),
    answer text NOT NULL,
    answer_kk text,
    answer_ru text,
    answer_en text,
    "order" integer NOT NULL,
    block_id bigint NOT NULL,
    CONSTRAINT contents_faqitem_order_check CHECK (("order" >= 0))
);


ALTER TABLE public.contents_faqitem OWNER TO postgresuser;

--
-- Name: contents_faqitem_id_seq; Type: SEQUENCE; Schema: public; Owner: postgresuser
--

ALTER TABLE public.contents_faqitem ALTER COLUMN id ADD GENERATED BY DEFAULT AS IDENTITY (
    SEQUENCE NAME public.contents_faqitem_id_seq
    START WITH 1
    INCREMENT BY 1
    NO MINVALUE
    NO MAXVALUE
    CACHE 1
);


--
-- Name: contents_fleetblock; Type: TABLE; Schema: public; Owner: postgresuser
--

CREATE TABLE public.contents_fleetblock (
    id bigint NOT NULL,
    slug character varying(50) NOT NULL,
    title character varying(200) NOT NULL,
    title_kk character varying(200),
    title_ru character varying(200),
    title_en character varying(200),
    "order" integer NOT NULL,
    updated timestamp with time zone NOT NULL,
    character_label character varying(100) NOT NULL,
    character_label_en character varying(100),
    character_label_kk character varying(100),
    character_label_ru character varying(100),
    CONSTRAINT contents_fleetblock_order_check CHECK (("order" >= 0))
);


ALTER TABLE public.contents_fleetblock OWNER TO postgresuser;

--
-- Name: contents_fleetblock_id_seq; Type: SEQUENCE; Schema: public; Owner: postgresuser
--

ALTER TABLE public.contents_fleetblock ALTER COLUMN id ADD GENERATED BY DEFAULT AS IDENTITY (
    SEQUENCE NAME public.contents_fleetblock_id_seq
    START WITH 1
    INCREMENT BY 1
    NO MINVALUE
    NO MAXVALUE
    CACHE 1
);


--
-- Name: contents_fleetitem; Type: TABLE; Schema: public; Owner: postgresuser
--

CREATE TABLE public.contents_fleetitem (
    id bigint NOT NULL,
    name character varying(200) NOT NULL,
    name_kk character varying(200),
    name_ru character varying(200),
    name_en character varying(200),
    subtitle character varying(300) NOT NULL,
    subtitle_kk character varying(300),
    subtitle_ru character varying(300),
    subtitle_en character varying(300),
    description text NOT NULL,
    description_kk text,
    description_ru text,
    description_en text,
    image character varying(100) NOT NULL,
    "order" integer NOT NULL,
    block_id bigint NOT NULL,
    CONSTRAINT contents_fleetitem_order_check CHECK (("order" >= 0))
);


ALTER TABLE public.contents_fleetitem OWNER TO postgresuser;

--
-- Name: contents_fleetitem_id_seq; Type: SEQUENCE; Schema: public; Owner: postgresuser
--

ALTER TABLE public.contents_fleetitem ALTER COLUMN id ADD GENERATED BY DEFAULT AS IDENTITY (
    SEQUENCE NAME public.contents_fleetitem_id_seq
    START WITH 1
    INCREMENT BY 1
    NO MINVALUE
    NO MAXVALUE
    CACHE 1
);


--
-- Name: contents_fleetspec; Type: TABLE; Schema: public; Owner: postgresuser
--

CREATE TABLE public.contents_fleetspec (
    id bigint NOT NULL,
    key character varying(160) NOT NULL,
    key_kk character varying(160),
    key_ru character varying(160),
    key_en character varying(160),
    value character varying(200) NOT NULL,
    value_kk character varying(200),
    value_ru character varying(200),
    value_en character varying(200),
    "order" integer NOT NULL,
    item_id bigint NOT NULL,
    CONSTRAINT contents_fleetspec_order_check CHECK (("order" >= 0))
);


ALTER TABLE public.contents_fleetspec OWNER TO postgresuser;

--
-- Name: contents_fleetspec_id_seq; Type: SEQUENCE; Schema: public; Owner: postgresuser
--

ALTER TABLE public.contents_fleetspec ALTER COLUMN id ADD GENERATED BY DEFAULT AS IDENTITY (
    SEQUENCE NAME public.contents_fleetspec_id_seq
    START WITH 1
    INCREMENT BY 1
    NO MINVALUE
    NO MAXVALUE
    CACHE 1
);


--
-- Name: contents_galleryblock; Type: TABLE; Schema: public; Owner: postgresuser
--

CREATE TABLE public.contents_galleryblock (
    id bigint NOT NULL,
    slug character varying(50) NOT NULL,
    title character varying(200) NOT NULL,
    title_kk character varying(200),
    title_ru character varying(200),
    title_en character varying(200),
    "order" integer NOT NULL,
    updated timestamp with time zone NOT NULL,
    CONSTRAINT contents_galleryblock_order_check CHECK (("order" >= 0))
);


ALTER TABLE public.contents_galleryblock OWNER TO postgresuser;

--
-- Name: contents_galleryblock_id_seq; Type: SEQUENCE; Schema: public; Owner: postgresuser
--

ALTER TABLE public.contents_galleryblock ALTER COLUMN id ADD GENERATED BY DEFAULT AS IDENTITY (
    SEQUENCE NAME public.contents_galleryblock_id_seq
    START WITH 1
    INCREMENT BY 1
    NO MINVALUE
    NO MAXVALUE
    CACHE 1
);


--
-- Name: contents_galleryblockplacement; Type: TABLE; Schema: public; Owner: postgresuser
--

CREATE TABLE public.contents_galleryblockplacement (
    id bigint NOT NULL,
    page_object_id integer NOT NULL,
    "order" integer NOT NULL,
    block_id bigint NOT NULL,
    page_content_type_id integer NOT NULL,
    CONSTRAINT contents_galleryblockplacement_order_check CHECK (("order" >= 0)),
    CONSTRAINT contents_galleryblockplacement_page_object_id_check CHECK ((page_object_id >= 0))
);


ALTER TABLE public.contents_galleryblockplacement OWNER TO postgresuser;

--
-- Name: contents_galleryblockplacement_id_seq; Type: SEQUENCE; Schema: public; Owner: postgresuser
--

ALTER TABLE public.contents_galleryblockplacement ALTER COLUMN id ADD GENERATED BY DEFAULT AS IDENTITY (
    SEQUENCE NAME public.contents_galleryblockplacement_id_seq
    START WITH 1
    INCREMENT BY 1
    NO MINVALUE
    NO MAXVALUE
    CACHE 1
);


--
-- Name: contents_galleryitem; Type: TABLE; Schema: public; Owner: postgresuser
--

CREATE TABLE public.contents_galleryitem (
    id bigint NOT NULL,
    image character varying(100) NOT NULL,
    alt character varying(200) NOT NULL,
    alt_kk character varying(200),
    alt_ru character varying(200),
    alt_en character varying(200),
    "order" integer NOT NULL,
    block_id bigint NOT NULL,
    CONSTRAINT contents_galleryitem_order_check CHECK (("order" >= 0))
);


ALTER TABLE public.contents_galleryitem OWNER TO postgresuser;

--
-- Name: contents_galleryitem_id_seq; Type: SEQUENCE; Schema: public; Owner: postgresuser
--

ALTER TABLE public.contents_galleryitem ALTER COLUMN id ADD GENERATED BY DEFAULT AS IDENTITY (
    SEQUENCE NAME public.contents_galleryitem_id_seq
    START WITH 1
    INCREMENT BY 1
    NO MINVALUE
    NO MAXVALUE
    CACHE 1
);


--
-- Name: contents_homepage; Type: TABLE; Schema: public; Owner: postgresuser
--

CREATE TABLE public.contents_homepage (
    id bigint NOT NULL,
    hero_title character varying(200) NOT NULL,
    hero_title_kk character varying(200),
    hero_title_ru character varying(200),
    hero_title_en character varying(200),
    hero_subtitle character varying(300) NOT NULL,
    hero_subtitle_kk character varying(300),
    hero_subtitle_ru character varying(300),
    hero_subtitle_en character varying(300),
    meta_title character varying(255) NOT NULL,
    meta_title_kk character varying(255),
    meta_title_ru character varying(255),
    meta_title_en character varying(255),
    meta_description text NOT NULL,
    meta_description_kk text,
    meta_description_ru text,
    meta_description_en text,
    mission_text character varying(300) NOT NULL,
    mission_text_en character varying(300),
    mission_text_kk character varying(300),
    mission_text_ru character varying(300),
    education_title character varying(300) NOT NULL,
    education_title_en character varying(300),
    education_title_kk character varying(300),
    education_title_ru character varying(300)
);


ALTER TABLE public.contents_homepage OWNER TO postgresuser;

--
-- Name: contents_homepage_id_seq; Type: SEQUENCE; Schema: public; Owner: postgresuser
--

ALTER TABLE public.contents_homepage ALTER COLUMN id ADD GENERATED BY DEFAULT AS IDENTITY (
    SEQUENCE NAME public.contents_homepage_id_seq
    START WITH 1
    INCREMENT BY 1
    NO MINVALUE
    NO MAXVALUE
    CACHE 1
);


--
-- Name: contents_menu; Type: TABLE; Schema: public; Owner: postgresuser
--

CREATE TABLE public.contents_menu (
    id bigint NOT NULL,
    slug character varying(50) NOT NULL,
    title character varying(200) NOT NULL,
    title_kk character varying(200),
    title_ru character varying(200),
    title_en character varying(200),
    updated timestamp with time zone NOT NULL
);


ALTER TABLE public.contents_menu OWNER TO postgresuser;

--
-- Name: contents_menu_id_seq; Type: SEQUENCE; Schema: public; Owner: postgresuser
--

ALTER TABLE public.contents_menu ALTER COLUMN id ADD GENERATED BY DEFAULT AS IDENTITY (
    SEQUENCE NAME public.contents_menu_id_seq
    START WITH 1
    INCREMENT BY 1
    NO MINVALUE
    NO MAXVALUE
    CACHE 1
);


--
-- Name: contents_menuitem; Type: TABLE; Schema: public; Owner: postgresuser
--

CREATE TABLE public.contents_menuitem (
    id bigint NOT NULL,
    title character varying(200) NOT NULL,
    title_kk character varying(200),
    title_ru character varying(200),
    title_en character varying(200),
    url_name character varying(200) NOT NULL,
    url_path character varying(500) NOT NULL,
    open_in_new_tab boolean NOT NULL,
    visible boolean NOT NULL,
    "order" integer NOT NULL,
    menu_id bigint NOT NULL,
    CONSTRAINT contents_menuitem_order_check CHECK (("order" >= 0))
);


ALTER TABLE public.contents_menuitem OWNER TO postgresuser;

--
-- Name: contents_menuitem_id_seq; Type: SEQUENCE; Schema: public; Owner: postgresuser
--

ALTER TABLE public.contents_menuitem ALTER COLUMN id ADD GENERATED BY DEFAULT AS IDENTITY (
    SEQUENCE NAME public.contents_menuitem_id_seq
    START WITH 1
    INCREMENT BY 1
    NO MINVALUE
    NO MAXVALUE
    CACHE 1
);


--
-- Name: contents_partnerlogo; Type: TABLE; Schema: public; Owner: postgresuser
--

CREATE TABLE public.contents_partnerlogo (
    id bigint NOT NULL,
    svg_code text NOT NULL,
    "order" integer NOT NULL,
    block_id bigint NOT NULL,
    CONSTRAINT contents_partnerlogo_order_check CHECK (("order" >= 0))
);


ALTER TABLE public.contents_partnerlogo OWNER TO postgresuser;

--
-- Name: contents_partnerlogo_id_seq; Type: SEQUENCE; Schema: public; Owner: postgresuser
--

ALTER TABLE public.contents_partnerlogo ALTER COLUMN id ADD GENERATED BY DEFAULT AS IDENTITY (
    SEQUENCE NAME public.contents_partnerlogo_id_seq
    START WITH 1
    INCREMENT BY 1
    NO MINVALUE
    NO MAXVALUE
    CACHE 1
);


--
-- Name: contents_partnersblock; Type: TABLE; Schema: public; Owner: postgresuser
--

CREATE TABLE public.contents_partnersblock (
    id bigint NOT NULL,
    slug character varying(50) NOT NULL,
    title character varying(200) NOT NULL,
    title_kk character varying(200),
    title_ru character varying(200),
    title_en character varying(200),
    "order" integer NOT NULL,
    updated timestamp with time zone NOT NULL,
    CONSTRAINT contents_partnersblock_order_check CHECK (("order" >= 0))
);


ALTER TABLE public.contents_partnersblock OWNER TO postgresuser;

--
-- Name: contents_partnersblock_id_seq; Type: SEQUENCE; Schema: public; Owner: postgresuser
--

ALTER TABLE public.contents_partnersblock ALTER COLUMN id ADD GENERATED BY DEFAULT AS IDENTITY (
    SEQUENCE NAME public.contents_partnersblock_id_seq
    START WITH 1
    INCREMENT BY 1
    NO MINVALUE
    NO MAXVALUE
    CACHE 1
);


--
-- Name: contents_partnersblockplacement; Type: TABLE; Schema: public; Owner: postgresuser
--

CREATE TABLE public.contents_partnersblockplacement (
    id bigint NOT NULL,
    page_object_id integer NOT NULL,
    "order" integer NOT NULL,
    block_id bigint NOT NULL,
    page_content_type_id integer NOT NULL,
    CONSTRAINT contents_partnersblockplacement_order_check CHECK (("order" >= 0)),
    CONSTRAINT contents_partnersblockplacement_page_object_id_check CHECK ((page_object_id >= 0))
);


ALTER TABLE public.contents_partnersblockplacement OWNER TO postgresuser;

--
-- Name: contents_partnersblockplacement_id_seq; Type: SEQUENCE; Schema: public; Owner: postgresuser
--

ALTER TABLE public.contents_partnersblockplacement ALTER COLUMN id ADD GENERATED BY DEFAULT AS IDENTITY (
    SEQUENCE NAME public.contents_partnersblockplacement_id_seq
    START WITH 1
    INCREMENT BY 1
    NO MINVALUE
    NO MAXVALUE
    CACHE 1
);


--
-- Name: contents_serviceadvantage; Type: TABLE; Schema: public; Owner: postgresuser
--

CREATE TABLE public.contents_serviceadvantage (
    id bigint NOT NULL,
    icon_svg text NOT NULL,
    text text NOT NULL,
    text_kk text,
    text_ru text,
    text_en text,
    "order" integer NOT NULL,
    page_id bigint NOT NULL,
    CONSTRAINT contents_serviceadvantage_order_check CHECK (("order" >= 0))
);


ALTER TABLE public.contents_serviceadvantage OWNER TO postgresuser;

--
-- Name: contents_serviceadvantage_id_seq; Type: SEQUENCE; Schema: public; Owner: postgresuser
--

ALTER TABLE public.contents_serviceadvantage ALTER COLUMN id ADD GENERATED BY DEFAULT AS IDENTITY (
    SEQUENCE NAME public.contents_serviceadvantage_id_seq
    START WITH 1
    INCREMENT BY 1
    NO MINVALUE
    NO MAXVALUE
    CACHE 1
);


--
-- Name: contents_servicebenefit; Type: TABLE; Schema: public; Owner: postgresuser
--

CREATE TABLE public.contents_servicebenefit (
    id bigint NOT NULL,
    name character varying(160) NOT NULL,
    name_kk character varying(160),
    name_ru character varying(160),
    name_en character varying(160),
    value character varying(160) NOT NULL,
    value_kk character varying(160),
    value_ru character varying(160),
    value_en character varying(160),
    "order" integer NOT NULL,
    page_id bigint NOT NULL,
    CONSTRAINT contents_servicebenefit_order_check CHECK (("order" >= 0))
);


ALTER TABLE public.contents_servicebenefit OWNER TO postgresuser;

--
-- Name: contents_servicebenefit_id_seq; Type: SEQUENCE; Schema: public; Owner: postgresuser
--

ALTER TABLE public.contents_servicebenefit ALTER COLUMN id ADD GENERATED BY DEFAULT AS IDENTITY (
    SEQUENCE NAME public.contents_servicebenefit_id_seq
    START WITH 1
    INCREMENT BY 1
    NO MINVALUE
    NO MAXVALUE
    CACHE 1
);


--
-- Name: contents_servicepage; Type: TABLE; Schema: public; Owner: postgresuser
--

CREATE TABLE public.contents_servicepage (
    id bigint NOT NULL,
    slug character varying(50) NOT NULL,
    title character varying(200) NOT NULL,
    title_kk character varying(200),
    title_ru character varying(200),
    title_en character varying(200),
    subtitle text NOT NULL,
    subtitle_kk text,
    subtitle_ru text,
    subtitle_en text,
    meta_title character varying(255) NOT NULL,
    meta_title_kk character varying(255),
    meta_title_ru character varying(255),
    meta_title_en character varying(255),
    meta_description text NOT NULL,
    meta_description_kk text,
    meta_description_ru text,
    meta_description_en text,
    updated timestamp with time zone NOT NULL,
    program_title character varying(200) NOT NULL,
    program_title_en character varying(200),
    program_title_kk character varying(200),
    program_title_ru character varying(200),
    card_icon_svg text NOT NULL,
    card_tags_text character varying(300) NOT NULL,
    services_order integer NOT NULL,
    show boolean NOT NULL,
    card_description_text character varying(300) NOT NULL,
    card_description_text_en character varying(300),
    card_description_text_kk character varying(300),
    card_description_text_ru character varying(300),
    card_tags_text_en character varying(300),
    card_tags_text_kk character varying(300),
    card_tags_text_ru character varying(300),
    card_title_text character varying(300) NOT NULL,
    card_title_text_en character varying(300),
    card_title_text_kk character varying(300),
    card_title_text_ru character varying(300),
    cta_descr character varying(300) NOT NULL,
    cta_descr_en character varying(300),
    cta_descr_kk character varying(300),
    cta_descr_ru character varying(300),
    cta_title character varying(300) NOT NULL,
    cta_title_en character varying(300),
    cta_title_kk character varying(300),
    cta_title_ru character varying(300),
    CONSTRAINT contents_servicepage_services_order_check CHECK ((services_order >= 0))
);


ALTER TABLE public.contents_servicepage OWNER TO postgresuser;

--
-- Name: contents_servicepage_id_seq; Type: SEQUENCE; Schema: public; Owner: postgresuser
--

ALTER TABLE public.contents_servicepage ALTER COLUMN id ADD GENERATED BY DEFAULT AS IDENTITY (
    SEQUENCE NAME public.contents_servicepage_id_seq
    START WITH 1
    INCREMENT BY 1
    NO MINVALUE
    NO MAXVALUE
    CACHE 1
);


--
-- Name: contents_serviceprogramitem; Type: TABLE; Schema: public; Owner: postgresuser
--

CREATE TABLE public.contents_serviceprogramitem (
    id bigint NOT NULL,
    anchor character varying(64) NOT NULL,
    title character varying(200) NOT NULL,
    title_kk character varying(200),
    title_ru character varying(200),
    title_en character varying(200),
    "time" character varying(120) NOT NULL,
    subtitle character varying(300) NOT NULL,
    subtitle_kk character varying(300),
    subtitle_ru character varying(300),
    subtitle_en character varying(300),
    list_text text NOT NULL,
    list_text_kk text,
    list_text_ru text,
    list_text_en text,
    "order" integer NOT NULL,
    page_id bigint NOT NULL,
    image1 character varying(100) NOT NULL,
    image2 character varying(100) NOT NULL,
    image3 character varying(100) NOT NULL,
    time_en character varying(120),
    time_kk character varying(120),
    time_ru character varying(120),
    CONSTRAINT contents_serviceprogramitem_order_check CHECK (("order" >= 0))
);


ALTER TABLE public.contents_serviceprogramitem OWNER TO postgresuser;

--
-- Name: contents_serviceprogramitem_id_seq; Type: SEQUENCE; Schema: public; Owner: postgresuser
--

ALTER TABLE public.contents_serviceprogramitem ALTER COLUMN id ADD GENERATED BY DEFAULT AS IDENTITY (
    SEQUENCE NAME public.contents_serviceprogramitem_id_seq
    START WITH 1
    INCREMENT BY 1
    NO MINVALUE
    NO MAXVALUE
    CACHE 1
);


--
-- Name: contents_serviceslide; Type: TABLE; Schema: public; Owner: postgresuser
--

CREATE TABLE public.contents_serviceslide (
    id bigint NOT NULL,
    image character varying(100) NOT NULL,
    alt character varying(200) NOT NULL,
    "order" integer NOT NULL,
    page_id bigint NOT NULL,
    CONSTRAINT contents_serviceslide_order_check CHECK (("order" >= 0))
);


ALTER TABLE public.contents_serviceslide OWNER TO postgresuser;

--
-- Name: contents_serviceslide_id_seq; Type: SEQUENCE; Schema: public; Owner: postgresuser
--

ALTER TABLE public.contents_serviceslide ALTER COLUMN id ADD GENERATED BY DEFAULT AS IDENTITY (
    SEQUENCE NAME public.contents_serviceslide_id_seq
    START WITH 1
    INCREMENT BY 1
    NO MINVALUE
    NO MAXVALUE
    CACHE 1
);


--
-- Name: contents_sociallinkitem; Type: TABLE; Schema: public; Owner: postgresuser
--

CREATE TABLE public.contents_sociallinkitem (
    id bigint NOT NULL,
    label character varying(120) NOT NULL,
    label_kk character varying(120),
    label_ru character varying(120),
    label_en character varying(120),
    url character varying(500) NOT NULL,
    svg_code text NOT NULL,
    "order" integer NOT NULL,
    block_id bigint NOT NULL,
    CONSTRAINT contents_sociallinkitem_order_check CHECK (("order" >= 0))
);


ALTER TABLE public.contents_sociallinkitem OWNER TO postgresuser;

--
-- Name: contents_sociallinkitem_id_seq; Type: SEQUENCE; Schema: public; Owner: postgresuser
--

ALTER TABLE public.contents_sociallinkitem ALTER COLUMN id ADD GENERATED BY DEFAULT AS IDENTITY (
    SEQUENCE NAME public.contents_sociallinkitem_id_seq
    START WITH 1
    INCREMENT BY 1
    NO MINVALUE
    NO MAXVALUE
    CACHE 1
);


--
-- Name: contents_sociallinksblock; Type: TABLE; Schema: public; Owner: postgresuser
--

CREATE TABLE public.contents_sociallinksblock (
    id bigint NOT NULL,
    slug character varying(50) NOT NULL,
    title character varying(200) NOT NULL,
    title_kk character varying(200),
    title_ru character varying(200),
    title_en character varying(200),
    "order" integer NOT NULL,
    updated timestamp with time zone NOT NULL,
    CONSTRAINT contents_sociallinksblock_order_check CHECK (("order" >= 0))
);


ALTER TABLE public.contents_sociallinksblock OWNER TO postgresuser;

--
-- Name: contents_sociallinksblock_id_seq; Type: SEQUENCE; Schema: public; Owner: postgresuser
--

ALTER TABLE public.contents_sociallinksblock ALTER COLUMN id ADD GENERATED BY DEFAULT AS IDENTITY (
    SEQUENCE NAME public.contents_sociallinksblock_id_seq
    START WITH 1
    INCREMENT BY 1
    NO MINVALUE
    NO MAXVALUE
    CACHE 1
);


--
-- Name: contents_sociallinksblockplacement; Type: TABLE; Schema: public; Owner: postgresuser
--

CREATE TABLE public.contents_sociallinksblockplacement (
    id bigint NOT NULL,
    page_object_id integer NOT NULL,
    "order" integer NOT NULL,
    block_id bigint NOT NULL,
    page_content_type_id integer NOT NULL,
    CONSTRAINT contents_sociallinksblockplacement_order_check CHECK (("order" >= 0)),
    CONSTRAINT contents_sociallinksblockplacement_page_object_id_check CHECK ((page_object_id >= 0))
);


ALTER TABLE public.contents_sociallinksblockplacement OWNER TO postgresuser;

--
-- Name: contents_sociallinksblockplacement_id_seq; Type: SEQUENCE; Schema: public; Owner: postgresuser
--

ALTER TABLE public.contents_sociallinksblockplacement ALTER COLUMN id ADD GENERATED BY DEFAULT AS IDENTITY (
    SEQUENCE NAME public.contents_sociallinksblockplacement_id_seq
    START WITH 1
    INCREMENT BY 1
    NO MINVALUE
    NO MAXVALUE
    CACHE 1
);


--
-- Name: contents_teamblock; Type: TABLE; Schema: public; Owner: postgresuser
--

CREATE TABLE public.contents_teamblock (
    id bigint NOT NULL,
    slug character varying(50) NOT NULL,
    title character varying(200) NOT NULL,
    title_kk character varying(200),
    title_ru character varying(200),
    title_en character varying(200),
    "order" integer NOT NULL,
    updated timestamp with time zone NOT NULL,
    CONSTRAINT contents_teamblock_order_check CHECK (("order" >= 0))
);


ALTER TABLE public.contents_teamblock OWNER TO postgresuser;

--
-- Name: contents_teamblock_id_seq; Type: SEQUENCE; Schema: public; Owner: postgresuser
--

ALTER TABLE public.contents_teamblock ALTER COLUMN id ADD GENERATED BY DEFAULT AS IDENTITY (
    SEQUENCE NAME public.contents_teamblock_id_seq
    START WITH 1
    INCREMENT BY 1
    NO MINVALUE
    NO MAXVALUE
    CACHE 1
);


--
-- Name: contents_teamblockplacement; Type: TABLE; Schema: public; Owner: postgresuser
--

CREATE TABLE public.contents_teamblockplacement (
    id bigint NOT NULL,
    page_object_id integer NOT NULL,
    "order" integer NOT NULL,
    block_id bigint NOT NULL,
    page_content_type_id integer NOT NULL,
    CONSTRAINT contents_teamblockplacement_order_check CHECK (("order" >= 0)),
    CONSTRAINT contents_teamblockplacement_page_object_id_check CHECK ((page_object_id >= 0))
);


ALTER TABLE public.contents_teamblockplacement OWNER TO postgresuser;

--
-- Name: contents_teamblockplacement_id_seq; Type: SEQUENCE; Schema: public; Owner: postgresuser
--

ALTER TABLE public.contents_teamblockplacement ALTER COLUMN id ADD GENERATED BY DEFAULT AS IDENTITY (
    SEQUENCE NAME public.contents_teamblockplacement_id_seq
    START WITH 1
    INCREMENT BY 1
    NO MINVALUE
    NO MAXVALUE
    CACHE 1
);


--
-- Name: contents_teammember; Type: TABLE; Schema: public; Owner: postgresuser
--

CREATE TABLE public.contents_teammember (
    id bigint NOT NULL,
    name character varying(160) NOT NULL,
    name_kk character varying(160),
    name_ru character varying(160),
    name_en character varying(160),
    post character varying(160) NOT NULL,
    post_kk character varying(160),
    post_ru character varying(160),
    post_en character varying(160),
    description text NOT NULL,
    description_kk text,
    description_ru text,
    description_en text,
    "order" integer NOT NULL,
    block_id bigint NOT NULL,
    photo character varying(100) NOT NULL,
    CONSTRAINT contents_teammember_order_check CHECK (("order" >= 0))
);


ALTER TABLE public.contents_teammember OWNER TO postgresuser;

--
-- Name: contents_teammember_id_seq; Type: SEQUENCE; Schema: public; Owner: postgresuser
--

ALTER TABLE public.contents_teammember ALTER COLUMN id ADD GENERATED BY DEFAULT AS IDENTITY (
    SEQUENCE NAME public.contents_teammember_id_seq
    START WITH 1
    INCREMENT BY 1
    NO MINVALUE
    NO MAXVALUE
    CACHE 1
);


--
-- Name: django_admin_log; Type: TABLE; Schema: public; Owner: postgresuser
--

CREATE TABLE public.django_admin_log (
    id integer NOT NULL,
    action_time timestamp with time zone NOT NULL,
    object_id text,
    object_repr character varying(200) NOT NULL,
    action_flag smallint NOT NULL,
    change_message text NOT NULL,
    content_type_id integer,
    user_id integer NOT NULL,
    CONSTRAINT django_admin_log_action_flag_check CHECK ((action_flag >= 0))
);


ALTER TABLE public.django_admin_log OWNER TO postgresuser;

--
-- Name: django_admin_log_id_seq; Type: SEQUENCE; Schema: public; Owner: postgresuser
--

ALTER TABLE public.django_admin_log ALTER COLUMN id ADD GENERATED BY DEFAULT AS IDENTITY (
    SEQUENCE NAME public.django_admin_log_id_seq
    START WITH 1
    INCREMENT BY 1
    NO MINVALUE
    NO MAXVALUE
    CACHE 1
);


--
-- Name: django_content_type; Type: TABLE; Schema: public; Owner: postgresuser
--

CREATE TABLE public.django_content_type (
    id integer NOT NULL,
    app_label character varying(100) NOT NULL,
    model character varying(100) NOT NULL
);


ALTER TABLE public.django_content_type OWNER TO postgresuser;

--
-- Name: django_content_type_id_seq; Type: SEQUENCE; Schema: public; Owner: postgresuser
--

ALTER TABLE public.django_content_type ALTER COLUMN id ADD GENERATED BY DEFAULT AS IDENTITY (
    SEQUENCE NAME public.django_content_type_id_seq
    START WITH 1
    INCREMENT BY 1
    NO MINVALUE
    NO MAXVALUE
    CACHE 1
);


--
-- Name: django_migrations; Type: TABLE; Schema: public; Owner: postgresuser
--

CREATE TABLE public.django_migrations (
    id bigint NOT NULL,
    app character varying(255) NOT NULL,
    name character varying(255) NOT NULL,
    applied timestamp with time zone NOT NULL
);


ALTER TABLE public.django_migrations OWNER TO postgresuser;

--
-- Name: django_migrations_id_seq; Type: SEQUENCE; Schema: public; Owner: postgresuser
--

ALTER TABLE public.django_migrations ALTER COLUMN id ADD GENERATED BY DEFAULT AS IDENTITY (
    SEQUENCE NAME public.django_migrations_id_seq
    START WITH 1
    INCREMENT BY 1
    NO MINVALUE
    NO MAXVALUE
    CACHE 1
);


--
-- Name: django_session; Type: TABLE; Schema: public; Owner: postgresuser
--

CREATE TABLE public.django_session (
    session_key character varying(40) NOT NULL,
    session_data text NOT NULL,
    expire_date timestamp with time zone NOT NULL
);


ALTER TABLE public.django_session OWNER TO postgresuser;

--
-- Name: django_site; Type: TABLE; Schema: public; Owner: postgresuser
--

CREATE TABLE public.django_site (
    id integer NOT NULL,
    domain character varying(100) NOT NULL,
    name character varying(50) NOT NULL
);


ALTER TABLE public.django_site OWNER TO postgresuser;

--
-- Name: django_site_id_seq; Type: SEQUENCE; Schema: public; Owner: postgresuser
--

ALTER TABLE public.django_site ALTER COLUMN id ADD GENERATED BY DEFAULT AS IDENTITY (
    SEQUENCE NAME public.django_site_id_seq
    START WITH 1
    INCREMENT BY 1
    NO MINVALUE
    NO MAXVALUE
    CACHE 1
);


--
-- Name: feedback_feedbackaction; Type: TABLE; Schema: public; Owner: postgresuser
--

CREATE TABLE public.feedback_feedbackaction (
    id bigint NOT NULL,
    slug character varying(50) NOT NULL,
    label character varying(200) NOT NULL,
    label_kk character varying(200),
    label_ru character varying(200),
    label_en character varying(200),
    modal_title character varying(200) NOT NULL,
    modal_title_kk character varying(200),
    modal_title_ru character varying(200),
    modal_title_en character varying(200),
    submit_label character varying(120) NOT NULL,
    submit_label_kk character varying(120),
    submit_label_ru character varying(120),
    submit_label_en character varying(120),
    updated timestamp with time zone NOT NULL,
    name_label character varying(120) NOT NULL,
    phone_label character varying(120) NOT NULL,
    name_label_en character varying(120),
    name_label_kk character varying(120),
    name_label_ru character varying(120),
    phone_label_en character varying(120),
    phone_label_kk character varying(120),
    phone_label_ru character varying(120),
    success_message character varying(200) NOT NULL,
    success_message_en character varying(200),
    success_message_kk character varying(200),
    success_message_ru character varying(200)
);


ALTER TABLE public.feedback_feedbackaction OWNER TO postgresuser;

--
-- Name: feedback_feedbackaction_id_seq; Type: SEQUENCE; Schema: public; Owner: postgresuser
--

ALTER TABLE public.feedback_feedbackaction ALTER COLUMN id ADD GENERATED BY DEFAULT AS IDENTITY (
    SEQUENCE NAME public.feedback_feedbackaction_id_seq
    START WITH 1
    INCREMENT BY 1
    NO MINVALUE
    NO MAXVALUE
    CACHE 1
);


--
-- Name: feedback_feedbacksubmission; Type: TABLE; Schema: public; Owner: postgresuser
--

CREATE TABLE public.feedback_feedbacksubmission (
    id bigint NOT NULL,
    page character varying(500) NOT NULL,
    name character varying(200) NOT NULL,
    phone character varying(100) NOT NULL,
    locale character varying(10) NOT NULL,
    created timestamp with time zone NOT NULL,
    action_id bigint
);


ALTER TABLE public.feedback_feedbacksubmission OWNER TO postgresuser;

--
-- Name: feedback_feedbacksubmission_id_seq; Type: SEQUENCE; Schema: public; Owner: postgresuser
--

ALTER TABLE public.feedback_feedbacksubmission ALTER COLUMN id ADD GENERATED BY DEFAULT AS IDENTITY (
    SEQUENCE NAME public.feedback_feedbacksubmission_id_seq
    START WITH 1
    INCREMENT BY 1
    NO MINVALUE
    NO MAXVALUE
    CACHE 1
);


--
-- Data for Name: auth_group; Type: TABLE DATA; Schema: public; Owner: postgresuser
--

COPY public.auth_group (id, name) FROM stdin;
\.


--
-- Data for Name: auth_group_permissions; Type: TABLE DATA; Schema: public; Owner: postgresuser
--

COPY public.auth_group_permissions (id, group_id, permission_id) FROM stdin;
\.


--
-- Data for Name: auth_permission; Type: TABLE DATA; Schema: public; Owner: postgresuser
--

COPY public.auth_permission (id, name, content_type_id, codename) FROM stdin;
1	Can add log entry	1	add_logentry
2	Can change log entry	1	change_logentry
3	Can delete log entry	1	delete_logentry
4	Can view log entry	1	view_logentry
5	Can add permission	2	add_permission
6	Can change permission	2	change_permission
7	Can delete permission	2	delete_permission
8	Can view permission	2	view_permission
9	Can add group	3	add_group
10	Can change group	3	change_group
11	Can delete group	3	delete_group
12	Can view group	3	view_group
13	Can add user	4	add_user
14	Can change user	4	change_user
15	Can delete user	4	delete_user
16	Can view user	4	view_user
17	Can add content type	5	add_contenttype
18	Can change content type	5	change_contenttype
19	Can delete content type	5	delete_contenttype
20	Can view content type	5	view_contenttype
21	Can add session	6	add_session
22	Can change session	6	change_session
23	Can delete session	6	delete_session
24	Can view session	6	view_session
25	Can add Home page	7	add_homepage
26	Can change Home page	7	change_homepage
27	Can delete Home page	7	delete_homepage
28	Can view Home page	7	view_homepage
29	Can add Benefit section	8	add_benefitsection
30	Can change Benefit section	8	change_benefitsection
31	Can delete Benefit section	8	delete_benefitsection
32	Can view Benefit section	8	view_benefitsection
33	Can add Benefit item	9	add_benefititem
34	Can change Benefit item	9	change_benefititem
35	Can delete Benefit item	9	delete_benefititem
36	Can view Benefit item	9	view_benefititem
37	Can add About page	10	add_aboutpage
38	Can change About page	10	change_aboutpage
39	Can delete About page	10	delete_aboutpage
40	Can view About page	10	view_aboutpage
41	Can add Team block	11	add_teamblock
42	Can change Team block	11	change_teamblock
43	Can delete Team block	11	delete_teamblock
44	Can view Team block	11	view_teamblock
45	Can add Team member	12	add_teammember
46	Can change Team member	12	change_teammember
47	Can delete Team member	12	delete_teammember
48	Can view Team member	12	view_teammember
49	Can add Team block placement	13	add_teamblockplacement
50	Can change Team block placement	13	change_teamblockplacement
51	Can delete Team block placement	13	delete_teamblockplacement
52	Can view Team block placement	13	view_teamblockplacement
53	Can add Partners block	14	add_partnersblock
54	Can change Partners block	14	change_partnersblock
55	Can delete Partners block	14	delete_partnersblock
56	Can view Partners block	14	view_partnersblock
57	Can add Partner logo	15	add_partnerlogo
58	Can change Partner logo	15	change_partnerlogo
59	Can delete Partner logo	15	delete_partnerlogo
60	Can view Partner logo	15	view_partnerlogo
61	Can add Partners block placement	16	add_partnersblockplacement
62	Can change Partners block placement	16	change_partnersblockplacement
63	Can delete Partners block placement	16	delete_partnersblockplacement
64	Can view Partners block placement	16	view_partnersblockplacement
65	Can add Gallery block	17	add_galleryblock
66	Can change Gallery block	17	change_galleryblock
67	Can delete Gallery block	17	delete_galleryblock
68	Can view Gallery block	17	view_galleryblock
69	Can add Gallery item	18	add_galleryitem
70	Can change Gallery item	18	change_galleryitem
71	Can delete Gallery item	18	delete_galleryitem
72	Can view Gallery item	18	view_galleryitem
73	Can add Gallery block placement	19	add_galleryblockplacement
74	Can change Gallery block placement	19	change_galleryblockplacement
75	Can delete Gallery block placement	19	delete_galleryblockplacement
76	Can view Gallery block placement	19	view_galleryblockplacement
77	Can add Social links block	20	add_sociallinksblock
78	Can change Social links block	20	change_sociallinksblock
79	Can delete Social links block	20	delete_sociallinksblock
80	Can view Social links block	20	view_sociallinksblock
81	Can add Social link	21	add_sociallinkitem
82	Can change Social link	21	change_sociallinkitem
83	Can delete Social link	21	delete_sociallinkitem
84	Can view Social link	21	view_sociallinkitem
85	Can add Social links block placement	22	add_sociallinksblockplacement
86	Can change Social links block placement	22	change_sociallinksblockplacement
87	Can delete Social links block placement	22	delete_sociallinksblockplacement
88	Can view Social links block placement	22	view_sociallinksblockplacement
89	Can add Menu	23	add_menu
90	Can change Menu	23	change_menu
91	Can delete Menu	23	delete_menu
92	Can view Menu	23	view_menu
93	Can add Menu item	24	add_menuitem
94	Can change Menu item	24	change_menuitem
95	Can delete Menu item	24	delete_menuitem
96	Can view Menu item	24	view_menuitem
97	Can add Service page	25	add_servicepage
98	Can change Service page	25	change_servicepage
99	Can delete Service page	25	delete_servicepage
100	Can view Service page	25	view_servicepage
101	Can add Service benefit	26	add_servicebenefit
102	Can change Service benefit	26	change_servicebenefit
103	Can delete Service benefit	26	delete_servicebenefit
104	Can view Service benefit	26	view_servicebenefit
105	Can add Service advantage	27	add_serviceadvantage
106	Can change Service advantage	27	change_serviceadvantage
107	Can delete Service advantage	27	delete_serviceadvantage
108	Can view Service advantage	27	view_serviceadvantage
109	Can add Program item	28	add_serviceprogramitem
110	Can change Program item	28	change_serviceprogramitem
111	Can delete Program item	28	delete_serviceprogramitem
112	Can view Program item	28	view_serviceprogramitem
113	Can add Service slide	29	add_serviceslide
114	Can change Service slide	29	change_serviceslide
115	Can delete Service slide	29	delete_serviceslide
116	Can view Service slide	29	view_serviceslide
117	Can add Fleet block	30	add_fleetblock
118	Can change Fleet block	30	change_fleetblock
119	Can delete Fleet block	30	delete_fleetblock
120	Can view Fleet block	30	view_fleetblock
121	Can add Fleet item	31	add_fleetitem
122	Can change Fleet item	31	change_fleetitem
123	Can delete Fleet item	31	delete_fleetitem
124	Can view Fleet item	31	view_fleetitem
125	Can add Fleet spec	32	add_fleetspec
126	Can change Fleet spec	32	change_fleetspec
127	Can delete Fleet spec	32	delete_fleetspec
128	Can view Fleet spec	32	view_fleetspec
129	Can add FAQ block	33	add_faqblock
130	Can change FAQ block	33	change_faqblock
131	Can delete FAQ block	33	delete_faqblock
132	Can view FAQ block	33	view_faqblock
133	Can add FAQ item	34	add_faqitem
134	Can change FAQ item	34	change_faqitem
135	Can delete FAQ item	34	delete_faqitem
136	Can view FAQ item	34	view_faqitem
137	Can add Contact page	35	add_contactpage
138	Can change Contact page	35	change_contactpage
139	Can delete Contact page	35	delete_contactpage
140	Can view Contact page	35	view_contactpage
141	Can add Feedback action	36	add_feedbackaction
142	Can change Feedback action	36	change_feedbackaction
143	Can delete Feedback action	36	delete_feedbackaction
144	Can view Feedback action	36	view_feedbackaction
145	Can add Feedback submission	37	add_feedbacksubmission
146	Can change Feedback submission	37	change_feedbacksubmission
147	Can delete Feedback submission	37	delete_feedbacksubmission
148	Can view Feedback submission	37	view_feedbacksubmission
149	Can add Blog post	38	add_blogpost
150	Can change Blog post	38	change_blogpost
151	Can delete Blog post	38	delete_blogpost
152	Can view Blog post	38	view_blogpost
153	Can add Blog settings	39	add_blogsettings
154	Can change Blog settings	39	change_blogsettings
155	Can delete Blog settings	39	delete_blogsettings
156	Can view Blog settings	39	view_blogsettings
157	Can add site	40	add_site
158	Can change site	40	change_site
159	Can delete site	40	delete_site
160	Can view site	40	view_site
\.


--
-- Data for Name: auth_user; Type: TABLE DATA; Schema: public; Owner: postgresuser
--

COPY public.auth_user (id, password, last_login, is_superuser, username, first_name, last_name, email, is_staff, is_active, date_joined) FROM stdin;
1	pbkdf2_sha256$1000000$tZlgUU2UkRxYzI817UyyXP$sjivqwkPgDJSJWf4I2ZBkYjGIaRHJMDaplm+SX1RXCY=	2025-10-25 12:18:15.428267+00	t	dpa-azai				t	t	2025-09-02 02:50:28.020361+00
\.


--
-- Data for Name: auth_user_groups; Type: TABLE DATA; Schema: public; Owner: postgresuser
--

COPY public.auth_user_groups (id, user_id, group_id) FROM stdin;
\.


--
-- Data for Name: auth_user_user_permissions; Type: TABLE DATA; Schema: public; Owner: postgresuser
--

COPY public.auth_user_user_permissions (id, user_id, permission_id) FROM stdin;
\.


--
-- Data for Name: blog_blogpost; Type: TABLE DATA; Schema: public; Owner: postgresuser
--

COPY public.blog_blogpost (id, slug, title, title_kk, title_ru, title_en, subtitle, subtitle_kk, subtitle_ru, subtitle_en, author, published_at, tags_text, image, body_md, body_md_kk, body_md_ru, body_md_en, meta_title, meta_title_kk, meta_title_ru, meta_title_en, meta_description, meta_description_kk, meta_description_ru, meta_description_en, is_published, updated, tags_text_en, tags_text_kk, tags_text_ru, author_en, author_kk, author_ru, image_title, subject, subject_en, subject_kk, subject_ru) FROM stdin;
2	novyj-zakon-otvetstvennost-za-pomehi-vozdushnym-su	 :       	 :       .	 :       	New Law: Responsibility for Interfering with Aircraft in Kazakhstan.	    ,    .      ,     (,   . .),   .	      .    (,   ..)           .	    ,    .      ,     (,   . .),   .	Kazakhstan has adopted a new law concerning flight safety. Serious penalties are now in place for the use of lasers or drones that interfere with the control of aircraft (planes, helicopters, etc.).	 	2025-09-23 07:54:55+00		blog/ChatGPT_Image_23_._2025_._13_05_01_1_1.jpg	    ,    .      ,     (,   . .),   .\r\n\r\n  ?\r\n\r\n-       .\r\n-   (),    .\r\n\r\n    ?\r\n\r\n-    :\r\n  200  ( 700 000   2025 )  / ,    50 .\r\n\r\n-  -       :\r\n  3000  ( 10  ),     1000 ,       4 .\r\n\r\n-  -   :\r\n   3  8 .\r\n\r\n-      :\r\n   6  10 .\r\n\r\n   ?\r\n\r\n        .          ,        .       ,          .	    ?\r\n\r\n-      .  \r\n-      () .\r\n\r\n    ?\r\n\r\n-      : 200 -   (2025   700 000 )  / ,  50    .\r\n\r\n-          : 3000 -   ( 10  ),  1000    ,      4    .\r\n\r\n-      : 3  8     .\r\n\r\n-         : 6  10     .\r\n\r\n   ?\r\n\r\n        .             .       ,         .	    ,    .      ,     (,   . .),   .\r\n\r\n  ?\r\n\r\n-       .\r\n-   (),    .\r\n\r\n    ?\r\n\r\n-    :\r\n  200  ( 700 000   2025 )  / ,    50 .\r\n\r\n-  -       :\r\n  3000  ( 10  ),     1000 ,       4 .\r\n\r\n-  -   :\r\n   3  8 .\r\n\r\n-      :\r\n   6  10 .\r\n\r\n   ?\r\n\r\n        .          ,        .       ,          .	What is considered a violation?\r\n\r\n- Shining a laser beam at a plane or helicopter.\r\n- Using a drone that poses a threat to flights.\r\n\r\nWhat fines and penalties are provided?\r\n\r\n- If you simply interfere with control: A fine of up to 200 MCI (approximately 700,000 KZT in 2025) or correctional/community service, or arrest for up to 50 days.\r\n\r\n- If a person is harmed or significant damage is caused as a result: A fine of up to 3000 MCI (approximately 10 million KZT), or community service for up to 1000 hours, or restriction of liberty or imprisonment for up to 4 years.\r\n\r\n- If a person dies as a result: Imprisonment from 3 to 8 years.\r\n\r\n- If two or more people die: Imprisonment from 6 to 10 years.\r\n\r\nWhy was this law adopted?\r\n\r\nThe main goal is to protect passengers and aircraft crews. Recently, both globally and locally, there have been cases where drones or lasers create a danger to planes. Even a small drone can lead to an accident, and a laser can blind a pilot during landing or takeoff.	   :     ,   | aerialsoltions.kz drone pilot academy	  :         | aerialsoltions.kz drone pilot academy	   :     ,   | aerialsoltions.kz drone pilot academy	New Law in Kazakhstan: Fines for Drones and Lasers Interfering with Flights | aerialsoltions.kz drone pilot academy	        :            .	        :            .	        :            .	Kazakhstan has introduced strict penalties for threatening flight safety: the use of drones or lasers against aircraft now carries the risk of large fines and imprisonment.	t	2025-09-23 12:27:37.883825+00	\N	\N	\N	Maulen Nuralievich	 	 		 	New Law	 	 
3	budushee-bespilotnikov-v-kazahstane-chto-izmenitsy	   :     	   :     	   :     	The Future of Drones in Kazakhstan: What Will Change After the President's Address	       :              .  ,           ,    	      :              .       ,         	       :              .  ,           ,    	In a recent address to the nation, the president made an important point: unmanned technologies are actively developing worldwide, from cars to delivery drones. The president emphasized that the government should create all the necessary conditions for the accelerated implementation of these technol	 	2025-09-23 08:58:24+00	  ,    ,    ,   ,   ,   ,   ,   ,   2025	blog/budushchee-bespilotnikov-v-kazakhstane-chto-izmenitsia-posle-poslaniia-prezidenta-415b920c.jpg	     ?\r\n\r\n       .  ,   :\r\n\r\n-   ,   ;\r\n-         ;\r\n-       \r\n\r\n     ,     ,       .\r\n\r\n  :   \r\n\r\n     .   ,       .       ,       .\r\n\r\n         . :\r\n\r\n-    ,       ;\r\n-       ;\r\n-     .\r\n\r\n      ,     .\r\n\r\n  \r\n\r\n  ,             .  ,           ,     ,   .	     ?\r\n\r\n      .  ,  :\r\n\r\n-       ;\r\n-   ,  ;\r\n-       .\r\n\r\n    ,     , ,    .\r\n\r\n  :   \r\n\r\n     .  ,       .      ,      .\r\n\r\n        . :\r\n\r\n-        ;\r\n-    -  - ;\r\n-   .\r\n\r\n      ,     .\r\n\r\n  \r\n\r\n           .         , ,         .	     ?\r\n\r\n       .  ,   :\r\n\r\n-   ,   ;\r\n-         ;\r\n-       \r\n\r\n     ,     ,       .\r\n\r\n  :   \r\n\r\n     .   ,       .       ,       .\r\n\r\n         . :\r\n\r\n-    ,       ;\r\n-       ;\r\n-     .\r\n\r\n      ,     .\r\n\r\n  \r\n\r\n  ,             .  ,           ,     ,   .	What does this mean for the drone industry?\r\n\r\nThis statement is a serious signal for the market. Most likely, in the near future:\r\n\r\n- new laws will appear to regulate drone use;\r\n- existing rules will be modernized and made more understandable;\r\n- the process of certification and obtaining permits will become more transparent.\r\n\r\nAll of this will simplify drone operations, make them clearer and safer, which means the market will begin to grow faster.\r\n\r\nDelivery Drones: Prospects and Doubts\r\n\r\nA separate issue is the delivery of goods by drones. In my opinion, delivery within the city is still a questionable idea. It's simpler and cheaper to send a courier on a scooter than to launch an expensive drone costing several million.\r\n\r\nHowever, long-distance delivery is a truly promising direction. For example:\r\n\r\n- delivering goods to areas with poor or non-existent roads;\r\n- delivering medicines and food to remote villages;\r\n- use in emergency situations.\r\n\r\nIn such cases, drones can be faster, cheaper, and more reliable than traditional transport.\r\n\r\nWhy this is important\r\n\r\nThe very fact that the president is raising the topic of unmanned aerial vehicles at the state level is a very good sign. It means that in the coming years, the drone industry in Kazakhstan will begin to develop actively, opening up new opportunities for business, technology, and society.	      	     	      	The Future of Drones in Kazakhstan After the Presidents Address	      .       .     aerialsolutions.kz, Drone Pilot Academy.	      .       .    aerialsolutions.kz, Drone Pilot Academy .	      .       .     aerialsolutions.kz, Drone Pilot Academy.	The President of Kazakhstan announced the development of unmanned technologies. New laws and regulations will simplify drone use. Delivery prospects and the role of aerialsolutions.kz, Drone Pilot Academy.	t	2025-09-23 11:27:04.465328+00	Presidents Address Drones, Future Of Drones In Kazakhstan, New Drone Laws, Drone Delivery Kazakhstan, Development Of Unmanned Technologies, Cargo Drones Kazakhstan, Unmanned Transport Kazakhstan, Drone Legislation, Drone Prospects 2025	  ,   ,    ,   ,   ,   ,   ,   , 2025   	  ,    ,    ,   ,   ,   ,   ,   ,   2025	Maulen Nuralievich	 	 	   :     	   	The Future of Drones in Kazakhstan	   	   
\.


--
-- Data for Name: blog_blogsettings; Type: TABLE DATA; Schema: public; Owner: postgresuser
--

COPY public.blog_blogsettings (id, title, title_kk, title_ru, title_en, meta_title, meta_title_kk, meta_title_ru, meta_title_en, meta_description, meta_description_kk, meta_description_ru, meta_description_en, meta_keywords, meta_keywords_kk, meta_keywords_ru, meta_keywords_en) FROM stdin;
1				News			\N	\N	 Drone Pilot Academy,   ,  ,    ,     ,  Aerial Solutions  .	Drone Pilot Academy ,   ,   ,   ,    , Aerial Solutions  .	 Drone Pilot Academy,   ,  ,    ,     ,  Aerial Solutions  .	Drone Pilot Academy news, UAV news Kazakhstan, drone news, UAV world events, drone pilot training news, LLP Aerial Solutions news.	    Drone Pilot Academy.    , ,           ()  .	Drone Pilot Academy-    .  , ,        ()     .	    Drone Pilot Academy.    , ,           ()  .	Stay up to date with the latest news from Drone Pilot Academy. Learn about new courses, promotions, pilot certification, and the latest events in the world of unmanned aerial vehicles (UAVs) in Kazakhstan.
\.


--
-- Data for Name: contents_aboutpage; Type: TABLE DATA; Schema: public; Owner: postgresuser
--

COPY public.contents_aboutpage (id, title, meta_title, meta_description, meta_description_en, meta_description_kk, meta_description_ru, meta_title_en, meta_title_kk, meta_title_ru, title_en, title_kk, title_ru, mission_text, mission_text_en, mission_text_kk, mission_text_ru, subtitle, subtitle_en, subtitle_kk, subtitle_ru, education_title, education_title_en, education_title_kk, education_title_ru) FROM stdin;
1	Drone <br> Pilot Academy	     |   | Drone Pilot Academy	     .      .        ,    .     Drone Pilot Academy.	Professional UAV pilot training in Kazakhstan. Licensed courses for all drone categories. Obtain your certificate and start a career in aerial photography, inspections, and agriculture. Enroll in Drone Pilot Academy today.	    .      .  , ,       . Drone Pilot Academy-  .	     .      .        ,    .     Drone Pilot Academy.	Drone Pilot Training in Kazakhstan | UAV Courses | Drone Pilot Academy	    |   | Drone Pilot Academy	     |   | Drone Pilot Academy	Drone <br> Pilot Academy	Drone <br> Pilot Academy	Drone <br> Pilot Academy	             :    ,     .     ,       .	We strive to enhance your ability to apply this knowledge in various fields: from aerial photography to cartography, from construction to state aviation. We are shaping the future of unmanned aviation by preparing pilots for high-tech and safe operations.	         ,         .         ,    .	             :    ,     .     ,       .	   <br>    	Training with UAS certification <br> of all categories across Kazakhstan	    <br>   	   <br>    	  	UAS operator training	  	  
\.


--
-- Data for Name: contents_benefititem; Type: TABLE DATA; Schema: public; Owner: postgresuser
--

COPY public.contents_benefititem (id, label, label_kk, label_ru, label_en, detail, detail_kk, detail_ru, detail_en, "order", section_id) FROM stdin;
3		\N	\N	\N	   <br> 	   <br> 	   <br> 	State certificates <br>of all categories	0	1
4		\N	\N	\N	 <br>  	  <br> 	 <br>  	Drone pilots <br> community	0	1
2	5000	5000	5000	5000	  	C   	  	Over flight hours	0	1
1	500	500	500	500	   <br>  	  <br>   	   <br>  	Participants received their <br> operator certificates	0	1
5	500	500	500	500	   <br>  	  <br>   	   <br>  	Participants received their <br> operator certificates	0	2
6	5000	5000	5000	5000	  	C   	  	Over flight hours	0	2
7		\N	\N	\N	   <br> 	   <br> 	   <br> 	State certificates <br>of all categories	0	2
8		\N	\N	\N	 <br>  	  <br> 	 <br>  	Drone pilots <br> community	0	2
\.


--
-- Data for Name: contents_benefitsection; Type: TABLE DATA; Schema: public; Owner: postgresuser
--

COPY public.contents_benefitsection (id, title, title_kk, title_ru, title_en, "order", slug) FROM stdin;
1	1   |     |   .  |  , |  c  |  .	  |  1   |.   |  |   .	1   |     |   .  |  , |  c  |  .	The 1 aviation training | center in Kazakhstan for drone | operators. We conduct training under | programs approved by the Aviation | Administration of Kazakhstan.	0	home-benefits
2	1   |     |   .  |  , |  c  |  .	  |  1   |.   |  |   .	1   |     |   .  |  , |  c  |  .	The 1 aviation training | center in Kazakhstan for drone | operators. We conduct training under | programs approved by the Aviation | Administration of Kazakhstan.	0	about-benefits
\.


--
-- Data for Name: contents_contactpage; Type: TABLE DATA; Schema: public; Owner: postgresuser
--

COPY public.contents_contactpage (id, title, title_kk, title_ru, title_en, subtitle, subtitle_kk, subtitle_ru, subtitle_en, phone_label, phone_label_kk, phone_label_ru, phone_label_en, phone_number, email_label, email_label_kk, email_label_ru, email_label_en, email, address_label, address_label_kk, address_label_ru, address_label_en, address_text, address_text_kk, address_text_ru, address_text_en, address_url, footer_text, footer_text_kk, footer_text_ru, footer_text_en, meta_title, meta_title_kk, meta_title_ru, meta_title_en, meta_description, meta_description_kk, meta_description_ru, meta_description_en, updated) FROM stdin;
1				Contacts	 Aerial Solutions, : 230740006487	 Aerial Solutions, : 230740006487	 Aerial Solutions, : 230740006487	LLP "Aerial Solutions", BIN: 230740006487				Phone	+7 747 486 03 19	E-mail	E-mail	E-mail	E-mail	aerialsolutions.kz@gmail.com				Address	. , .  1,  Set Up	 .,   1, Set Up 	. , .  1,  Set Up	Astana, Dostyk Ave. 1A, Set Up coworking	https://go.2gis.com/3nPoR	 2025  Aerial Solutions.   .  : 230740006487	 2025 Aerial Solutions .   . : 230740006487	 2025  Aerial Solutions.   .  : 230740006487	 2025 LLP "Aerial Solutions". All rights reserved. BIN: 230740006487	 Aerial Solutions, Drone Pilot Academy,  Aerial Solutions,  Aerial Solutions, email Aerial Solutions, T Aerial Solutions, Aerial Solutions ,   1,   	\N	 Aerial Solutions, Drone Pilot Academy,  Aerial Solutions,  Aerial Solutions, email Aerial Solutions, T Aerial Solutions, Aerial Solutions ,   1,   	\N	  T Aerial Solutions     .       : .  1.       ,  , email       .		  T Aerial Solutions     .       : .  1.       ,  , email       .		2025-09-16 13:48:38.914418+00
\.


--
-- Data for Name: contents_faqblock; Type: TABLE DATA; Schema: public; Owner: postgresuser
--

COPY public.contents_faqblock (id, slug, title, title_kk, title_ru, title_en, "order", updated, cta_faq, cta_faq_en, cta_faq_kk, cta_faq_ru) FROM stdin;
\.


--
-- Data for Name: contents_faqitem; Type: TABLE DATA; Schema: public; Owner: postgresuser
--

COPY public.contents_faqitem (id, question, question_kk, question_ru, question_en, answer, answer_kk, answer_ru, answer_en, "order", block_id) FROM stdin;
\.


--
-- Data for Name: contents_fleetblock; Type: TABLE DATA; Schema: public; Owner: postgresuser
--

COPY public.contents_fleetblock (id, slug, title, title_kk, title_ru, title_en, "order", updated, character_label, character_label_en, character_label_kk, character_label_ru) FROM stdin;
\.


--
-- Data for Name: contents_fleetitem; Type: TABLE DATA; Schema: public; Owner: postgresuser
--

COPY public.contents_fleetitem (id, name, name_kk, name_ru, name_en, subtitle, subtitle_kk, subtitle_ru, subtitle_en, description, description_kk, description_ru, description_en, image, "order", block_id) FROM stdin;
\.


--
-- Data for Name: contents_fleetspec; Type: TABLE DATA; Schema: public; Owner: postgresuser
--

COPY public.contents_fleetspec (id, key, key_kk, key_ru, key_en, value, value_kk, value_ru, value_en, "order", item_id) FROM stdin;
\.


--
-- Data for Name: contents_galleryblock; Type: TABLE DATA; Schema: public; Owner: postgresuser
--

COPY public.contents_galleryblock (id, slug, title, title_kk, title_ru, title_en, "order", updated) FROM stdin;
2	about-gallery		\N	\N	\N	0	2025-09-02 12:26:15.157454+00
1	core-gallery				gallery	0	2025-09-02 12:31:19.278717+00
\.


--
-- Data for Name: contents_galleryblockplacement; Type: TABLE DATA; Schema: public; Owner: postgresuser
--

COPY public.contents_galleryblockplacement (id, page_object_id, "order", block_id, page_content_type_id) FROM stdin;
\.


--
-- Data for Name: contents_galleryitem; Type: TABLE DATA; Schema: public; Owner: postgresuser
--

COPY public.contents_galleryitem (id, image, alt, alt_kk, alt_ru, alt_en, "order", block_id) FROM stdin;
4	gallery/videoframe_24948_1_EZwtUzr.jpg		\N		\N	0	2
5	gallery/videoframe_24948_2.jpg		\N		\N	0	2
6	gallery/videoframe_24948_3_bmzak29.jpg		\N		\N	0	2
7	gallery/videoframe_24948_4.jpg		\N		\N	0	2
8	gallery/videoframe_24948_5.jpg		\N		\N	0	2
9	gallery/videoframe_24948_6.jpg		\N		\N	0	2
1	gallery/videoframe_24948_1_RtTIiPP.jpg		\N		\N	0	1
10	gallery/videoframe_24948_2_UjltqyB.jpg		\N		\N	0	1
11	gallery/videoframe_24948_3_ISgWGcS.jpg		\N		\N	0	1
12	gallery/videoframe_24948_4_GPVN9BB.jpg		\N		\N	0	1
\.


--
-- Data for Name: contents_homepage; Type: TABLE DATA; Schema: public; Owner: postgresuser
--

COPY public.contents_homepage (id, hero_title, hero_title_kk, hero_title_ru, hero_title_en, hero_subtitle, hero_subtitle_kk, hero_subtitle_ru, hero_subtitle_en, meta_title, meta_title_kk, meta_title_ru, meta_title_en, meta_description, meta_description_kk, meta_description_ru, meta_description_en, mission_text, mission_text_en, mission_text_kk, mission_text_ru, education_title, education_title_en, education_title_kk, education_title_ru) FROM stdin;
1	Aerial <br> Solutions	Aerial <br> Solutions	Aerial <br> Solutions	Aerial <br> Solutions	  ,  <br class="hidden md:block">    	  ,  <br class="hidden md:block">      	  ,  <br class="hidden md:block">    	Drone pilot training, documentation <br class="hidden md:block"> support, and professional aerial photography	      | AerialSolutions.kz	     |   | Drone Pilot Academy	      | AerialSolutions.kz	Get your drone pilot certificate in Astana | AerialSolutions.kz	     .      .        ,    .     Drone Pilot Academy.	AerialSolutions.kz           .   , 1, 2, 3  4      .                 .	     .      .        ,    .     Drone Pilot Academy.	AerialSolutions.kz offers professional consulting services for drone pilot training and certification in Astana. Complete the full course and obtain an official drone pilot certificate of category 1, 2, 3, or 4. We will help you gain all the necessary knowledge and successfully pass the exams for the legal and safe operation of drones.	       ,           .     ,         ,  	We aim to make Kazakhstan a center for the development of unmanned technologies by training civil and state aviation pilots to perform various tasks. We are laying the foundation for a future where drones become an integral part of the economy and daily life, ensuring operational safety and efficien	        ,         .         ,     	       ,           .     ,         ,  	  	UAS operator training	  	  
\.


--
-- Data for Name: contents_menu; Type: TABLE DATA; Schema: public; Owner: postgresuser
--

COPY public.contents_menu (id, slug, title, title_kk, title_ru, title_en, updated) FROM stdin;
1	main		\N	\N	\N	2025-09-02 05:16:51.112836+00
\.


--
-- Data for Name: contents_menuitem; Type: TABLE DATA; Schema: public; Owner: postgresuser
--

COPY public.contents_menuitem (id, title, title_kk, title_ru, title_en, url_name, url_path, open_in_new_tab, visible, "order", menu_id) FROM stdin;
2		 		Education	about		f	t	0	1
1		 		Home	home		f	t	0	1
3				Contacts	contacts		f	t	2	1
4				Blog		/blog/	f	t	0	1
\.


--
-- Data for Name: contents_partnerlogo; Type: TABLE DATA; Schema: public; Owner: postgresuser
--

COPY public.contents_partnerlogo (id, svg_code, "order", block_id) FROM stdin;
6	<svg class="h-12" viewBox="0 0 253 167" fill="none" xmlns="http://www.w3.org/2000/svg">\r\n                                    <path d="M66 1.87163C61.3333 2.9383 54.2667 5.20497 50.2667 7.07163C42.1333 10.805 27.0667 20.9383 27.0667 22.6716C27.0667 23.3383 45.2 23.8716 67.2 23.8716H107.467L112.267 19.4716C115.067 17.205 119.067 13.8716 121.2 12.405L125.067 9.60497L119.733 7.3383C102.533 0.00496817 83.4667 -1.8617 66 1.87163Z" fill="white"/>\r\n                                    <path d="M148.933 1.87166C132 6.53832 132.267 7.20499 151.2 6.67166C176 6.00499 195.067 10.1383 208.4 19.205C212 21.605 218.133 25.0717 222.133 26.9383C226 28.6717 231.467 32.1383 234.4 34.6717C242.533 41.8717 237.867 34.5383 227.867 24.6717C218.267 15.205 206 7.60499 193.733 3.73832C182.4 0.00498962 158.8 -0.928344 148.933 1.87166Z" fill="white"/>\r\n                                    <path d="M122.133 23.8717C112.133 24.405 107.867 25.0717 106.4 26.6717C104.4 28.6717 106.133 28.9383 127.333 29.605C151.867 30.405 166.267 32.805 185.333 39.205C207.467 46.6717 230.267 59.205 231.733 64.805C232.133 66.5383 232.933 67.8717 233.6 67.8717C236 67.8717 245.867 75.4717 249.2 79.8717L252.667 84.5383L251.867 75.205C250.933 64.9383 248.133 54.405 245.067 49.605C243.867 47.8717 239.333 44.6717 234.8 42.405C207.867 28.805 164.933 21.7383 122.133 23.8717Z" fill="white"/>\r\n                                    <path d="M16 34.805C11.6 40.805 6.93334 50.005 8.00001 51.0716C8.53334 51.4716 26.9333 51.8716 49.2 51.8716H89.4667L90.9333 47.7383C91.7333 45.605 94.1333 41.0716 96.4 37.7383C98.5333 34.405 100.4 31.4716 100.4 31.0716C100.4 30.805 82.1333 30.5383 59.8667 30.5383H19.2L16 34.805Z" fill="white"/>\r\n                                    <path d="M93.8667 53.0717C91.3333 53.4717 89.0667 54.5383 88.8 55.3383C88.4 56.405 94.5333 57.205 108 57.7383C146.533 59.605 182 69.4716 208.133 85.4716C222.133 94.005 227.067 98.5383 227.067 102.538C227.067 105.072 228.533 107.338 232.533 110.405C235.467 112.938 239.067 116.538 240.267 118.805L242.667 122.672L245.333 116.272C248.8 108.138 250.667 102.005 251.733 95.0717L252.533 89.605L234 80.1383C198.667 62.2717 165.067 54.5383 114.4 52.805C105.6 52.405 96.4 52.5383 93.8667 53.0717Z" fill="white"/>\r\n                                    <path d="M3.06667 62.005C2.26667 63.8716 1.33333 68.6716 0.933333 72.6716L0 79.8716H82.6667L83.6 73.0716C84.1333 69.205 84.9333 64.405 85.3333 62.405L86.1333 58.5383H4.4L3.06667 62.005Z" fill="white"/>\r\n                                    <path d="M84.4 83.0716C84.4 84.405 86.5333 85.3383 90.8 85.8716C122.8 89.7383 136.667 92.9383 157.067 101.072C179.2 109.872 208.4 128.138 208.4 133.072C208.4 134.405 211.2 138.272 214.667 141.738C220.667 147.738 220.933 147.872 223.6 145.605C230.667 139.605 240.8 126.938 239.867 125.472C238.933 123.872 223.6 114.805 212.8 109.338C201.6 103.738 186 97.605 173.067 93.7383C142 84.2716 84.4 77.3383 84.4 83.0716Z" fill="white"/>\r\n                                    <path d="M1.06666 94.1383C1.6 98.2716 2.53333 103.072 3.2 104.805L4.4 107.872H45.0667C70.8 107.872 85.7333 107.338 85.7333 106.538C85.7333 105.872 85.0667 101.072 84.1333 95.8716L82.5333 86.5383H0.133331L1.06666 94.1383Z" fill="white"/>\r\n                                    <path d="M88.8 111.072C89.3333 112.405 89.7333 113.738 89.7333 114.005C89.7333 114.272 91.0667 114.538 92.8 114.538C97.7333 114.538 115.067 118.538 125.733 122.005C148 129.472 178.933 148.138 178 153.605C177.733 154.805 178.933 157.738 180.667 160.005C183.467 163.738 184.267 164.005 189.333 163.338C195.333 162.538 213.733 154.005 213.733 152.005C213.733 150.272 188.667 135.738 172.4 128.005C151.2 118.005 126.4 111.738 99.3333 109.605C88.8 108.805 88 108.938 88.8 111.072Z" fill="white"/>\r\n                                    <path d="M7.06667 115.205C7.06667 116.672 11.4667 124.538 15.3333 130.138L19.2 135.872H59.7333C82.1333 135.872 100.4 135.605 100.4 135.205C100.4 134.938 98.9333 132.538 97.0667 129.872C95.3333 127.072 92.8 122.672 91.4667 119.738L89.2 114.538H48.1333C25.6 114.538 7.06667 114.805 7.06667 115.205Z" fill="white"/>\r\n                                    <path d="M106.267 139.738C107.733 141.338 110.4 142.538 112.667 142.538C118.4 142.538 136.4 148.938 141.467 152.672C143.733 154.538 145.733 156.938 145.733 158.138C145.733 159.738 144.667 160.005 139.467 159.338C133.2 158.538 133.067 158.538 137.2 160.405C148.133 165.338 174.667 168.672 173.467 164.805C172.4 161.872 159.067 153.472 147.867 148.805C137.467 144.405 121.333 139.872 109.067 137.738L103.733 136.805L106.267 139.738Z" fill="white"/>\r\n                                    <path d="M27.0667 143.472C27.3333 146.672 47.4667 158.672 59.0667 162.538C77.2 168.538 97.8667 167.472 117.467 159.738C123.6 157.205 126.533 154.538 123.067 154.538C122.4 154.538 118.533 151.872 114.533 148.538L107.067 142.538H67.0667C45.0667 142.538 27.0667 142.938 27.0667 143.472Z" fill="white"/>\r\n                                </svg>	0	2
7	<svg class="h-10" xmlns="http://www.w3.org/2000/svg" viewBox="0 0 115 28">\r\n                                    <g clip-path="url(#clip0_6020_2820)" class="text-white">\r\n                                        <g mask="url(#mask0_6020_2820)">\r\n                                            <path d="M45.6446 21.9496C44.4476 21.9496 43.3598 21.7486 42.3812 21.3452C41.4026 20.9432 40.5663 20.386 39.8738 19.6763C39.18 18.9666 38.6437 18.1322 38.2636 17.173C37.8835 16.2137 37.6941 15.1714 37.6941 14.0431V14.0001C37.6941 12.9314 37.8876 11.9139 38.2746 10.9478C38.6616 9.98162 39.2048 9.13608 39.9056 8.41113C40.6064 7.68618 41.4413 7.11232 42.413 6.68677C43.3833 6.26261 44.4462 6.05054 45.599 6.05054C46.2707 6.05054 46.8803 6.09766 47.4276 6.19331C47.975 6.28895 48.4822 6.42479 48.9494 6.59945C49.4166 6.77549 49.8589 6.99172 50.2736 7.24677C50.5321 7.40618 50.7878 7.58083 51.038 7.77212C51.2923 7.9648 51.331 8.32657 51.1264 8.57053L50.1271 9.76539C49.9391 9.98994 49.6087 10.0288 49.3752 9.85133C49.2134 9.72935 49.0503 9.61568 48.8845 9.50757C48.5776 9.30935 48.2569 9.13747 47.9211 8.99192C47.5852 8.84638 47.2161 8.73549 46.8153 8.66202C46.4145 8.58856 45.9722 8.55113 45.4911 8.55113C44.7904 8.55113 44.1366 8.6939 43.5312 8.97945C42.9258 9.26499 42.3991 9.65311 41.9541 10.1438C41.509 10.6345 41.1579 11.2098 40.9036 11.8682C40.6479 12.5266 40.5207 13.2225 40.5207 13.9543V13.9987C40.5207 14.7888 40.6451 15.5221 40.8925 16.1943C41.1399 16.868 41.4952 17.446 41.9554 17.9298C42.4157 18.4135 42.9631 18.7947 43.5975 19.072C44.2319 19.3506 44.9438 19.4892 45.733 19.4892C46.4628 19.4892 47.1456 19.3825 47.7801 19.1704C48.3109 18.993 48.7836 18.767 49.1968 18.4912C49.3475 18.3914 49.4332 18.2167 49.4332 18.0351V15.4694H46.0661C45.7607 15.4694 45.5133 15.2213 45.5133 14.9149V13.6522C45.5133 13.3458 45.7607 13.0977 46.0661 13.0977H51.4872C51.7926 13.0977 52.0401 13.3458 52.0401 13.6522V19.2896C52.0401 19.4573 51.9668 19.6181 51.8369 19.7234C51.5121 19.9854 51.161 20.2363 50.7809 20.4775C50.3206 20.7714 49.8244 21.0264 49.2922 21.2468C48.7587 21.4658 48.1865 21.6391 47.5728 21.7625C46.959 21.8872 46.3177 21.9496 45.6459 21.9496H45.6446Z" fill="currentColor"></path>\r\n                                            <path d="M54.6677 6.8683C54.6677 6.56196 54.9152 6.31384 55.2206 6.31384H61.5C62.4634 6.31384 63.3176 6.44969 64.0626 6.71998C64.8076 6.99028 65.4283 7.36731 65.9245 7.85107C66.3336 8.27662 66.6474 8.76731 66.8658 9.32315C67.0842 9.87899 67.1947 10.4944 67.1947 11.1681V11.2125C67.1947 12.4711 66.8547 13.4857 66.176 14.2536C65.6467 14.8525 64.9998 15.3113 64.2368 15.6301C63.9037 15.7687 63.7765 16.1721 63.9852 16.4659L67.0759 20.8115C67.3371 21.1788 67.0759 21.6875 66.6266 21.6875H64.7883C64.6086 21.6875 64.44 21.6002 64.3363 21.4533L60.9001 16.5643C60.7965 16.4174 60.6278 16.3301 60.4482 16.3301H57.3617V21.1344C57.3617 21.4408 57.1143 21.6889 56.8088 21.6889H55.2206C54.9152 21.6889 54.6677 21.4408 54.6677 21.1344V6.86969V6.8683ZM61.3024 13.9335C62.2658 13.9335 63.0329 13.7034 63.601 13.2418C64.1705 12.7802 64.4552 12.155 64.4552 11.3635V11.3206C64.4552 10.4861 64.1774 9.85266 63.6231 9.42157C63.0688 8.98909 62.2879 8.77424 61.2802 8.77424H57.9132C57.6077 8.77424 57.3603 9.02236 57.3603 9.32869V13.3818C57.3603 13.6881 57.6077 13.9362 57.9132 13.9362H61.3024V13.9335Z" fill="currentColor"></path>\r\n                                            <path d="M76.9379 21.9495C75.7548 21.9495 74.6753 21.7402 73.6967 21.3244C72.7181 20.9071 71.879 20.3402 71.1783 19.6222C70.4775 18.9055 69.9301 18.0669 69.5362 17.1077C69.1423 16.1485 68.9446 15.1283 68.9446 14.0444V14.0014C68.9446 12.9174 69.1409 11.8972 69.5362 10.938C69.9301 9.97881 70.4844 9.13742 71.2004 8.41247C71.915 7.68752 72.7623 7.11366 73.7409 6.68812C74.7181 6.26396 75.799 6.05188 76.9822 6.05188C78.1653 6.05188 79.2449 6.26119 80.2235 6.67703C81.2021 7.09426 82.0411 7.66119 82.7418 8.37921C83.4426 9.09723 83.99 9.93446 84.3839 10.8937C84.7778 11.8529 84.9755 12.8731 84.9755 13.957V14.0014C84.9755 15.0853 84.7792 16.1055 84.3839 17.0647C83.99 18.024 83.4357 18.8653 82.7197 19.5903C82.0037 20.3152 81.1578 20.8905 80.1792 21.3147C79.2006 21.7388 78.1211 21.9523 76.9379 21.9523V21.9495ZM76.9808 19.4461C77.7396 19.4461 78.4376 19.3034 79.0721 19.0178C79.7079 18.7323 80.2511 18.3483 80.7031 17.8646C81.1551 17.3808 81.5103 16.8111 81.7646 16.1513C82.0203 15.4929 82.1489 14.7901 82.1489 14.043V14C82.1489 13.2529 82.0203 12.5501 81.7646 11.8917C81.5089 11.2333 81.1523 10.6539 80.692 10.1562C80.2318 9.65861 79.6802 9.26634 79.0389 8.98079C78.3962 8.69525 77.6954 8.55248 76.9366 8.55248C76.1777 8.55248 75.4797 8.69525 74.8453 8.98079C74.2095 9.26634 73.6662 9.65029 73.2143 10.1341C72.7623 10.6178 72.4071 11.1875 72.1527 11.8473C71.897 12.5057 71.7698 13.2085 71.7698 13.9556V14C71.7698 14.7457 71.897 15.4485 72.1527 16.1083C72.4084 16.7667 72.7664 17.3461 73.2253 17.8438C73.6856 18.3414 74.2357 18.7337 74.8784 19.0178C75.5212 19.3034 76.2206 19.4461 76.9808 19.4461Z" fill="currentColor"></path>\r\n                                            <path d="M93.6462 21.9274C92.6538 21.9274 91.7554 21.7846 90.9523 21.4991C90.1492 21.2135 89.4636 20.7852 88.8942 20.2141C88.3247 19.643 87.8865 18.9375 87.5797 18.0947C87.2728 17.2533 87.1194 16.2761 87.1194 15.163V6.86695C87.1194 6.56062 87.3668 6.3125 87.6723 6.3125H89.2605C89.5659 6.3125 89.8133 6.56062 89.8133 6.86695V15.0535C89.8133 16.4882 90.1561 17.5763 90.8431 18.3137C91.5287 19.0539 92.4782 19.4226 93.6904 19.4226C94.9026 19.4226 95.8287 19.0678 96.5157 18.3581C97.2026 17.6484 97.5454 16.5838 97.5454 15.163V6.86695C97.5454 6.56062 97.7928 6.3125 98.0983 6.3125H99.6865C99.9919 6.3125 100.239 6.56062 100.239 6.86695V15.0313C100.239 16.1735 100.082 17.1771 99.768 18.0393C99.4543 18.9042 99.012 19.6236 98.4439 20.203C97.8744 20.7811 97.1847 21.2135 96.3747 21.4991C95.5647 21.7846 94.6552 21.9274 93.649 21.9274H93.6462Z" fill="currentColor"></path>\r\n                                            <path d="M103.062 6.8683C103.062 6.56196 103.309 6.31384 103.615 6.31384H109.106C109.996 6.31384 110.804 6.43444 111.526 6.67563C112.249 6.91682 112.862 7.26474 113.366 7.71939C113.871 8.17404 114.256 8.71464 114.527 9.34394C114.797 9.97325 114.932 10.676 114.932 11.4523V11.4952C114.932 12.3602 114.772 13.117 114.45 13.7685C114.129 14.42 113.691 14.9661 113.137 15.4041C112.581 15.8435 111.933 16.1762 111.188 16.4036C110.444 16.6309 109.648 16.7431 108.801 16.7431H105.757V21.1303C105.757 21.4366 105.51 21.6847 105.204 21.6847H103.616C103.311 21.6847 103.063 21.4366 103.063 21.1303V6.86553L103.062 6.8683ZM108.886 14.2855C109.908 14.2855 110.715 14.0305 111.307 13.5204C111.898 13.0103 112.194 12.3533 112.194 11.5521V11.5091C112.194 10.6053 111.894 9.92335 111.296 9.46315C110.697 9.00434 109.894 8.77424 108.886 8.77424H106.307C106.002 8.77424 105.754 9.02236 105.754 9.32869V13.7325C105.754 14.0388 106.002 14.2869 106.307 14.2869H108.886V14.2855Z" fill="currentColor"></path>\r\n                                            <path fill-rule="evenodd" clip-rule="evenodd" d="M32.1211 14C32.1211 16.0432 31.8447 18.0849 31.2863 20.1281C30.3712 23.5061 27.2723 26.4933 23.3054 27.2681C20.9045 27.738 18.498 27.9764 16.093 27.9764C13.6879 27.9764 11.2857 27.7394 8.88476 27.2681C4.91228 26.4933 1.81336 23.5061 0.898338 20.1281C0.345453 18.0849 0.067627 16.0432 0.067627 14C0.067627 11.9568 0.344071 9.91504 0.898338 7.87188C1.81336 4.49386 4.91228 1.50673 8.88476 0.731874C11.2857 0.261973 13.6921 0.0235596 16.093 0.0235596C18.4939 0.0235596 20.9045 0.260587 23.3054 0.731874C27.2723 1.50673 30.3726 4.49386 31.2863 7.87188C31.8447 9.91504 32.1211 11.9568 32.1211 14ZM7.69189 7.07068C7.69189 6.65206 8.02915 6.31384 8.44658 6.31384H14.5684C16.3349 6.31384 17.6715 6.7685 18.5768 7.67503C19.2624 8.36394 19.6066 9.21226 19.6066 10.2228V10.2671C19.6066 10.7356 19.5444 11.1501 19.42 11.5077C19.2956 11.8667 19.1352 12.1814 18.9376 12.4517C18.7413 12.722 18.5063 12.9604 18.2368 13.1655C17.9673 13.3707 17.6922 13.5467 17.4157 13.6923C17.8677 13.8544 18.281 14.0402 18.6528 14.2523C19.0246 14.4643 19.3467 14.718 19.6162 15.0105C19.8858 15.303 20.0945 15.6481 20.241 16.0432C20.3861 16.4382 20.4594 16.8998 20.4594 17.4265V17.4709C20.4594 18.1598 20.3239 18.7669 20.0544 19.2936C19.7849 19.8204 19.4006 20.2598 18.9044 20.6119C18.4082 20.9639 17.8097 21.2301 17.1089 21.4131C16.4081 21.596 15.6341 21.6875 14.7882 21.6875H8.44796C8.03053 21.6875 7.69327 21.3493 7.69327 20.9307V7.07068H7.69189ZM16.9112 10.6622C16.9112 10.0481 16.6804 9.5685 16.2215 9.22335C15.7612 8.87959 15.0936 8.70771 14.2173 8.70771H11.0949C10.6775 8.70771 10.3402 9.04592 10.3402 9.46454V12.0358C10.3402 12.4544 10.6775 12.7927 11.0949 12.7927H14.0197C14.896 12.7927 15.5968 12.6208 16.122 12.277C16.6472 11.9333 16.9099 11.4093 16.9099 10.7065V10.6622H16.9112ZM17.7655 17.141C17.7655 16.4826 17.5056 15.9738 16.9873 15.6148C16.4689 15.2558 15.6769 15.077 14.6112 15.077H11.0949C10.6775 15.077 10.3402 15.4152 10.3402 15.8338V18.5368C10.3402 18.9554 10.6775 19.2936 11.0949 19.2936H14.8075C15.7267 19.2936 16.4496 19.1176 16.9748 18.7669C17.5001 18.4148 17.7641 17.8881 17.7641 17.1853V17.141H17.7655ZM23.7449 6.31384H22.5603C22.1429 6.31384 21.8057 6.65206 21.8057 7.07068V20.9307C21.8057 21.3493 22.1429 21.6875 22.5603 21.6875H23.7449C24.1623 21.6875 24.4996 21.3493 24.4996 20.9307V7.07068C24.4996 6.65206 24.1623 6.31384 23.7449 6.31384Z" fill="currentColor"></path>\r\n                                        </g>\r\n                                    </g>\r\n                                    <defs>\r\n                                        <clipPath id="clip0_6020_2820">\r\n                                            <rect width="115" height="28" fill="white"></rect>\r\n                                        </clipPath>\r\n                                    </defs>\r\n                                </svg>	0	2
8	<svg class="h-12" viewBox="0 0 830 193" fill="none" xmlns="http://www.w3.org/2000/svg">\r\n                                    <path d="M137.49 192.82C136.52 192.74 135.45 192.96 134.49 192.82C111.43 189.47 113.26 156.94 135.99 156.93C153.82 156.93 160.27 182.08 144.39 190.24C142.03 191.45 139.46 191.24 137.49 192.82Z" fill="white"></path>\r\n                                    <path d="M829.65 61.5302H815.67V131.15H829.65V61.5302Z" fill="white"></path>\r\n                                    <path d="M735.53 60.7902C763.42 57.0502 779.79 73.2002 777.76 100.85C776.33 120.33 763.15 132.79 743.43 132.76C698.35 132.69 700.26 65.5202 735.53 60.7902ZM738.49 72.7002C718.98 76.6702 718.99 116.87 739.32 120.16C759.65 123.45 765.11 104.7 762.49 88.1402C760.61 76.2702 749.97 70.3702 738.49 72.7102V72.7002Z" fill="white"></path>\r\n                                    <path d="M289.3 61.5302V91.3702C291.06 91.7102 291.76 90.4702 292.81 89.4002C300.67 81.3202 307.91 72.6402 315.83 64.5402C316.97 63.3802 317.1 61.5402 317.26 61.5402H337.24L311.43 88.7102L338.24 131.17H320.76L302.27 99.3402C301.28 98.6202 289.3 109.9 289.3 110.78V131.17H275.32V61.5302H289.3Z" fill="white"></path>\r\n                                    <path d="M586.95 131.15C580.3 130.48 574 134.04 571.47 126.21C562.26 136.64 539.12 134.21 539 117.75C538.88 99.9402 559.93 103.97 569.28 99.1402C575.68 95.8402 566 85.9202 557.06 90.9502C554.87 92.1802 553.73 95.8602 552.41 96.1702L541 94.3502C541.93 75.3502 581.29 74.1902 583.89 90.9402C585.85 103.55 580.94 118.83 586.95 131.15ZM570.96 107.29C566.57 109.03 558.58 108.94 555 111.78C548.65 116.82 556.7 126.81 565.89 121.62C571.33 118.54 571.39 112.83 570.96 107.29Z" fill="white"></path>\r\n                                    <path d="M390.18 131.15C383.53 130.48 377.23 134.04 374.7 126.21C365.49 136.64 342.35 134.21 342.23 117.75C342.11 99.9402 363.16 103.97 372.51 99.1402C378.91 95.8402 369.23 85.9202 360.29 90.9502C358.1 92.1802 356.96 95.8602 355.64 96.1702L344.23 94.3502C345.16 75.3502 384.52 74.1902 387.12 90.9402C389.08 103.55 384.17 118.83 390.18 131.15ZM374.2 107.29C369.81 109.03 361.82 108.94 358.24 111.78C351.89 116.82 359.94 126.81 369.13 121.62C374.57 118.54 374.63 112.83 374.2 107.29Z" fill="white"></path>\r\n                                    <path d="M698.81 93.3502L686.48 95.4102C685.31 87.7202 667.5 87.7402 667.06 92.8302C666.62 97.9202 687.24 100.78 691.81 102.81C707.89 109.97 700.5 130.05 684.23 132.02C671.02 133.63 657.07 131.45 652.88 117.22L666.2 115.16C667.43 125.66 689.61 125.31 686.74 115.88C685.2 110.84 656.82 112.66 654.96 97.7102C652.05 74.3202 694.3 72.8902 698.82 93.3302L698.81 93.3502Z" fill="white"></path>\r\n                                    <path d="M630.9 131.16V101.82C630.9 101.04 629.29 93.7202 628.81 92.9602C624.11 85.6702 610.93 92.1102 610.93 99.8302V131.16H597.95V80.4302H609.94L610.43 87.3902C617.27 78.0202 634.52 75.9502 641.35 86.4402C641.86 87.2202 643.89 91.4502 643.89 91.8702V131.16H630.9Z" fill="white"></path>\r\n                                    <path d="M439.12 80.4302L438.61 91.3502L414.16 120.21L441.13 119.22L441.12 131.16H395.18L395.7 120.23L421.15 91.3702H397.17V80.4302H439.12Z" fill="white"></path>\r\n                                    <path d="M501.05 61.5302V73.4702H480.08V131.16H466.09V73.4702H445.12V61.5302H501.05Z" fill="white"></path>\r\n                                    <path d="M15.4 78.6602C35.75 75.8602 43.38 104.97 25.32 112.46C-0.759987 123.26 -10.93 82.2702 15.4 78.6602Z" fill="white"></path>\r\n                                    <path d="M212.18 78.6802C232.43 76.3102 240.33 104.54 222.07 112.45C196.15 123.67 185.81 81.7602 212.18 78.6802Z" fill="white"></path>\r\n                                    <path d="M109.17 83.7602C125.97 99.6802 100.09 126.19 83.51 108.82C67.43 91.9702 92.05 67.5302 109.17 83.7602Z" fill="white"></path>\r\n                                    <path d="M134.28 0.0702137C160.49 -1.97979 159.07 40.9702 131.44 35.2302C111.54 31.0902 114.7 1.60021 134.28 0.0702137Z" fill="white"></path>\r\n                                    <path d="M132.23 39.8902C155.49 36.0002 161.65 68.4502 140.69 74.1902C116.4 80.8402 108.51 43.8502 132.23 39.8902Z" fill="white"></path>\r\n                                    <path d="M130.23 118.45C151.98 114.02 162.06 139.71 145.44 150.5C133.63 158.17 116.87 148.92 117.58 134.77C117.9 128.47 123.8 119.76 130.23 118.45Z" fill="white"></path>\r\n                                    <path d="M83.9 70.1402C67.4 54.7502 91.13 27.5802 109.07 44.5802C125.6 60.2502 101.06 86.1402 83.9 70.1402Z" fill="white"></path>\r\n                                    <path d="M13.36 39.8802C36.33 35.1502 43.9 66.8802 23.62 73.9502C-0.179985 82.2502 -9.92999 44.6802 13.36 39.8802Z" fill="white"></path>\r\n                                    <path d="M171.18 39.8902C198.49 35.3202 199.76 76.1402 174.29 74.8802C152.28 73.7902 152.38 43.0402 171.18 39.8902Z" fill="white"></path>\r\n                                    <path d="M12.37 118.45C42.1 112.4 42.96 156.98 14.22 152.94C-4.51999 150.31 -4.05999 121.79 12.37 118.45Z" fill="white"></path>\r\n                                    <path d="M52.32 118.46C78.43 113.64 81.89 148.25 61.64 152.6C35.84 158.13 32.39 122.14 52.32 118.46Z" fill="white"></path>\r\n                                    <path d="M91.27 118.45C120.75 112.45 121.8 156.75 93.12 152.94C81.37 151.38 75.02 136.95 80.68 126.81C82.21 124.06 88.13 119.09 91.26 118.45H91.27Z" fill="white"></path>\r\n                                    <path d="M53.32 39.8902C80.35 35.3102 81.8 75.8702 56.43 74.8802C34.73 74.0302 33.89 43.1802 53.32 39.8902Z" fill="white"></path>\r\n                                    <path d="M173.24 78.6502C197.17 76.2502 199.55 113 175.91 114.29C153.56 115.5 150.12 80.9702 173.24 78.6502Z" fill="white"></path>\r\n                                    <path d="M134.28 78.6502C160.25 76.0502 159.09 118.68 132.44 113.79C112.5 110.13 113.6 80.7202 134.28 78.6502Z" fill="white"></path>\r\n                                    <path d="M170.17 118.45C195.83 113.19 200.37 148.25 179.49 152.59C154.64 157.76 149.72 122.64 170.17 118.45Z" fill="white"></path>\r\n                                    <path d="M55.38 78.6502C79.24 76.2602 81.54 113.01 58.05 114.29C35.7 115.5 32.26 80.9702 55.38 78.6502Z" fill="white"></path>\r\n                                    <path d="M504.05 80.4302L516.1 80.8602L517.04 86.3902C522.48 78.9102 528.52 77.8602 537.01 81.4302L533.06 92.9302L531.69 93.2402C526.53 88.2702 518.03 94.0302 518.03 99.8202V131.15H504.05V80.4202V80.4302Z" fill="white"></path>\r\n                                    <path d="M802.69 131.16H788.71V80.4302C793.15 81.0502 799.23 78.8802 802.69 81.9202V131.16Z" fill="white"></path>\r\n                                    <path d="M802.68 61.5302H788.7V73.4702H802.68V61.5302Z" fill="white"></path>\r\n                                </svg>	0	2
10	<svg xmlns="http://www.w3.org/2000/svg" xmlns:xlink="http://www.w3.org/1999/xlink" xmlns:xodm="http://www.corel.com/coreldraw/odm/2003" xml:space="preserve" class="h-12" version="1.1" style="shape-rendering:geometricPrecision; text-rendering:geometricPrecision; image-rendering:optimizeQuality; fill-rule:evenodd; clip-rule:evenodd" viewBox="0 0 233.727 81.135">\r\n <defs>\r\n  <style type="text/css">\r\n   <![CDATA[\r\n    .fil0 {fill:none}\r\n    .fil2 {fill:white}\r\n    .fil1 {fill:white;fill-rule:nonzero}\r\n   ]]>\r\n  </style>\r\n </defs>\r\n <g id="_x0020_1">\r\n  <metadata id="CorelCorpID_0Corel-Layer"/>\r\n  <rect class="fil0" width="233.727" height="81.135"/>\r\n  <path class="fil1" d="M44.214 46.973l-7.136 0 0 -31.655 7.136 0 0 31.655zm35.671 0l-7.195 0 -13.051 -19.892c-0.762,-1.161 -1.296,-2.035 -1.59,-2.623l-0.083 0c0.113,1.115 0.173,2.826 0.173,5.116l0 17.399 -6.736 0 0 -31.655 7.685 0 12.562 19.268c0.572,0.873 1.1,1.732 1.59,2.584l0.09 0c-0.12,-0.731 -0.181,-2.185 -0.181,-4.348l0 -17.504 6.736 0 0 31.655zm29.471 -25.853l-9.035 0 0 25.853 -7.151 0 0 -25.853 -8.982 0 0 -5.802 25.168 0 0 5.802zm23.246 25.853l-18.989 0 0 -31.655 18.258 0 0 5.802 -11.122 0 0 7.046 10.353 0 0 5.779 -10.353 0 0 7.241 11.853 0 0 5.787zm31.06 -2.117c-3.089,1.778 -6.933,2.667 -11.529,2.667 -5.086,0 -9.102,-1.409 -12.041,-4.227 -2.932,-2.818 -4.401,-6.699 -4.401,-11.642 0,-4.973 1.605,-9.027 4.815,-12.161 3.203,-3.143 7.475,-4.71 12.803,-4.71 3.352,0 6.314,0.467 8.868,1.394l0 6.691c-2.441,-1.416 -5.425,-2.117 -8.959,-2.117 -2.961,0 -5.365,0.957 -7.226,2.879 -1.869,1.921 -2.796,4.482 -2.796,7.693 0,3.247 0.837,5.764 2.502,7.55 1.673,1.778 3.925,2.667 6.766,2.667 1.711,0 3.067,-0.241 4.062,-0.723l0 -6.186 -6.329 0 0 -5.697 13.465 0 0 15.922zm32.717 2.117l-8.19 0 -4.922 -8.145c-0.369,-0.618 -0.723,-1.168 -1.061,-1.658 -0.34,-0.482 -0.679,-0.897 -1.025,-1.243 -0.347,-0.347 -0.709,-0.611 -1.086,-0.799 -0.376,-0.181 -0.783,-0.271 -1.221,-0.271l-1.921 0 0 12.116 -7.136 0 0 -31.655 11.303 0c7.686,0 11.529,2.871 11.529,8.605 0,1.108 -0.174,2.125 -0.512,3.06 -0.34,0.933 -0.814,1.778 -1.432,2.531 -0.618,0.746 -1.364,1.394 -2.238,1.937 -0.882,0.55 -1.853,0.971 -2.931,1.281l0 0.09c0.475,0.151 0.926,0.385 1.371,0.716 0.445,0.331 0.866,0.716 1.282,1.161 0.414,0.444 0.805,0.918 1.182,1.424 0.377,0.504 0.716,1.001 1.025,1.492l5.983 9.358zm-19.426 -26.312l0 8.808 3.09 0c1.529,0 2.757,-0.445 3.685,-1.326 0.941,-0.897 1.416,-2.012 1.416,-3.331 0,-2.773 -1.658,-4.151 -4.973,-4.151l-3.218 0zm50.222 26.312l-7.768 0 -2.254 -7.045 -11.257 0 -2.231 7.045 -7.731 0 11.529 -31.655 8.454 0 11.258 31.655zm-11.657 -12.516l-3.398 -10.639c-0.248,-0.799 -0.429,-1.749 -0.535,-2.848l-0.174 0c-0.075,0.926 -0.256,1.845 -0.549,2.757l-3.444 10.73 8.1 0z"/>\r\n  <path class="fil1" d="M43.983 65.681c-0.585,0.338 -1.429,0.506 -2.53,0.506 -1.29,0 -2.333,-0.39 -3.13,-1.172 -0.796,-0.781 -1.197,-1.787 -1.197,-3.023 0,-1.426 0.429,-2.547 1.281,-3.369 0.856,-0.823 1.999,-1.234 3.431,-1.234 0.987,0 1.703,0.132 2.145,0.392l0 2.198c-0.54,-0.406 -1.144,-0.607 -1.81,-0.607 -0.743,0 -1.33,0.215 -1.767,0.652 -0.433,0.433 -0.651,1.031 -0.651,1.797 0,0.741 0.21,1.326 0.623,1.748 0.415,0.425 0.987,0.635 1.712,0.635 0.646,0 1.275,-0.201 1.893,-0.607l0 2.084zm5.693 0.506c-1.397,0 -2.496,-0.392 -3.296,-1.175 -0.8,-0.783 -1.2,-1.849 -1.2,-3.191 0,-1.387 0.414,-2.474 1.244,-3.257 0.831,-0.783 1.955,-1.175 3.367,-1.175 1.393,0 2.486,0.392 3.277,1.175 0.791,0.783 1.188,1.82 1.188,3.11 0,1.392 -0.408,2.493 -1.224,3.302 -0.816,0.808 -1.936,1.211 -3.356,1.211zm0.068 -6.815c-0.613,0 -1.088,0.21 -1.427,0.629 -0.338,0.422 -0.508,1.018 -0.508,1.787 0,1.61 0.651,2.416 1.951,2.416 1.239,0 1.86,-0.828 1.86,-2.481 0,-1.568 -0.627,-2.351 -1.876,-2.351zm14.294 6.611l-2.58 0 0 -4.662c0,-1.3 -0.465,-1.949 -1.393,-1.949 -0.448,0 -0.817,0.171 -1.105,0.515 -0.291,0.343 -0.436,0.782 -0.436,1.311l0 4.785 -2.587 0 0 -8.39 2.587 0 0 1.329 0.033 0c0.618,-1.024 1.516,-1.533 2.696,-1.533 1.857,0 2.785,1.152 2.785,3.457l0 5.137zm1.499 -0.222l0 -2.097c0.428,0.257 0.853,0.448 1.276,0.574 0.421,0.125 0.821,0.187 1.199,0.187 0.458,0 0.822,-0.062 1.085,-0.187 0.265,-0.126 0.397,-0.317 0.397,-0.574 0,-0.165 -0.059,-0.302 -0.179,-0.411 -0.12,-0.108 -0.274,-0.204 -0.464,-0.285 -0.188,-0.081 -0.395,-0.157 -0.618,-0.221 -0.224,-0.067 -0.439,-0.14 -0.646,-0.221 -0.333,-0.126 -0.626,-0.263 -0.881,-0.405 -0.254,-0.145 -0.467,-0.313 -0.64,-0.506 -0.171,-0.19 -0.302,-0.412 -0.392,-0.663 -0.089,-0.252 -0.137,-0.548 -0.137,-0.892 0,-0.47 0.103,-0.875 0.307,-1.214 0.205,-0.338 0.479,-0.615 0.82,-0.83 0.341,-0.216 0.732,-0.375 1.171,-0.476 0.439,-0.101 0.898,-0.151 1.374,-0.151 0.372,0 0.746,0.028 1.129,0.087 0.383,0.056 0.761,0.14 1.132,0.249l0 1.999c-0.329,-0.193 -0.679,-0.335 -1.053,-0.43 -0.375,-0.096 -0.741,-0.143 -1.102,-0.143 -0.171,0 -0.33,0.014 -0.479,0.045 -0.15,0.028 -0.284,0.072 -0.399,0.131 -0.115,0.056 -0.204,0.129 -0.269,0.221 -0.067,0.089 -0.098,0.193 -0.098,0.308 0,0.15 0.048,0.282 0.146,0.391 0.101,0.109 0.226,0.204 0.386,0.283 0.159,0.081 0.335,0.151 0.528,0.212 0.193,0.065 0.386,0.128 0.579,0.193 0.344,0.12 0.654,0.252 0.934,0.394 0.277,0.143 0.517,0.308 0.716,0.501 0.199,0.19 0.353,0.414 0.458,0.671 0.107,0.257 0.16,0.562 0.16,0.917 0,0.498 -0.107,0.923 -0.325,1.275 -0.215,0.353 -0.5,0.637 -0.858,0.859 -0.358,0.221 -0.772,0.383 -1.239,0.484 -0.467,0.101 -0.951,0.151 -1.454,0.151 -0.922,0 -1.775,-0.143 -2.564,-0.426zm13.003 0.124c-0.383,0.201 -0.959,0.302 -1.728,0.302 -1.823,0 -2.738,-0.948 -2.738,-2.841l0 -3.843 -1.359 0 0 -1.91 1.359 0 0 -1.808 2.581 -0.739 0 2.547 1.885 0 0 1.91 -1.885 0 0 3.392c0,0.872 0.347,1.309 1.041,1.309 0.274,0 0.556,-0.078 0.844,-0.238l0 1.919zm6.932 -5.957c-0.313,-0.17 -0.677,-0.254 -1.091,-0.254 -0.561,0 -1.001,0.207 -1.319,0.618 -0.317,0.414 -0.476,0.973 -0.476,1.684l0 4.007 -2.586 0 0 -8.39 2.586 0 0 1.558 0.033 0c0.412,-1.138 1.147,-1.706 2.213,-1.706 0.274,0 0.487,0.034 0.64,0.098l0 2.385zm9.222 6.055l-2.58 0 0 -1.278 -0.04 0c-0.641,0.987 -1.493,1.482 -2.564,1.482 -1.946,0 -2.916,-1.178 -2.916,-3.532l0 -5.062 2.58 0 0 4.832c0,1.186 0.47,1.779 1.41,1.779 0.464,0 0.833,-0.162 1.113,-0.487 0.28,-0.324 0.417,-0.766 0.417,-1.322l0 -4.802 2.58 0 0 8.39zm8.538 -0.302c-0.585,0.338 -1.429,0.506 -2.531,0.506 -1.289,0 -2.332,-0.39 -3.129,-1.172 -0.797,-0.781 -1.197,-1.787 -1.197,-3.023 0,-1.426 0.428,-2.547 1.28,-3.369 0.856,-0.823 2,-1.234 3.432,-1.234 0.987,0 1.702,0.132 2.145,0.392l0 2.198c-0.541,-0.406 -1.145,-0.607 -1.81,-0.607 -0.744,0 -1.331,0.215 -1.767,0.652 -0.434,0.433 -0.651,1.031 -0.651,1.797 0,0.741 0.209,1.326 0.623,1.748 0.414,0.425 0.987,0.635 1.712,0.635 0.645,0 1.275,-0.201 1.893,-0.607l0 2.084zm6.767 0.204c-0.383,0.201 -0.96,0.302 -1.729,0.302 -1.823,0 -2.737,-0.948 -2.737,-2.841l0 -3.843 -1.359 0 0 -1.91 1.359 0 0 -1.808 2.581 -0.739 0 2.547 1.885 0 0 1.91 -1.885 0 0 3.392c0,0.872 0.347,1.309 1.04,1.309 0.274,0 0.556,-0.078 0.845,-0.238l0 1.919zm2.768 -9.62c-0.437,0 -0.795,-0.128 -1.071,-0.389 -0.279,-0.259 -0.42,-0.576 -0.42,-0.953 0,-0.389 0.141,-0.704 0.42,-0.951 0.276,-0.246 0.634,-0.369 1.071,-0.369 0.444,0 0.802,0.123 1.079,0.369 0.274,0.247 0.414,0.562 0.414,0.951 0,0.392 -0.14,0.715 -0.414,0.968 -0.277,0.248 -0.635,0.374 -1.079,0.374zm1.277 9.718l-2.586 0 0 -8.39 2.586 0 0 8.39zm6.178 0.204c-1.398,0 -2.497,-0.392 -3.297,-1.175 -0.8,-0.783 -1.2,-1.849 -1.2,-3.191 0,-1.387 0.414,-2.474 1.244,-3.257 0.831,-0.783 1.955,-1.175 3.367,-1.175 1.393,0 2.486,0.392 3.278,1.175 0.791,0.783 1.188,1.82 1.188,3.11 0,1.392 -0.408,2.493 -1.225,3.302 -0.816,0.808 -1.935,1.211 -3.355,1.211zm0.067 -6.815c-0.613,0 -1.088,0.21 -1.426,0.629 -0.339,0.422 -0.509,1.018 -0.509,1.787 0,1.61 0.651,2.416 1.951,2.416 1.24,0 1.86,-0.828 1.86,-2.481 0,-1.568 -0.627,-2.351 -1.876,-2.351zm14.294 6.611l-2.58 0 0 -4.662c0,-1.3 -0.464,-1.949 -1.393,-1.949 -0.448,0 -0.817,0.171 -1.104,0.515 -0.291,0.343 -0.437,0.782 -0.437,1.311l0 4.785 -2.586 0 0 -8.39 2.586 0 0 1.329 0.033 0c0.619,-1.024 1.516,-1.533 2.696,-1.533 1.857,0 2.785,1.152 2.785,3.457l0 5.137z"/>\r\n  <path class="fil2" d="M6.675 20.188l0 -7.344 18.473 -6.922 0.013 7.6 -18.486 6.666zm-0.097 53.648l0 -49.602 18.675 -7.022 0 56.774 -18.675 -0.15zm7.017 -7.221l0 -37.335 4.847 -2.077 -0.205 39.504 -4.642 -0.092z"/>\r\n </g>\r\n</svg>	0	2
11	<svg class="h-14" viewBox="0 0 698 698" fill="none" xmlns="http://www.w3.org/2000/svg">\r\n                                    <path fill-rule="evenodd" clip-rule="evenodd" d="M349.235 13.6992C354.232 15.4895 357.499 19.8994 359.046 26.9292C367.148 20.213 391.161 18.6955 399.263 31.4705C406.363 42.6676 405.18 64.1618 382.341 64.7788C375.038 64.971 367.34 58.8515 369.313 48.9794C370.84 41.3427 378.811 42.2228 381.349 50.5574C383.534 57.6681 396.107 55.0987 395.905 44.64C395.783 38.1766 387.894 31.339 379.782 31.4705C367.148 31.6627 357.863 40.3516 358.065 51.7409C358.257 63.3223 364.326 68.9661 372.074 73.4571C378.79 77.3513 386.559 78.9798 394.721 76.5624C395.541 83.3393 397.837 89.0039 400.446 90.774C376.818 86.8292 358.369 86.4042 349.235 86.4345C332.072 86.486 314.941 87.9374 298.014 90.774C300.623 89.0039 302.929 83.3393 303.739 76.5624C311.911 78.9798 319.68 77.3513 326.386 73.4571C334.144 68.9661 340.202 63.3223 340.405 51.7409C340.607 40.3516 331.322 31.6627 318.688 31.4705C310.566 31.339 302.677 38.1766 302.555 44.64C302.363 55.0987 314.936 57.6681 317.11 50.5574C319.659 42.2228 327.63 41.3427 329.157 48.9794C331.129 58.8515 323.422 64.971 316.119 64.7788C293.28 64.1618 292.096 42.6676 299.207 31.4705C307.309 18.6955 331.322 20.213 339.414 26.9292C340.971 19.8994 344.238 15.4895 349.235 13.6992Z" fill="white"/>\r\n                                    <path fill-rule="evenodd" clip-rule="evenodd" d="M482.012 40.2402C485.916 43.8512 487.201 49.1815 485.876 56.2619C495.95 53.2477 518.658 61.2388 521.126 76.1581C523.29 89.2366 513.803 108.555 492.531 100.201C485.734 97.5302 481.041 88.8924 486.705 80.5679C491.105 74.145 498.094 78.0694 497.184 86.7378C496.405 94.1216 508.978 96.681 512.882 86.9607C515.31 80.9727 510.708 71.5863 503.192 68.5418C491.479 63.7878 479.534 68.1572 475.275 78.7171C470.936 89.459 474.304 97.0249 479.696 104.186C484.348 110.397 490.862 114.928 499.328 115.889C497.427 122.453 497.336 128.563 499.045 131.213C484.592 121.956 469.391 113.924 453.599 107.2C437.778 100.549 421.443 95.1946 404.755 91.1883C407.84 90.5713 412.179 86.2628 415.578 80.3457C422.153 85.7571 429.941 87.2943 437.638 86.3334C446.539 85.2208 454.328 82.3887 459.021 71.8187C463.654 61.4005 458.515 49.7885 446.954 44.6704C439.53 41.3831 429.597 44.5997 426.967 50.4865C422.689 60.045 433.269 67.3276 438.043 61.6329C443.646 54.9572 451.324 57.2533 449.746 64.8697C447.702 74.7418 438.225 77.3615 431.58 74.327C410.794 64.8191 418.096 44.5794 429.02 37.054C441.472 28.4767 462.976 39.2491 467.811 48.5851C471.978 42.7185 476.722 39.9473 482.012 40.2507" fill="white"/>\r\n                                    <path fill-rule="evenodd" clip-rule="evenodd" d="M592.901 116.02C595.085 120.855 594.185 126.267 590.2 132.265C600.658 133.428 618.42 149.652 614.88 164.349C611.744 177.245 595.48 191.325 579.165 175.313C573.945 170.205 572.995 160.414 581.481 154.972C588.025 150.765 592.931 157.116 588.703 164.733C585.102 171.237 595.682 178.49 603.066 171.085C607.618 166.514 607.071 156.085 601.346 150.33C592.415 141.388 579.721 140.741 571.669 148.803C563.476 156.985 563.628 165.269 565.783 173.968C567.644 181.503 571.872 188.219 579.286 192.417C574.977 197.707 572.499 203.301 573.035 206.406C563.355 192.232 552.501 178.898 540.587 166.544C528.624 154.239 515.682 142.928 501.888 132.72C504.973 133.357 510.647 131.091 516.089 126.954C520.023 134.52 526.588 138.981 534.043 141.105C542.66 143.552 550.934 143.998 559.41 136.098C567.745 128.33 567.543 115.615 558.905 106.391C553.342 100.463 542.954 99.5431 538.23 103.933C530.563 111.064 537.451 121.887 544.076 118.519C551.834 114.564 558.005 119.682 553.574 126.084C547.849 134.358 538.098 133.064 533.162 127.683C517.748 110.821 532.384 95.042 545.371 92.3717C560.179 89.3372 575.776 107.666 576.575 118.145C582.705 114.382 588.147 113.674 592.901 116.02Z" fill="white"/>\r\n                                    <path fill-rule="evenodd" clip-rule="evenodd" d="M665.636 231.844C665.656 237.145 662.632 241.737 656.553 245.591C665.646 250.901 675.285 272.951 666.051 284.937C657.959 295.447 637.355 301.688 628.96 280.426C626.279 273.629 629.395 264.303 639.348 262.776C647.045 261.603 648.936 269.391 641.977 274.64C636.04 279.111 642.766 290.045 652.527 286.283C658.545 283.966 662.278 274.205 659.375 266.619C654.874 254.815 643.545 249.07 632.894 253.146C622.092 257.304 618.855 264.93 617.287 273.75C615.932 281.387 617.054 289.246 622.112 296.094C616.023 299.179 611.502 303.275 610.723 306.34C607.642 289.451 603.145 272.851 597.28 256.717C591.364 240.61 584.145 225.012 575.695 210.078C578.254 211.919 584.353 212.141 591.009 210.593C591.525 219.1 595.712 225.836 601.66 230.813C608.538 236.558 615.922 240.331 626.856 236.558C637.638 232.846 642.635 221.163 638.488 209.218C635.848 201.551 626.714 196.463 620.605 198.567C610.713 201.955 612.594 214.65 620.018 214.265C628.717 213.81 632.277 220.992 625.622 225.037C617.024 230.267 608.629 225.128 606.323 218.2C599.091 196.513 618.885 188.058 631.842 190.9C646.6 194.157 653.387 217.239 649.847 227.141C656.988 226.191 662.258 227.758 665.626 231.844" fill="white"/>\r\n                                    <path fill-rule="evenodd" clip-rule="evenodd" d="M687.808 361.264C685.845 366.19 681.334 369.305 674.254 370.61C680.677 378.934 681.344 402.987 668.306 410.644C656.876 417.36 635.433 415.418 635.605 392.569C635.666 385.266 642.048 377.781 651.849 380.098C659.436 381.898 658.262 389.828 649.847 392.073C642.675 394.005 644.799 406.659 655.258 406.841C661.711 406.942 668.822 399.285 668.984 391.173C669.227 378.53 660.872 368.961 649.483 368.759C637.901 368.556 632.045 374.423 627.281 382.009C623.154 388.584 621.262 396.281 623.397 404.535C616.589 405.111 610.854 407.215 608.993 409.754C612.458 392.945 614.508 375.876 615.123 358.725C615.665 341.569 614.809 324.399 612.564 307.382C614.253 310.052 619.826 312.551 626.562 313.603C623.872 321.695 625.217 329.503 628.889 336.361C633.107 344.251 638.538 350.502 650.09 351.108C661.469 351.715 670.481 342.743 671.128 330.12C671.533 322.008 664.968 313.886 658.515 313.532C648.067 312.975 645.062 325.467 652.092 327.875C660.326 330.707 660.922 338.698 653.245 339.962C643.313 341.591 637.476 333.69 637.921 326.388C639.337 303.579 660.852 303.144 671.786 310.639C684.267 319.186 681.921 343.138 674.921 350.997C681.901 352.788 686.189 356.207 687.808 361.264Z" fill="white"/>\r\n                                    <path fill-rule="evenodd" clip-rule="evenodd" d="M217.348 41.1402C213.454 44.7411 212.169 50.0717 213.494 57.1521C203.42 54.1378 180.722 62.1283 178.244 77.0477C176.08 90.1261 185.567 109.456 206.829 101.091C213.636 98.4204 218.329 89.7823 212.655 81.4679C208.265 75.0349 201.276 78.9596 202.186 87.6279C202.965 95.0117 190.392 97.5608 186.478 87.8607C184.07 81.8626 188.662 72.486 196.188 69.4313C207.891 64.6773 219.826 69.0471 224.095 79.6171C228.434 90.3388 225.056 97.9151 219.674 105.076C215.022 111.287 208.508 115.818 200.042 116.779C201.943 123.343 202.034 129.453 200.325 132.103C214.778 122.847 229.979 114.814 245.771 108.09C261.592 101.44 277.927 96.0847 294.615 92.0785C291.52 91.4615 287.191 87.1524 283.792 81.2352C277.218 86.6567 269.429 88.1845 261.732 87.2236C252.831 86.111 245.042 83.2786 240.349 72.7187C235.717 62.3005 240.855 50.6685 252.416 45.5605C259.84 42.2732 269.773 45.4898 272.413 51.3767C276.682 60.9351 266.101 68.2177 261.327 62.5231C255.724 55.8372 248.046 58.1434 249.624 65.7599C251.668 75.6319 261.145 78.2516 267.791 75.2172C288.577 65.7093 281.274 45.4797 270.35 37.9442C257.898 29.3466 236.384 40.1392 231.559 49.4752C227.392 43.6086 222.638 40.8368 217.348 41.1402Z" fill="white"/>\r\n                                    <path fill-rule="evenodd" clip-rule="evenodd" d="M107.724 116.91C105.539 121.745 106.439 127.157 110.425 133.155C99.9658 134.318 82.1941 150.542 85.7444 165.239C88.8699 178.135 105.145 192.215 121.46 176.203C126.679 171.085 127.62 161.304 119.154 155.863C112.599 151.655 107.694 157.986 111.921 165.623C115.522 172.117 104.942 179.379 97.5484 171.975C92.9967 167.403 93.553 156.975 99.2881 151.219C108.209 142.278 120.893 141.631 128.955 149.682C137.148 157.875 136.996 166.159 134.842 174.858C132.98 182.394 128.753 189.1 121.338 193.297C125.647 198.597 128.125 204.191 127.589 207.296C137.272 193.125 148.126 179.791 160.038 167.434C172 155.13 184.942 143.818 198.737 133.61C195.652 134.247 189.988 131.981 184.536 127.844C180.601 135.41 174.036 139.861 166.582 141.995C157.964 144.443 149.69 144.888 141.224 136.988C132.889 129.22 133.082 116.505 141.72 107.281C147.273 101.354 157.671 100.423 162.405 104.823C170.061 111.954 163.173 122.777 156.548 119.409C148.79 115.444 142.62 120.572 147.05 126.975C152.785 135.248 162.526 133.954 167.462 128.573C182.887 111.711 168.251 95.9321 155.253 93.2618C140.445 90.2173 124.848 108.555 124.059 119.034C117.92 115.271 112.478 114.554 107.724 116.91Z" fill="white"/>\r\n                                    <path fill-rule="evenodd" clip-rule="evenodd" d="M36.5966 230.773C36.5662 236.073 39.5906 240.655 45.6696 244.529C36.5865 249.829 26.9572 271.879 36.1819 283.876C44.2737 294.365 64.8675 300.605 73.2627 279.354C75.9533 272.557 72.8278 263.231 62.8748 261.704C55.1876 260.531 53.286 268.319 60.245 273.568C66.1824 278.039 59.4661 288.973 49.7053 285.21C43.6769 282.894 39.9547 273.134 42.8476 265.547C47.3487 253.744 58.6873 247.998 69.3281 252.074C80.1408 256.231 83.3674 263.858 84.9352 272.678C86.3007 280.315 85.178 288.174 80.1105 295.012C86.1996 298.107 90.731 302.203 91.5098 305.258C94.5896 288.373 99.0829 271.777 104.942 255.645C108.037 247.23 114.744 229.863 126.537 209.016C123.978 210.847 117.869 211.079 111.224 209.522C110.708 218.028 106.51 224.765 100.563 229.751C93.6845 235.486 86.3007 239.259 75.3666 235.486C64.5944 231.774 59.5875 220.082 63.7346 208.146C66.3948 200.469 75.5184 195.401 81.6277 197.485C91.5301 200.884 89.6386 213.577 82.2144 213.193C73.5156 212.728 69.9653 219.919 76.6108 223.965C85.2083 229.195 93.6036 224.067 95.9098 217.128C103.142 195.442 83.3472 186.986 70.4003 189.828C55.6327 193.085 48.8355 216.167 52.3858 226.069C45.2447 225.118 39.9851 226.687 36.5966 230.773Z" fill="white"/>\r\n                                    <path fill-rule="evenodd" clip-rule="evenodd" d="M14.0709 360.192C16.0332 365.128 20.5545 368.233 27.6348 369.538C21.2018 377.862 20.5242 401.915 33.5723 409.572C45.0121 416.288 66.4453 414.356 66.2734 391.497C66.2127 384.194 59.8202 376.709 50.029 379.025C42.4531 380.826 43.6061 388.756 52.0216 391.011C59.2032 392.933 57.079 405.587 46.6203 405.759C40.1569 405.86 33.0463 398.213 32.8946 390.101C32.6518 377.467 41.0066 367.878 52.3959 367.686C63.9774 367.484 69.8237 373.351 74.5878 380.937C78.7146 387.511 80.6162 395.209 78.4819 403.463C85.2791 404.039 91.0243 406.143 92.8854 408.682C89.4156 391.874 87.3652 374.804 86.7559 357.652C86.2086 340.5 87.0645 323.333 89.3149 306.32C87.6257 308.98 82.0525 311.488 75.3059 312.53C78.0066 320.622 76.6512 328.431 72.9997 335.269C68.7717 343.179 63.3502 349.439 51.7789 350.036C40.3997 350.643 31.3976 341.671 30.7604 329.048C30.3558 320.936 36.9101 312.814 43.3633 312.47C53.8119 311.903 56.8161 324.385 49.7863 326.802C41.5427 329.635 40.9459 337.635 48.6332 338.89C58.5558 340.518 64.4123 332.619 63.9571 325.316C62.541 302.507 41.0168 302.082 30.0827 309.567C17.601 318.114 19.9678 342.066 26.947 349.925C19.9779 351.715 15.6792 355.134 14.0709 360.192Z" fill="white"/>\r\n                                    <path fill-rule="evenodd" clip-rule="evenodd" d="M174.795 415.368C182.3 416.299 185.8 423.328 185.8 430.742V437.944C185.8 441.1 182.26 443.609 179.114 443.609C174.492 443.609 172.388 440.079 167.765 440.079C163.78 440.079 159.734 442.88 159.734 446.865C159.734 449.728 165.135 451.721 164.276 453.299C162.981 455.079 162.283 454.654 161.272 454.654C156.457 454.654 155.911 447.483 151.106 447.483C148.325 447.483 147.961 449.91 147.961 452.691C147.961 457.142 152.816 456.434 154.586 460.419C155.931 463.494 157.974 468.986 158.632 471.707C159.279 474.377 161.565 476.745 164.336 478.586C169.728 482.136 172.863 484.402 172.61 488.63C172.438 491.573 167.705 494.436 167.705 498.502C167.705 499.817 168.918 500.959 170.223 500.959C174.289 500.959 176.515 496.539 180.591 496.539C184.252 496.539 188.015 497.025 190.402 498.936C194.205 501.991 196.188 504.267 199.536 508.323C202.51 511.903 206.282 518.134 209.499 518.003C211.866 518.377 211.552 511.185 212.2 508.161C213.666 501.293 213.11 494.233 213.818 485.625C213.737 479.89 214.87 478.019 215.487 471.515C215.891 467.247 216.458 460.591 216.65 456.495C216.802 453.258 217.803 452.014 221.192 452.014C223.498 452.014 223.599 453.43 225.915 453.43C230.538 453.43 230.052 447.533 234.685 447.533C238.822 447.533 240.754 446.865 244.193 447.604C247.622 449.02 251.324 448.757 253.579 451.528C257.868 456.798 262.652 459.751 267.376 463.727C270.704 466.498 271.25 467.591 274.456 470.716C281.415 477.473 280.353 479.425 284.055 482.318C287.221 484.786 288.273 484.957 293.007 484.957C295.323 484.957 303.516 484.654 305.832 484.654C310.546 484.654 309.878 487.223 314.602 487.223C319.042 487.223 318.567 485.099 321.53 481.761C324.535 479.132 326.113 484.412 327.792 486.313C330.31 489.155 332.009 492.18 336.47 493.292C338.827 494.102 337.542 496.135 337.542 496.792C337.542 499.756 335.641 498.37 335.641 501.344C335.641 506.229 335.327 507.109 335.327 512.005C335.58 514.088 337.937 513.694 339.505 513.775C341.831 513.906 341.406 511.448 343.065 512.126C345.209 514.149 343.368 516.86 343.368 519.176C343.368 521.958 344.784 525.043 347.576 525.043C349.791 525.043 354.889 524.759 356.558 524.759C358.035 524.759 359.613 522.919 361.089 522.919C366.369 522.919 362.202 533.408 367.462 533.408C370.8 533.408 366.501 525.751 369.788 526.044C376.545 526.661 375.604 518.792 379.124 516.667C382.32 514.695 382.745 513.795 385.193 512.015C387.924 510.002 392.071 508.839 394.033 505.137C395.419 502.355 397.574 500.605 398.504 497.652C399.344 494.961 401.154 492.19 404.017 492.19C407.172 492.19 409.094 493.535 412.25 493.535C414.931 493.535 416.984 493.292 419.664 493.292C423.366 493.292 422.223 495.821 425.915 495.821C428.039 495.821 428.545 493.707 428.545 491.573C428.545 488.154 424.327 488.336 425.733 485.746L427.625 483.299C430.153 481.579 431.691 479.354 434.078 479.92C437.335 480.709 444.152 484.826 448.37 484.826C456.887 484.826 454.206 478.393 462.723 478.393C464.665 478.393 469.591 478.818 473.141 478.818C476.853 478.818 480.424 477.655 484.126 477.655C490.599 477.655 489.669 478.818 496.152 478.818C500.219 478.818 502.565 481.144 506.641 481.084C511.355 481.023 513.014 472.294 513.014 465.072C513.014 462.119 509.17 459.003 508.543 456.121C507.637 452.12 506.144 448.275 504.113 444.711C502.039 441.191 496.628 443.73 497.073 439.451C497.74 436.376 499.339 433.302 504.983 434.101C516.938 434.718 513.469 429.195 518.233 429.448C523.078 429.69 528.783 428.335 528.712 425.098C528.651 422.023 522.279 419.535 522.279 413.982C522.279 409.734 524.049 405.931 524.049 401.673C524.049 400.843 522.198 396.392 522.198 394.734C522.198 392.417 524.706 391.396 527.013 391.396C534.326 391.396 542.519 391.538 544.794 396.878C547.525 390.182 553.028 390.536 554.323 387.421C555.395 384.791 547.647 378.166 547.647 371.409C547.647 366.129 550.681 362.457 554.474 359.332C556.386 357.764 554.677 352.231 555.273 350.137C556.042 347.417 561.899 349.157 562.88 346.517C559.137 345.303 555.395 342.036 551.349 336.402C548.709 339.335 548.436 345.232 543.257 345.232C538.533 345.232 535.853 341.803 531.787 339.588C527.62 337.363 525.647 341.044 521.47 338.546C516.665 335.673 515.441 329.038 509.888 329.038C507.754 329.038 504.376 334.095 502.707 335.289C498.357 338.434 495.384 337.99 490.013 337.99C485.39 337.99 487.282 330.019 482.649 330.019C479.605 330.019 478.239 333.772 478.239 336.827C478.239 338.769 478.34 343.876 476.398 343.876C471.209 343.876 470.006 336.24 467.689 331.607C464.453 325.043 460.66 323.01 456.401 317.072C452.153 311.064 448.35 308.009 441.684 304.965C438.073 303.296 431.569 303.549 431.569 299.473C431.569 294.284 432.601 295.851 433.471 290.268C433.562 289.631 433.623 285.423 432.793 285.423C426.401 285.423 427.149 291.007 422.537 296.074C422.537 296.074 420.686 297.996 418.319 301.374C414.819 305.855 412.634 307.685 408.002 307.685C405.878 307.685 403.531 308.92 400.962 307.261C399.182 306.28 403.966 302.305 402.54 299.877C399.485 298.795 398.089 300.757 395.5 300.757C393.376 300.757 393.244 305.056 391.333 304.136C389.552 303.276 390.17 300.272 386.478 300.696L381.086 301.374C379.415 301.141 377.717 301.182 376.059 301.495C372.317 301.799 378.022 295.801 378.022 293.211C378.022 289.145 378.831 284.26 374.765 284.26C373.47 284.26 372.074 285.797 370.436 286.182C366.552 286.718 366.41 283.461 363.355 283.461C359.34 283.461 355.466 284.887 352.735 287.021C349.67 289.429 348.274 291.876 344.228 290.764C342.266 291.836 340.84 294.607 338.22 294.607C335.074 294.607 330.229 294.628 327.357 295.922C321.166 298.674 320.246 301.293 314.41 304.257C310.253 306.29 306.925 305.602 302.393 306.715C299.248 307.453 297.508 312.5 294.908 310.578C290.62 307.382 288.081 307.261 282.154 307.261C280.029 307.261 277.43 309.183 277.43 311.307C277.43 319.176 288.9 320.815 289.335 325.67C289.416 326.58 288.172 327.389 287.241 327.389C284.379 327.389 283.125 324.193 280.252 324.193C277.015 324.193 274.83 324.952 274.83 328.189C274.83 330.515 277.126 332.669 277.126 334.986C277.126 339.153 272.16 337.443 270.501 341.732C269.672 343.897 271.3 343.158 271.3 345.475C271.3 346.122 271.725 347.417 272.241 347.811C276.692 351.25 284.541 347.963 286.199 352.97C284.237 358.654 279.473 363.165 271.786 363.317C269.014 362.214 270.673 360.434 267.619 360.434C264.756 360.434 264.776 364.177 262.652 366.018C251.061 362.781 252.335 353.445 247.753 353.324C244.233 353.233 244.395 357.733 240.875 357.733C238.468 357.733 239.601 353.819 237.203 353.819C234.422 353.819 234.331 354.184 231.559 354.184C228.221 354.184 225.622 359.524 222.294 359.524C219.422 359.524 217.702 353.89 216.023 351.665C210.733 347.902 212.786 360.191 210.146 360.626C206.94 361.071 208.427 349.156 204.755 348.054C203.379 344.999 203.197 341.52 199.495 341.52C197.371 341.52 197.331 343.27 194.317 342.996L192.84 342.622C190.099 340.397 191.171 337.332 190.706 333.823C189.138 333.721 188.855 333.377 187.287 333.377C184.96 333.377 184.434 338.05 182.118 338.05C178.881 338.05 180.085 332.467 176.848 332.467C172.681 332.467 174.087 339.588 167.705 339.153C160.847 338.698 159.977 343.199 156.781 345.839C154.849 347.457 151.824 344.928 150.044 346.395C148.325 347.74 150.904 359.888 149.366 361.173C148.082 362.255 144.967 361.173 144.279 360.01C139.464 355.195 140.233 347.437 137.775 347.437C133.163 347.437 136.581 355.893 131.089 357.188C126.426 358.3 128.955 365.532 126.74 370.438C124.98 374.413 118.344 375.91 119.558 380.189C120.469 383.446 127.407 381.726 124.909 385.57C124.201 386.652 124.039 386.743 124.039 388.038C124.039 391.831 127.347 393.125 130.664 394.784C131.494 395.199 133.871 395.492 134.71 395.897C137.411 397.181 137.917 399.953 139.494 402.643C141.072 405.324 144.117 408.288 143.176 411.292C142.499 413.436 137.714 411.595 137.714 413.8C137.714 417.785 144.157 419.444 148.132 419.444C153.696 419.444 155.719 413.517 161.282 413.517C165.075 413.517 165.621 413.497 169.363 414.356C171.083 414.963 172.064 415.034 174.795 415.368Z" fill="white"/>\r\n                                    <path fill-rule="evenodd" clip-rule="evenodd" d="M204.017 156.408C205.028 154.85 206.333 154.446 207.921 155.194C223.498 160.232 241.826 164.399 262.905 167.687C264.24 168.182 264.888 169.284 264.857 171.004L261.398 182.019C260.548 183.526 259.456 184.174 258.09 183.971L238.801 180.472C237.163 179.935 236.111 180.239 235.646 181.372C223.548 204.808 214.607 227.353 208.831 248.989C207.618 251.143 205.918 251.953 203.713 251.397L191.98 249.293C189.279 248.686 188.228 247.776 188.683 245.975C194.347 227.323 204.098 204.443 217.894 177.316C218.42 175.93 218.218 175.08 217.287 174.757L200.699 170.094C198.808 169.325 198.302 168.748 198.899 166.938L204.017 156.408ZM384.687 170.994C386.508 171.075 387.762 172.44 388.501 175.05L389.107 193.6C388.258 195.158 386.892 195.866 384.991 195.704L375.058 195.856C373.035 196.069 372.023 195.361 372.054 193.742L371.902 189.837C372.155 188.199 371.508 187.441 369.95 187.582L329.46 187.885C327.589 187.299 326.689 187.946 326.75 189.837L325.091 246.42C325.05 247.917 325.698 249.88 327.195 249.738L371.154 249.293C372.6 249.374 373.247 248.665 373.116 247.178L372.651 239.208C372.61 237.489 373.308 236.588 374.775 236.497L389.542 236.052C391.798 236.366 392.698 237.316 392.253 238.904L391.95 262.573C391.667 264.849 390.564 265.952 388.642 265.871L314.076 266.781C310.869 266.994 308.867 265.881 308.058 263.464L311.517 176.557C311.962 172.592 313.418 170.64 315.876 170.691L384.687 170.994ZM434.401 172.794C433.36 170.336 434.058 168.677 436.515 167.838L484.075 157.167C488.202 156.418 490.751 157.622 491.742 160.778C507.006 184.163 520.418 209.663 531.989 237.246C533.486 239.956 532.131 241.858 529.733 242.515C498.651 250.921 476.054 255.897 461.964 257.445C458.93 257.961 456.978 257.061 456.057 254.734C447.702 213.911 440.48 186.591 434.401 172.805M455.005 183.374C454.075 181.999 454.581 181.028 456.512 180.462L479.261 175.505C481.526 175.363 482.983 176.122 483.61 177.761C491.439 188.634 499.612 205.101 508.179 227.172C509.211 229.842 508.31 231.551 505.478 232.29L475.801 238.601C473.414 239.623 472.018 239.127 471.594 237.094C465.059 212.424 459.527 194.531 455.005 183.374ZM130.462 536.856C132.09 535.845 132.303 535.319 131.706 534.53C131.231 533.882 130.664 533.852 129.592 533.964C127.872 534.115 127.286 533.862 125.667 531.698L109.787 510.629C108.523 508.96 109.089 508.687 109.767 507.959C110.435 507.22 110.07 506.502 109.838 506.208C109.14 505.278 107.946 505.642 107.481 505.834L99.2173 509.142C98.5598 509.405 97.9226 509.577 97.4371 509.951C96.6076 510.578 96.6077 511.195 97.0831 511.822C97.6394 512.56 98.1552 512.631 101.25 512.449C107.754 512.004 108.573 513.613 110.657 516.364C111.871 517.982 111.567 518.194 110.93 518.69L86.5738 537.028C83.5393 539.324 81.3444 539.669 79.1596 537.089C78.7044 536.583 78.047 535.703 77.1569 536.381C76.0443 537.211 76.8838 538.343 77.2581 538.829C79.2507 541.479 81.5366 543.907 83.5292 546.547C85.5218 549.197 87.2211 552.069 89.2138 554.719C89.588 555.205 90.4376 556.338 91.5704 555.478C92.6932 554.628 91.4997 553.758 90.9636 552.544C89.7498 549.712 90.9231 548.205 93.5226 546.243L117.869 527.895C118.274 527.602 118.81 527.187 119.396 527.976L120.984 530.079C123.574 533.518 121.773 536.32 120.377 538.535C119.477 539.901 118.87 540.741 119.771 541.914C120.721 543.188 122.077 541.934 125.667 539.769L130.462 536.846V536.856ZM137.33 590.647C138.068 589.909 137.836 589.17 137.289 588.604C136.46 587.795 135.368 588.169 133.85 588.654C131.251 589.433 126.305 590.384 121.834 585.923L121.015 585.094C117.151 581.23 119.973 578.064 122.056 575.99L128.429 569.598C129.521 568.516 130.219 568.182 132.212 570.164L133.021 570.994C136.025 573.988 136.116 575.373 135.287 577.417C134.204 580.057 133.517 580.836 134.579 581.928C135.459 582.798 136.157 582.363 137.714 580.532C144.795 572.42 138.24 580.37 145.654 572.946C146.352 572.248 146.352 571.469 145.745 570.862C144.734 569.861 143.753 570.781 142.144 571.429C138.321 572.895 137.026 571.51 135.115 569.608L133.072 567.565C132.161 566.654 132.08 565.957 133.729 564.308L141.012 557.025C142.225 555.811 143.014 554.851 146.393 558.239C151.43 563.266 151.035 565.825 150.307 569.426C149.953 570.903 149.822 571.297 150.509 571.995C151.035 572.511 151.561 572.855 154.201 570.215L156.629 567.787C158.146 566.27 158.632 566.22 157.205 564.783C156.548 564.136 155.85 563.529 155.162 562.922C153.685 561.617 148.345 556.55 146.312 554.426L140.061 547.993C138.068 545.909 135.802 542.703 133.941 541.438C133.072 540.832 132.293 540.659 131.686 541.266C130.907 542.045 131.686 542.834 132.121 543.35C134.376 545.879 133.729 548.003 131.038 550.683L112.731 569.001C110.04 571.692 107.906 572.339 105.397 570.083C104.871 569.648 104.082 568.87 103.314 569.648C102.302 570.66 103.314 571.641 103.749 572.076C106.52 574.858 108.341 576.243 112.245 580.067C114.329 582.14 117.019 584.831 120.742 588.826L126.133 594.551C128.742 597.323 128.955 597.282 131.119 595.38C132.252 594.42 133.122 593.722 133.678 593.256C135.631 591.82 135.641 592.346 137.33 590.647ZM181.137 634.272C181.38 633.928 181.693 633.392 180.945 632.846C180.156 632.269 179.286 631.794 178.527 631.167C175.574 628.648 177.789 626.231 178.871 624.744L194.094 603.796C196.329 600.711 198.322 599.74 201.174 601.581C201.751 601.925 202.641 602.572 203.299 601.672C204.118 600.529 202.975 599.71 202.489 599.345C199.799 597.393 196.906 595.745 194.226 593.803C191.545 591.85 189.077 589.605 186.397 587.663C185.901 587.299 184.758 586.469 183.929 587.612C183.281 588.502 184.171 589.16 184.687 589.605C187.317 591.739 186.994 593.934 184.758 597.009L179.741 603.907C179.134 604.757 178.871 605.323 177.627 604.423L166.46 596.311C165.267 595.441 165.52 594.784 166.096 593.995L171.113 587.096C173.349 584.011 175.341 583.04 178.194 584.871C178.76 585.225 179.66 585.873 180.318 584.972C181.137 583.84 179.994 583.01 179.509 582.646C176.818 580.694 173.915 579.045 171.235 577.093C168.554 575.151 166.096 572.905 163.416 570.963C162.92 570.599 161.777 569.77 160.948 570.913C160.301 571.803 161.191 572.45 161.696 572.906C164.326 575.03 164.023 577.235 161.777 580.31L146.555 601.257C144.329 604.342 142.316 605.313 139.484 603.482C138.898 603.139 138.008 602.481 137.36 603.381C136.531 604.524 137.664 605.344 138.169 605.708C140.85 607.65 143.743 609.309 146.423 611.251C149.103 613.203 151.582 615.448 154.252 617.4C154.758 617.754 155.89 618.584 156.72 617.441C157.367 616.551 156.467 615.904 155.961 615.459C153.342 613.324 153.655 611.119 155.89 608.044L162.344 599.154C163.386 597.717 163.659 597.98 164.893 598.88L175.918 606.891C177.051 607.721 176.353 608.58 175.817 609.319L169.545 617.967C167.3 621.042 165.307 622.013 162.465 620.182C161.889 619.838 160.988 619.181 160.341 620.071C159.512 621.224 160.655 622.053 161.15 622.407C163.831 624.359 169.414 627.95 169.414 627.95C169.414 627.95 173.136 630.135 173.541 632.704C173.885 635.152 170.385 639.967 169.93 641.535C169.636 642.455 170.031 642.961 170.638 643.396C171.67 644.154 172.398 644.083 175.169 641.009L178.234 637.62C179.124 636.608 180.743 634.818 181.137 634.272ZM210.875 649.05C211.36 648.058 210.369 647.573 209.782 647.229C206.06 645.206 207.456 641.929 208.427 639.946L219.776 616.682C220.747 614.68 222.466 611.564 226.35 613.253C226.987 613.496 227.979 613.982 228.464 612.99C229.081 611.726 227.817 611.099 227.261 610.836C224.287 609.38 221.151 608.257 218.167 606.8C215.194 605.354 212.372 603.574 209.398 602.117C208.841 601.844 207.577 601.227 206.96 602.491C206.475 603.503 207.466 603.978 208.042 604.322C211.765 606.345 210.379 609.622 209.408 611.605L198.059 634.889C197.088 636.861 195.358 639.987 191.474 638.298C190.847 638.055 189.846 637.569 189.371 638.571C188.743 639.835 190.018 640.452 190.564 640.715C193.548 642.171 196.684 643.294 199.657 644.741C202.641 646.197 205.463 647.977 208.437 649.434C208.983 649.697 210.258 650.314 210.875 649.05ZM257.271 656.332C260.912 646.885 252.214 642.111 249.483 640.857L249.543 640.685C251.364 641.251 260.093 643.679 262.925 636.295C264.382 632.522 265.11 625.31 249.988 619.504C246.5 618.12 242.832 617.242 239.095 616.895C237.254 616.713 237.325 616.875 235.919 619.161L233.562 622.913C232.864 624.036 231.66 625.806 233.491 626.514C234.705 626.969 235.716 625.857 236.647 624.966C239.52 622.114 242.898 619.474 248.289 621.537C254.297 623.844 253.994 628.597 252.608 632.208C251.961 633.867 249.23 639.774 242.878 637.337L239.034 635.86C238.356 635.597 238.093 635.769 237.861 636.012L236.9 637.155C236.698 637.337 236.505 637.863 237.365 638.186L240.744 639.481C248.431 642.425 247.5 648.908 246.104 652.57C243.636 658.982 238.367 660.378 233.673 658.578C226.907 655.978 226.391 649.141 225.956 645.965C225.794 644.508 225.531 644.154 224.853 643.891C223.245 643.284 222.8 644.943 222.355 646.622L221.687 649.05C221.384 650.182 220.919 651.386 221.637 652.772C222.85 655.078 227.918 658.992 233.42 661.117C248.775 667.003 254.935 662.401 257.271 656.332ZM336.642 679.677C336.773 678.585 335.681 678.443 335.024 678.302C331.686 677.715 330.897 675.641 331.362 671.859L334.508 646.167C334.983 642.404 336.258 640.573 339.626 640.806C340.314 640.826 341.406 640.958 341.538 639.865C341.699 638.47 340.304 638.288 339.697 638.217C336.46 637.812 333.253 637.792 330.027 637.397C326.861 637.013 323.796 636.264 320.63 635.88C320.023 635.799 318.617 635.627 318.445 637.033C318.324 638.126 319.416 638.247 320.084 638.409C323.392 639.056 323.827 641.585 323.432 644.811L319.851 673.973C319.679 675.308 319.477 675.965 317.1 675.682L307.238 674.458C306.075 674.316 305.327 673.912 305.569 671.909L309.109 643.052C309.514 639.815 310.546 637.478 313.924 637.65C314.602 637.671 315.694 637.802 315.846 636.71C315.998 635.314 314.602 635.142 313.995 635.061C310.89 634.687 307.673 634.656 304.568 634.282C301.463 633.898 298.337 633.139 295.232 632.765C294.625 632.684 293.219 632.512 293.047 633.918C292.916 635.01 294.018 635.132 294.676 635.283C297.993 635.941 298.428 638.47 298.034 641.696L294.453 670.857C294.281 672.192 294.079 672.85 291.702 672.556L281.84 671.343C280.738 671.211 279.918 670.928 280.171 668.794L283.721 639.936C284.126 636.699 285.148 634.363 288.526 634.535C289.204 634.555 290.296 634.687 290.427 633.594C290.599 632.178 289.214 632.016 288.607 631.945C285.431 631.561 282.275 631.541 279.109 631.136C275.882 630.752 272.757 630.003 269.53 629.609C268.923 629.528 267.517 629.356 267.346 630.762C267.214 631.855 268.317 631.976 268.974 632.128C272.312 632.724 273.101 634.798 272.635 638.581L269.48 664.262C269.014 668.035 267.74 669.866 264.372 669.623C263.694 669.613 262.592 669.481 262.46 670.574C262.288 671.97 263.684 672.152 264.301 672.223C267.538 672.617 270.734 672.627 273.961 673.032C277.197 673.436 280.434 674.205 283.671 674.6L289.699 675.338C292.936 675.732 296.193 675.763 299.42 676.147C302.656 676.552 305.832 677.31 309.059 677.715L315.087 678.453C318.324 678.848 321.662 678.888 324.878 679.283C328.115 679.677 331.231 680.436 334.457 680.83C335.064 680.911 336.48 681.073 336.642 679.677ZM385.325 667.226C385.254 666.184 384.556 665.871 383.757 665.921C382.594 666.002 382.179 667.084 381.532 668.531C380.419 671.009 377.89 675.368 371.599 675.813L370.436 675.894C364.974 676.279 364.448 672.071 364.235 669.128L363.618 660.135C363.497 658.618 363.699 657.85 366.511 657.657L367.674 657.577C371.902 657.283 373.005 658.123 374.006 660.085C375.291 662.644 375.422 663.676 376.939 663.564C378.173 663.483 378.305 662.674 377.951 660.297C376.474 649.646 378.153 659.802 377.435 649.333C377.364 648.352 376.777 647.846 375.918 647.917C374.502 647.998 374.542 649.353 373.986 650.992C372.59 654.835 370.688 654.906 367.998 655.098L365.115 655.301C363.831 655.382 363.254 654.997 363.092 652.671L362.364 642.394C362.253 640.685 362.04 639.471 366.814 639.127C373.915 638.632 375.594 640.604 377.83 643.527C378.71 644.751 378.932 645.105 379.903 645.044C380.641 644.994 381.238 644.822 380.975 641.1L380.743 637.67C380.591 635.526 380.874 635.142 378.841 635.273C373.87 635.894 368.881 636.367 363.881 636.69L354.93 637.195C352.057 637.337 348.143 636.932 345.978 637.519C344.946 637.772 344.299 638.247 344.36 639.107C344.441 640.199 345.543 640.129 346.221 640.139C349.599 640.088 350.772 641.969 351.035 645.772L352.846 671.585C353.119 675.378 352.209 677.412 348.851 677.826C348.193 677.937 347.08 678.028 347.161 679.121C347.262 680.537 348.668 680.436 349.285 680.385C353.2 680.112 355.445 679.647 360.887 679.202C363.82 679 367.624 678.737 373.076 678.534L380.935 678.231C384.738 678.089 384.849 677.897 384.829 675.014C384.849 673.528 384.89 672.425 384.9 671.687C385.102 669.269 385.486 669.613 385.325 667.236M433.987 655.614C431.893 646.531 422.982 646.127 417.378 647.492L417.328 647.31C421.546 646.46 429.122 643.011 427.463 635.85C425.197 625.978 413.99 627.616 406.99 629.235C400.294 630.782 391.606 633.544 387.59 635.789C386.255 636.538 386.134 637.134 386.296 637.792C386.579 639.046 387.843 638.753 388.136 638.692C388.733 638.551 389.35 638.277 389.977 638.186C392.466 637.812 393.042 640.007 393.386 641.504L399.334 667.266C400.011 670.189 400.143 672.991 396.37 674.043C395.723 674.266 394.65 674.519 394.893 675.581C395.217 676.957 396.592 676.643 397.189 676.491C400.416 675.763 403.561 674.66 406.788 673.912C411.33 672.86 415.891 672.192 420.443 671.14C426.431 669.765 436.495 666.427 433.987 655.614ZM416.084 638.348C417.055 642.526 415.568 646.774 409.357 648.2L408.639 648.372C406.788 648.797 406.657 647.694 406.454 646.804L404.098 636.639C403.693 634.909 403.491 632.684 407.213 631.834C412.048 630.712 415.143 634.282 416.084 638.348ZM422.618 658.74C424.317 666.093 420.231 668.541 417.358 669.209C412.27 670.382 411.026 666.639 410.51 664.353L407.941 653.247C407.466 651.224 408.71 650.87 409.357 650.719L410.328 650.496C415.588 649.282 420.868 651.143 422.618 658.74ZM472.312 621.153C467.983 609.865 455.198 614.578 452.284 615.701C450.274 616.468 448.288 617.294 446.327 618.179C444.465 619.029 442.576 619.818 440.663 620.546C437.578 621.74 434.341 622.579 431.256 623.763C430.679 623.985 429.354 624.491 429.87 625.816C430.376 627.131 431.539 626.221 432.844 626.049C435.919 625.654 437.041 627.202 438.205 630.236L447.49 654.41C448.653 657.445 448.856 659.326 446.317 661.096C445.214 661.845 443.748 661.946 444.243 663.261C444.759 664.576 446.074 664.08 446.65 663.868C449.746 662.664 452.699 661.137 455.794 659.953C459.001 658.719 462.288 657.849 465.505 656.626C466.061 656.403 467.386 655.897 466.88 654.582C466.475 653.551 465.434 653.895 464.796 654.127C461.034 655.442 459.486 653.48 458.252 650.263L454.712 641.059C454.56 640.654 454.338 640.068 455.258 639.724C456.179 639.38 457.059 639.623 458.9 639.451C460.741 639.269 462.875 638.844 464.533 638.207C466.17 637.606 467.671 636.686 468.95 635.502C470.229 634.317 471.261 632.89 471.985 631.305C472.709 629.719 473.112 628.005 473.17 626.263C473.228 624.52 472.939 622.783 472.322 621.153M461.357 625.502C462.5 628.466 463.522 634.383 457.413 636.73C456.57 637.099 455.648 637.249 454.732 637.165C454.328 637.124 453.134 636.932 452.669 635.729L449.027 626.221C448.588 625.129 448.283 623.987 448.117 622.822C447.996 620.627 449.432 619.747 450.686 619.261C455.723 617.34 459.658 621.082 461.357 625.492M521.298 603.391C515.158 592.761 501.22 589.473 488.364 596.898C476.621 603.675 472.18 616.51 478.907 628.142C485.35 639.309 499.328 642.283 512.033 634.96C524.878 627.525 527.741 614.548 521.298 603.391ZM512.134 611.079C516.281 618.26 518.456 628.415 511.173 632.613C502.565 637.59 492.663 628.416 488.212 620.718C483.499 612.525 482.568 603.078 489.264 599.214C497.933 594.207 507.754 603.493 512.124 611.089M534.386 549.621C534.154 549.338 533.476 549.581 533.152 549.864C532.343 550.532 532.849 551.705 532.849 554.274C532.849 557.895 532.363 559.331 530.624 560.788C528.793 562.325 526.81 562.073 525.03 560.515C524.342 559.888 522.805 558.452 521.318 559.716C519.7 561.051 519.366 565.036 520.812 566.776C523.27 569.689 528.601 567.929 531.574 565.441C536.46 561.344 536.045 554.648 535.013 550.774C534.894 550.348 534.679 549.953 534.386 549.621ZM579.539 581.19C578.831 580.34 577.981 581.048 577.415 581.432C574.724 583.465 572.661 582.646 570.223 579.723L553.574 559.878C551.126 556.965 550.671 554.79 553.129 552.494C553.615 551.998 554.444 551.29 553.736 550.44C552.826 549.358 551.753 550.269 551.278 550.663C548.749 552.797 546.443 555.214 543.894 557.339C541.366 559.463 538.594 561.314 536.055 563.448C535.59 563.853 534.508 564.743 535.408 565.825C536.116 566.675 536.966 565.957 537.522 565.572C539.747 563.853 542.053 564.095 544.339 566.826L544.582 567.11L544.703 594.47L531.342 578.539C528.894 575.626 528.429 573.441 530.897 571.135C531.372 570.66 532.212 569.952 531.504 569.112C530.593 568.02 529.521 568.93 529.056 569.325C526.517 571.449 524.201 573.856 521.672 576.001C519.143 578.125 516.362 579.966 513.813 582.1C513.358 582.504 512.275 583.415 513.176 584.487C513.884 585.326 514.733 584.618 515.29 584.234C517.99 582.211 520.044 583.04 522.501 585.953L539.15 605.789C541.598 608.702 542.063 610.877 539.585 613.193C539.11 613.668 538.27 614.386 538.968 615.226C539.879 616.308 540.961 615.398 541.436 615.003C543.965 612.879 546.271 610.462 548.81 608.338C551.339 606.213 554.12 604.352 556.669 602.228C557.135 601.834 558.217 600.924 557.306 599.841C556.598 598.992 555.759 599.7 555.182 600.094C552.492 602.117 550.428 601.287 547.991 598.374L547.748 598.091L547.617 570.731L561.373 587.137C563.831 590.05 564.286 592.225 561.818 594.531C561.342 595.006 560.503 595.724 561.211 596.564C562.121 597.646 563.193 596.746 563.669 596.362C566.197 594.217 568.503 591.81 571.042 589.686C573.571 587.562 576.353 585.701 578.902 583.566C579.367 583.172 580.449 582.262 579.539 581.19ZM619.037 536.269C618.208 535.551 617.479 536.371 616.984 536.856C614.637 539.274 612.473 538.778 609.6 536.28L590.048 519.287C588.389 517.841 585.871 515.403 588.46 512.055C588.865 511.509 589.593 510.669 588.763 509.931C587.681 509.021 586.761 510.083 586.356 510.538C584.182 513.046 582.28 515.787 580.115 518.286C578.264 520.41 576.09 522.352 574.249 524.486L570.102 529.24L562.414 538.1C561.555 539.071 562.263 539.759 562.445 539.921C563.507 540.852 564.023 540.073 565.196 538.809C567.664 536.249 569.191 536.846 575.018 541.914C586.65 552.019 592.718 561.213 590.756 563.479C590.109 564.217 589.401 564.005 588.642 563.843C587.891 563.629 587.093 563.638 586.347 563.867C585.6 564.097 584.936 564.538 584.434 565.137C582.513 567.363 582.786 570.215 584.819 571.985C588.763 575.404 592.132 571.338 592.455 570.974C593.538 569.719 597.978 564.065 589.269 552.19C586.376 548.215 582.917 544.705 578.821 540.821C572.266 534.712 570.304 533.589 573.773 529.594L575.189 527.976C578.032 524.699 579.063 525.022 581.005 526.711L602.044 544.988C604.897 547.477 605.696 549.56 603.632 552.231C603.228 552.777 602.499 553.606 603.339 554.334C604.401 555.245 605.321 554.193 605.736 553.728C607.911 551.229 609.792 548.489 611.967 545.99C614.152 543.482 616.599 541.226 618.774 538.728C619.179 538.262 620.099 537.2 619.037 536.269Z" fill="white"/>\r\n                                </svg>	0	2
9	<svg class="h-14" viewBox="0 0 321 246" fill="none" xmlns="http://www.w3.org/2000/svg">\r\n<path fill-rule="evenodd" clip-rule="evenodd" d="M32.4141 107.542V115.596H9.54495V124.956H30.5382V132.399H9.54495V143.092H32.9106V151.147H0V107.542H32.4141Z" fill="#E4E4E4"/>\r\n<path fill-rule="evenodd" clip-rule="evenodd" d="M67.9451 108.485C66.4004 107.846 64.6349 107.541 62.7036 107.541H39.3655V151.201H48.883V134.148H58.4001C60.8002 134.148 62.5107 134.676 63.5591 135.731C64.6074 136.786 65.2963 138.453 65.6276 140.73C65.8763 142.48 66.0692 144.313 66.1793 146.229C66.2897 148.145 66.6209 149.784 67.1451 151.173H76.6622C76.2209 150.562 75.89 149.84 75.6692 148.951C75.4484 148.09 75.283 147.145 75.1729 146.174C75.0621 145.201 74.9796 144.257 74.9521 143.313C74.9352 142.733 74.9076 142.205 74.8826 141.723C74.8667 141.421 74.8523 141.137 74.8417 140.869C74.7867 139.758 74.6212 138.675 74.4 137.564C74.1521 136.453 73.8208 135.453 73.3242 134.537C72.8557 133.62 72.2208 132.815 71.4486 132.148C70.6761 131.481 69.7106 130.981 68.5243 130.648V130.537C70.9519 129.565 72.6899 128.149 73.7658 126.26C74.8417 124.372 75.3659 122.15 75.3659 119.594C75.3659 117.928 75.0622 116.373 74.4829 114.928C73.9037 113.456 73.0487 112.206 71.9449 111.095C70.8415 109.985 69.4898 109.124 67.9451 108.485ZM64.2215 125.791C63.1456 126.763 61.4909 127.263 59.3113 127.263V127.235H48.8837V114.959H59.3113C61.4909 114.959 63.1181 115.459 64.2215 116.403C65.2974 117.348 65.8494 118.903 65.8494 121.014C65.8494 123.236 65.3253 124.819 64.2215 125.791Z" fill="#E4E4E4"/>\r\n<path fill-rule="evenodd" clip-rule="evenodd" d="M108.829 150.817C106.76 151.705 104.691 152.122 102.567 152.122C99.256 152.122 96.2767 151.538 93.6011 150.372C90.9527 149.206 88.7181 147.623 86.8975 145.567C85.0766 143.54 83.6699 141.151 82.7044 138.401C81.7386 135.652 81.2419 132.68 81.2419 129.514C81.2419 126.265 81.7386 123.237 82.7044 120.432C83.6699 117.655 85.0766 115.211 86.8975 113.128C88.7181 111.045 90.9527 109.434 93.6011 108.24C96.2492 107.045 99.2285 106.462 102.567 106.462C104.801 106.462 106.953 106.795 109.022 107.462C111.119 108.128 112.994 109.128 114.677 110.434C116.36 111.739 117.739 113.35 118.843 115.266C119.946 117.182 120.608 119.377 120.856 121.876H111.753C111.174 119.432 110.098 117.599 108.47 116.378C106.842 115.155 104.884 114.544 102.594 114.544C100.443 114.544 98.6214 114.961 97.1321 115.794C95.6421 116.627 94.4287 117.738 93.4904 119.155C92.5528 120.571 91.8907 122.154 91.4494 123.959C91.0352 125.765 90.8148 127.598 90.8148 129.514C90.8148 131.347 91.0352 133.125 91.4494 134.847C91.8631 136.569 92.5528 138.124 93.4904 139.512C94.4287 140.901 95.6421 142.012 97.1321 142.845C98.6214 143.679 100.443 144.095 102.594 144.095C105.739 144.095 108.194 143.29 109.905 141.679C111.615 140.068 112.635 137.735 112.912 134.68H103.311V127.542H121.518V151.122H115.449L114.484 146.178C112.774 148.4 110.898 149.956 108.829 150.817Z" fill="#E4E4E4"/>\r\n<path d="M98.2539 245.236C98.2539 245.236 162.753 184.663 149.433 118.948C147.903 111.611 144.038 81.0476 73.1866 41.0275C120.21 56.7483 137.921 65.793 187.981 50.137C195.754 44.5891 221.079 41.2212 231.765 0.0686047C233.206 -2.4693 235.268 65.9578 209.986 113.821C209.256 116.337 165.072 197.07 114.965 234.604C113.189 235.767 98.2539 245.236 98.2539 245.236Z" fill="url(#paint0_linear_529_105)"/>\r\n<path d="M314.403 6.46864C314.403 6.46864 244.721 61.3296 252.075 127.869C252.94 135.303 254.039 166.053 321 211.863C275.584 192.25 253.574 178.842 201.441 193.492C196.897 197.181 181.857 198.07 159.39 239.27C157.726 241.675 161.827 173.385 191.31 127.869C192.262 125.426 247.758 46.7346 301.035 13.5942C302.909 12.586 314.403 6.46864 314.403 6.46864Z" fill="url(#paint1_linear_529_105)"/>\r\n<defs>\r\n<linearGradient id="paint0_linear_529_105" x1="420.505" y1="-16.6994" x2="14.8934" y2="-135.102" gradientUnits="userSpaceOnUse">\r\n<stop offset="1" stop-color="white"/>\r\n</linearGradient>\r\n<linearGradient id="paint1_linear_529_105" x1="179.649" y1="289.095" x2="320.499" y2="267.33" gradientUnits="userSpaceOnUse">\r\n<stop offset="1" stop-color="#E4E4E4"/>\r\n</linearGradient>\r\n</defs>\r\n</svg>	0	2
12	<svg id="__1" fill="#fff" class="h-10" xmlns="http://www.w3.org/2000/svg" viewBox="0 0 361.57 182.56">\r\n    <g id="_0fvZ4c.tif">\r\n        <path d="M122.34,129.28L169.76.26l31.76-.26,1.47.52,47.69,125.76v-20.71l71.91-80.6h-66.42V.03h105.37v25.2l-69.17,77.09-1.24,2.5h69.91v24.45h-143.57l-6.69-20.16-47.93-.23-6.81,20.39h-33.71ZM170.28,85.36h32.46l-15.74-53.9-16.72,53.9Z"/>\r\n        <polygon points="31.46 .03 31.46 51.93 78.15 .03 120.35 .03 73.91 49.17 121.85 129.28 86.64 129.28 51.19 71.9 31.46 92.1 31.46 129.28 0 129.28 0 .03 31.46 .03"/>\r\n        <polygon points="0 155.23 3.55 155.52 11.99 178.68 21.53 155.29 25.47 155.23 25.47 182.18 22.97 182.18 22.97 158.72 13.73 181.68 12.24 182.21 11.08 181.33 2 158.72 2 182.18 0 182.18 0 155.23"/>\r\n        <path d="M110.86,177.69v-22.46h2v26.95c-.7-.01-1.47.12-2.15-.1-1.36-.43-12.94-19.15-15.41-22.03-.45-.52-.48-1.04-1.42-.83v22.96h-2v-26.95l3.24.5c4.9,6.44,9.13,15.08,14.32,21.12.45.52.48,1.04,1.42.83Z"/>\r\n        <path d="M360.54,162.71c-3.07.62-2.18-2.4-3.99-4.24-5.3-5.39-16.36.19-12.01,6.02,3.06,4.1,18.11,1.43,16.97,11.4-1.1,9.71-22.31,8.83-20.94-2.69h2.5c-1.61,10.73,19.74,9.27,15.6-.37-1.94-4.52-15.31-2.43-16.89-9.07-2.79-11.74,18.8-12.46,18.76-1.04Z"/>\r\n        <path d="M208.98,155.23c4.93.99,6.5,8.76,3.01,11.99-.98.91-2.66.93-3.25,1.98,6.55.69,3.68,8.95,5.99,12.98l-2.78-.46c-1.11-5.9.85-11.49-6.94-12.03-2.65-.19-7.08-.4-9.26.77v11.73h-2v-26.95c4.42.61,11.11-.83,15.23,0ZM206.49,156.73c-3.02-.42-6.86.31-9.99,0l-.75.75v9.98l.75.75h9.49c.39,0,3.67-1.28,4.09-1.65,3.65-3.22,1.27-9.14-3.59-9.83Z"/>\r\n        <polygon points="163.29 155.23 163.29 156.73 147.31 156.73 147.31 167.21 162.29 167.21 162.29 169.2 147.31 169.2 147.31 180.18 163.29 180.18 163.29 182.18 144.82 182.18 144.82 155.23 163.29 155.23"/>\r\n        <path d="M266.16,182.17l-2.44-.06-3.37-8.36h-12.61s-2.79,7.93-2.79,7.93l-2.75.49,10.54-26.88c1.15-.15,2.71-.4,3.4.73l10.03,26.15ZM259.67,171.7l-5-13.97c-.84-.63-5.48,12.85-5.99,13.97h10.99Z"/>\r\n        <polygon points="297.62 155.23 297.62 180.18 312.6 180.18 312.6 182.18 295.62 182.18 295.62 155.23 297.62 155.23"/><rect x="57.43" y="155.23" width="2.5" height="26.95"/></g></svg>	0	2
14	<svg class="h-10" viewBox="0 0 73 22" fill="none" xmlns="http://www.w3.org/2000/svg">\r\n<path d="M7.59687 14.6482H10.8859C13.9423 14.6402 14.5118 13.0117 14.5118 10.9982V9.8029H7.6049V5.81596H14.5118C17.2473 5.77585 18.1378 4.17947 18.1378 2.15792V5.77585C18.1378 17.873 9.56227 20.8652 9.56227 20.8652C9.56227 20.8652 8.736 20.6246 7.6049 19.9106V14.6482H7.59687ZM0 5.78387C0 12.5946 2.48682 16.5735 4.56452 18.7153C6.86684 21.0818 9.1852 21.7798 9.28147 21.8118L9.58631 21.9001L9.88312 21.7958C9.97938 21.7637 12.2657 20.9535 14.56 18.5389C16.6377 16.3489 19.1165 12.3539 19.1165 5.78387V0H0V5.78387Z" fill="white"/>\r\n<path d="M25.979 18.129V13.9896H24.3906V12.8906H28.8589V13.9896H27.2705V18.129H25.979Z" fill="white"/>\r\n<path d="M29.4902 18.129V12.8906H32.7713V13.9896H30.7658V14.9443H32.3621V16.0433H30.7658V17.03H32.8675V18.129H29.4902Z" fill="white"/>\r\n<path d="M33.6953 18.129V12.8906H34.9789V17.03H37.1207V18.129H33.6953Z" fill="white"/>\r\n<path d="M37.7441 18.129V12.8906H41.0252V13.9896H39.0197V14.9443H40.616V16.0433H39.0197V17.03H41.1214V18.129H37.7441Z" fill="white"/>\r\n<path d="M41.6777 15.4991C41.6777 14.729 41.9345 14.0872 42.4479 13.5738C42.9613 13.0604 43.619 12.8037 44.4212 12.8037C44.7903 12.8037 45.1432 12.8679 45.4882 12.9882C45.8331 13.1166 46.1299 13.3011 46.3786 13.5417L45.793 14.5044C45.6165 14.3439 45.408 14.2156 45.1753 14.1193C44.9347 14.015 44.7101 13.9669 44.4854 13.9669C43.9961 13.9669 43.6271 14.1113 43.3784 14.4001C43.1297 14.6889 43.0014 15.0419 43.0014 15.459C43.0014 15.8842 43.1297 16.2532 43.3864 16.566C43.6431 16.8789 44.0121 17.0313 44.4854 17.0313C44.9828 17.0313 45.4481 16.8147 45.8813 16.3896L46.5391 17.3281C45.9695 17.9137 45.2716 18.2105 44.4293 18.2105C43.595 18.2105 42.9292 17.9538 42.4318 17.4485C41.9264 16.935 41.6777 16.2853 41.6777 15.4991Z" fill="white"/>\r\n<path d="M46.9033 15.4762C46.9033 14.7141 47.16 14.0804 47.6735 13.567C48.1869 13.0536 48.8446 12.7969 49.6468 12.7969C50.449 12.7969 51.1069 13.0536 51.6203 13.567C52.1337 14.0804 52.3903 14.7141 52.3903 15.4762C52.3903 16.2624 52.1337 16.9122 51.6203 17.4336C51.1069 17.955 50.449 18.2198 49.6468 18.2198C48.8446 18.2198 48.1869 17.955 47.6735 17.4336C47.16 16.9122 46.9033 16.2544 46.9033 15.4762ZM48.235 15.4762C48.235 15.9255 48.3713 16.3025 48.6361 16.5993C48.9008 16.8961 49.2377 17.0485 49.6549 17.0485C50.064 17.0485 50.4009 16.8961 50.6737 16.5993C50.9384 16.3025 51.0748 15.9255 51.0748 15.4762C51.0748 15.043 50.9384 14.6901 50.6737 14.4013C50.4089 14.1125 50.072 13.9761 49.6549 13.9761C49.2457 13.9761 48.9088 14.1205 48.6361 14.4013C48.3633 14.6901 48.235 15.043 48.235 15.4762Z" fill="white"/>\r\n<path d="M52.9941 18.129L53.4274 12.8906H54.8232L55.5853 15.1047L55.85 15.9711H55.866C55.9623 15.6181 56.0506 15.3293 56.1308 15.1047L56.8929 12.8906H58.2887L58.7138 18.129H57.4303L57.2699 15.7705C57.2619 15.6502 57.2538 15.5218 57.2538 15.3774C57.2538 15.2331 57.2538 15.1127 57.2619 15.0245L57.2699 14.8961H57.2538C57.1335 15.2651 57.0372 15.5539 56.957 15.7785L56.4035 17.2947H55.3045L54.751 15.7785L54.4542 14.8961H54.4381C54.4542 15.217 54.4542 15.5138 54.4381 15.7785L54.2777 18.137H52.9941V18.129Z" fill="white"/>\r\n<path d="M24.3906 10.6054V3.12891H28.9712V3.68242C28.9712 4.24397 28.5139 4.70122 27.9524 4.70122H26.2196V6.26551H28.4979V6.79497C28.4979 7.36453 28.0326 7.8298 27.4631 7.8298H26.2196V10.5974H24.3906V10.6054Z" fill="white"/>\r\n<path d="M32.6193 6.51419C32.9161 6.51419 33.1488 6.43397 33.3172 6.27353C33.4857 6.11309 33.5659 5.88848 33.5659 5.59166C33.5659 5.18254 33.4215 4.91781 33.1247 4.79748C32.9643 4.72529 32.7316 4.6932 32.4348 4.6932H31.8171V6.51419H32.6193ZM29.9961 10.6054V3.12891H32.5952C33.261 3.12891 33.7424 3.18506 34.0472 3.30539C34.4804 3.47385 34.8173 3.73858 35.058 4.11561C35.2986 4.49265 35.427 4.94188 35.427 5.47936C35.427 5.8965 35.3307 6.2976 35.1382 6.67463C34.9457 7.05167 34.6649 7.33244 34.3119 7.51695V7.54101C34.3841 7.62926 34.4724 7.78167 34.5927 7.99024L36.0447 10.6054H34.0071L32.6834 8.08651H31.8251V10.6054H29.9961Z" fill="white"/>\r\n<path d="M36.877 10.6054V3.12891H41.5538V4.70122H38.7059V6.05694H40.9842V7.62925H38.7059V9.04113H41.7062V10.6054H36.877Z" fill="white"/>\r\n<path d="M42.8701 10.6054V3.12891H47.555V4.70122H44.6992V6.05694H46.9854V7.62925H44.6992V9.04113H47.6994V10.6054H42.8701Z" fill="white"/>\r\n<path d="M50.6981 9.04113H51.4522C52.094 9.04113 52.5913 8.85662 52.9523 8.47959C53.3133 8.10255 53.4898 7.56508 53.4898 6.85914C53.4898 6.16123 53.3053 5.63177 52.9443 5.26276C52.5833 4.89375 52.0859 4.70924 51.4522 4.70924H50.6981V9.04113ZM48.8691 10.6054V3.12891H51.5244C52.7117 3.12891 53.6502 3.45781 54.3401 4.11561C55.03 4.77342 55.383 5.68793 55.383 6.85112C55.383 8.02233 55.038 8.93684 54.3401 9.60267C53.6502 10.2685 52.7117 10.5974 51.5244 10.5974H48.8691V10.6054Z" fill="white"/>\r\n<path d="M58.0699 6.82217C58.0699 7.46393 58.2625 7.99339 58.6395 8.41855C59.0166 8.84372 59.5059 9.05229 60.0915 9.05229C60.6771 9.05229 61.1584 8.8357 61.5355 8.41855C61.9125 7.99339 62.105 7.46393 62.105 6.82217C62.105 6.2125 61.9125 5.69909 61.5355 5.28997C61.1584 4.88085 60.6771 4.6803 60.0915 4.6803C59.5059 4.6803 59.0246 4.88085 58.6395 5.28997C58.2545 5.69909 58.0699 6.2125 58.0699 6.82217ZM56.1768 6.82217C56.1768 5.73118 56.5458 4.82469 57.2758 4.10271C58.0058 3.37271 58.9444 3.01172 60.0915 3.01172C61.2306 3.01172 62.1692 3.37271 62.8992 4.10271C63.6292 4.83271 63.9982 5.7392 63.9982 6.82217C63.9982 7.93723 63.6292 8.86778 62.8992 9.61383C62.1692 10.3599 61.2306 10.7289 60.0915 10.7289C58.9444 10.7289 58.0138 10.3599 57.2758 9.61383C56.5377 8.86778 56.1768 7.93723 56.1768 6.82217Z" fill="white"/>\r\n<path d="M64.8496 10.6054L65.4673 3.12891H67.4568L68.5397 6.28156L68.9168 7.51695H68.9408C69.0772 7.01156 69.2056 6.60244 69.3179 6.28156L70.4008 3.12891H72.3903L73 10.6054H71.171L70.9383 7.23618C70.9222 7.06771 70.9142 6.88321 70.9142 6.67463C70.9142 6.46606 70.9143 6.2976 70.9223 6.16925L70.9303 5.98474H70.9062C70.7378 6.50617 70.6014 6.92332 70.4891 7.23618L69.7029 9.40212H68.1386L67.3525 7.23618L66.9353 5.98474H66.9113C66.9353 6.442 66.9353 6.85914 66.9113 7.23618L66.6786 10.6054H64.8496Z" fill="white"/>\r\n</svg>	0	2
15	<svg class="header-panel__logo-pic h-14" viewBox="0 0 80 60" fill="none" xmlns="http://www.w3.org/2000/svg"><path fill-rule="evenodd" clip-rule="evenodd" d="M39.42 46.405l.008-22.005h-11.69c.166 11.831 5.3 21.45 11.682 22.005zm.008-23.168V1.232c-6.39.547-11.524 10.173-11.69 22.005h11.69zM40.58 1.232l-.008 22.005h11.69c-.166-11.832-5.3-21.45-11.682-22.005zM40.572 24.4v22.005c6.39-.548 11.524-10.174 11.69-22.005h-11.69zm4.494-22.636c10.079 2.235 17.689 10.987 17.967 21.473h-9.59c-.135-9.695-3.567-17.99-8.377-21.473zm-18.51 21.473h-9.59c.279-10.486 7.89-19.238 17.968-21.473-4.81 3.482-8.242 11.778-8.378 21.473zM63.033 24.4c-.278 10.485-7.888 19.237-17.967 21.473 4.81-3.483 8.242-11.778 8.378-21.473h9.59zM34.934 45.873C24.855 43.637 17.245 34.885 16.967 24.4h9.59c.135 9.695 3.567 17.99 8.377 21.473zM50.478 2.35c13.06 2.927 22.597 11.154 22.966 20.887H64.23C64.004 14.052 58.442 6.12 50.478 2.35zM15.77 23.237H6.556c.37-9.733 9.906-17.96 22.966-20.887-7.964 3.77-13.526 11.702-13.752 20.887zM73.444 24.4c-.37 9.725-9.906 17.96-22.966 20.887C58.442 41.516 64.004 33.585 64.23 24.4h9.214zM29.522 45.287C16.462 42.36 6.925 34.125 6.556 24.4h9.214c.226 9.185 5.788 17.116 13.752 20.887zM40 0c22.032 0 40 10.698 40 23.822 0 13.116-17.968 23.815-40 23.815S0 36.938 0 23.822C0 10.698 17.968 0 40 0zM1.212 23.237h4.17C5.653 15.61 11.178 8.85 19.548 4.615 8.814 8.516 1.558 15.39 1.212 23.237zm73.406 0h4.17c-.346-7.847-7.602-14.713-18.336-18.622 8.37 4.236 13.895 10.995 14.166 18.622zm4.17 1.163h-4.17c-.271 7.626-5.796 14.386-14.166 18.614 10.734-3.901 17.99-10.767 18.336-18.614zm-73.406 0h-4.17c.346 7.847 7.602 14.713 18.336 18.614C11.178 38.786 5.653 32.026 5.382 24.4z" class="header-panel__logo-pic-rama"></path> <path fill-rule="evenodd" clip-rule="evenodd" d="M13.79 11.725c.813 0 1.679.053 1.89.167.218.114.353.122.707.745l.18.555c1.386 5.9 2.989 13.101 4.374 19.002.316.98.46 1.11.707 1.43.512.395 1.167.395 1.634.395H56.47c.459-.03 1.325-.267 1.716-.54.301-.274.61-.677.753-1.285 1.377-5.9 3.154-13.101 4.531-18.994a2.3 2.3 0 01.166-.517c.113-.236.421-.707.813-.852.383-.09 1.61-.09 1.761-.106 0 8.265-.023 15.983-.023 24.248-.105.73-.662 1.528-1.114 1.749-.865.425-1.678.661-2.822.783-14.784.007-29.567.023-44.359.038-1.324-.091-2.476-.41-3.229-.776-.421-.213-.835-1.019-.873-1.764V11.725z" fill="#FEFEFE"></path> <path fill-rule="evenodd" clip-rule="evenodd" d="M18.043 9.847h43.816c-1.55 6.447-2.973 13.884-4.524 20.324a4.571 4.571 0 01-.572 1.087c-.263.335-.737.609-1.19.609H24.02c-.497-.076-.58-.015-1.054-.403-.452-.449-.58-.738-.715-1.308l-4.208-20.31z" fill="#FEFEFE"></path> <path fill-rule="evenodd" clip-rule="evenodd" d="M13.79 11.725c.813 0 1.679.053 1.89.167.218.114.353.122.707.745l.18.555c1.386 5.9 2.989 13.101 4.374 19.002.316.98.46 1.11.707 1.43.512.395 1.167.395 1.634.395H56.47c.459-.03 1.325-.267 1.716-.54.301-.274.61-.677.753-1.285 1.377-5.9 3.154-13.101 4.531-18.994a2.3 2.3 0 01.166-.517c.113-.236.421-.707.813-.852.383-.09 1.61-.09 1.761-.106 0 8.265-.023 15.983-.023 24.248-.105.73-.662 1.528-1.114 1.749-.865.425-1.678.661-2.822.783-14.784.007-29.567.023-44.359.038-1.324-.091-2.476-.41-3.229-.776-.421-.213-.835-1.019-.873-1.764V11.725z" fill="currentColor"></path> <path fill-rule="evenodd" clip-rule="evenodd" d="M18.043 9.847h43.816c-1.55 6.447-2.973 13.884-4.524 20.324a4.571 4.571 0 01-.572 1.087c-.263.335-.737.609-1.19.609H24.02c-.497-.076-.58-.015-1.054-.403-.452-.449-.58-.738-.715-1.308l-4.208-20.31zM76.297 59.992l.67-1.566c-1.43-.03-2.996-.243-4.246-.92-1.076-.586-1.769-1.452-1.769-2.676 0-.647.256-1.187.828-1.536.655-.396 1.641-.472 2.394-.472h2.604l-.685-1.566h-2.83c-1.438 0-3.176.213-4.306 1.156-.76.638-1.068 1.46-1.068 2.418 0 1.62.715 2.843 2.1 3.756 1.678 1.095 3.816 1.406 5.803 1.406h.505zM66.308 59.992v-8.736h-3.312v3.406l-4.637-3.406h-3.304v8.736h3.312l.045-6.12 4.584 3.528v2.592h3.312zM53.097 59.992v-8.736h-3.312v8.736h3.312zM48.34 51.256h-8.558l-.663 1.566h4.54l-5.074 7.17h9.01l.67-1.566h-4.998l5.073-7.17zM37.576 51.256h-8.558l-.67 1.566h4.546l-5.073 7.17h9.01l.67-1.566h-4.998l5.073-7.17zM26.405 59.992v-7.177l-3.32.06v2.418H18.63l.12-.197c.346-.548.806-1.118 1.385-1.46 1.16-.677 2.823-.814 4.14-.814l2.123-.023-.023-1.543h-1.844c-1.317 0-2.732.03-4.034.228-1.182.182-2.387.532-3.403 1.163-.783.495-1.385 1.148-1.739 1.977-.316.73-.414 1.551-.414 2.327 0 .806.211 1.566.572 2.281l.46.768h3.56a5.003 5.003 0 01-.775-1.087 3.414 3.414 0 01-.414-1.605h4.742v2.684h3.32zM13.27 51.256H9.62l-3.252 3.908 3.711 4.828h3.922l-4.012-4.92 3.282-3.816zM6.346 59.992v-8.736H3.034v8.736h3.312z" fill="currentColor"></path> <path fill-rule="evenodd" clip-rule="evenodd" d="M23.094 52.7h3.312v.297h-3.312v-.296z" fill="currentColor"></path></svg>	0	2
16	<svg fill="#fff" class="h-14" id="__1" xmlns="http://www.w3.org/2000/svg" viewBox="0 0 283.1 87.19"><g id="xDk5YW.tif"><path d="M44.26,3.74c-.94-1.02-.57-3.32.93-3.6,5.1-.94,15.61,3.02,20.16,5.6,29.72,16.87,28.99,60.39-1.13,76.43C37.16,96.57,2.07,78.44.02,47.74c-.2-3.04.89-5.62,3.9-3.04.72,2.71.77,5.47,1.41,8.2,6.74,28.93,42.97,39.86,64.93,19.76,23.04-21.1,13.01-60.45-17.51-67.35-1.58-.36-7.85-.88-8.48-1.57Z"/><path d="M42.2,62.61c.28-.88,1.71-.68,2.19-.93,1.12-.58,2.15-2.32,2.93-2.87.52-.37,1.25-.24,1.81-.74.15-.13,1.76-3.08,1.93-3.45.88-1.98-3.01-1.93-4.13-2.73-.4-.29-.33-1.04-.93-1.41-.55-.34-1.26-.21-1.8-.47-.58-.28-1.1-.91-1.71-1.12-.24-.08-2.26-.46-2.39-.44-.32.04.03.72-.45.59l-.27-1.29-1.58-.1-.25-1.73-1.29-.27.28-1.97c-1.31-.33-1.04,1.34-2.1,1.13-.79-.1-1.22-1-1.15-1.74.2-2.21,2.64-1.84,4.36-1.91.03.39.37,1.63.74,1.66.71.05-.01-1.91.28-2.53.17-.37.85-.72,1.12-1.15.29-.45.35-1.04.6-1.38.19-.26,1.48-1.89,1.59-1.96.28-.16,2.09.4,2.78-.33.26-.89-.72-.41-1.02-.83l.13-.82-.53-.33,3.05-.35c1.14-2.7-1.11-1.73-1.63-2.05-.33-.2-.5-1.05-.99-1.23l-1.12.54c-.53-1.38-1.37-1.02-2.58-1.39-.53.05-.26,1.93-.21,2.33l-1.05,1.87-.56-1.56c-.59-.34-2.85.13-2.85-1.12,0-.9,1.33-1.17,1.87-1.55.45-.31.44-1.07,1.69-1.13l-.29-.85c-.3-.04-.59.42-.84.43-1.86.14-3.01.77-4.95,1.14-.29.06-.93.37-.86-.16l5.1-2.55.15.87c1.56.06,2.66-.56,4.1.27-.15,1.24-1.23.53-1.7,1.41,1.42-.41,2.29.3,3.55.83l.69-.55-.56-.84,1.41-.43-1.98-.71.29-.56c-1.27-.25-2.41-.8-3.68-.29v-.85c1.52-.2,3.14-.44,4.69-.3,2.19.2.98,1.17,1.71,2.54.89,1.68,2.47,1.58,3.94,2.28.69-.3.4-1.77.58-1.99s1.62-.87,1.95-.85c.38.03,2.07,1.16,2.52,1.47,1.06.72,3.55,2.28,1.46,3.06-.09.11.12.82.15.85.61.49.8-.51,1.13-.56-.11,1.14.11,1.28,1.13,1.55l-1.13.43c.23.61,1.14.36.85,1.41l-1.41-.28c.06,1.02-.22,2.63,1.13,2.68l-2.43,3.81c.1,1.45-.38,2.94.45,4.11,1.46,2.07,2.21,1.71,4.54,1.39,1.95,5.31-2.83,10.73-7.11,13.29-1.49.89-5.59,2.71-7.2,2.71h-4.11ZM42.49,44.53c-.15-.15-1.56-.27-1.98-.43-1-.37-2.42-1.6-3.4-.56,1.48-.02,2.24,1.2,3.68.99l-.56.56c.19.27,3.02.21,2.26-.56Z"/><path d="M45.5,7.29c6.52-.42,16.56,4.21,21.49,8.4,28.82,24.46,6.17,71.18-31.08,63.52-6.64-1.37-17.35-7.14-20.91-13.06-1.13-1.87.28-3.43,2.26-2.82,13.21,17.28,39.27,17.56,52.54.11,16.19-21.3,1.23-51.53-25.05-52.71-1.66-1.01-1.2-3.31.74-3.44Z"/><path d="M44.37,14.03c2.08-.72,8.32,1.02,10.5,1.89,18.56,7.42,24.59,31.31,11.85,46.7-4.49,5.43-12.63,10.36-19.83,10.75-2.01.11-4.2-.19-2.54-2.53,6.41-.71,12.25-2.66,17.12-6.94,16.12-14.15,9.71-41.23-11.05-46.37-1.17-.29-5.85-.82-6.23-1.14-.62-.52-.56-2.1.17-2.36Z"/><polygon points="131.18 22.19 135.3 22.45 142.08 30.67 143.64 32.08 143.64 22.19 148.46 22.19 148.46 40.56 144.35 40.56 135.99 30.67 135.99 40.56 131.18 40.56 131.18 22.19"/><path d="M257.41,22.19c1.58.13,3.48.58,4.87,1.36,4.31,2.41,3.97,9.14-.47,11.24l3.68,5.78h-4.96c-2.23-2.16-2.44-6.05-6.38-5.09v5.09h-5.1v-18.38c2.71.17,5.68-.23,8.36,0ZM254.15,31.8h4.11c.67,0,1.82-1.2,2-1.96.93-3.93-3.39-3.84-6.11-3.69v5.65Z"/><path d="M160.3,21.99c14.77-1.25,14.69,19.95.2,18.85-12.21-.93-12.18-17.84-.2-18.85ZM160,26.21c-5.48,1.13-4.66,10.95,1.57,10.61,7.18-.39,6.3-12.23-1.57-10.61Z"/><path d="M116.94,21.98c4.89-.52,10.47,2.51,11.08,7.72.92,7.77-5.66,12.75-13.01,10.72-10.09-2.79-8.86-17.31,1.93-18.44ZM116.93,26.21c-4.64.79-5.43,8.17-.69,10.16,7.89,3.32,10.07-11.76.69-10.16Z"/><polygon points="215.33 22.19 215.33 29.25 222.7 29.25 222.7 22.19 227.51 22.19 227.51 40.56 222.7 40.56 222.7 33.21 215.33 33.21 215.33 40.56 210.65 40.56 210.23 40.14 210.23 22.19 215.33 22.19"/><path d="M30.3,43.67l-.14-1.13c.86.51.81,1.68,1.41,2.27.87.87,3.24,1.15,4.39,1.84.51.3,1.64,1.87,2.53,2.25-.98.64-.49,1.41-.62,1.94-.09.36-.6.66-.79,1.17-.79,2.09,1.76,4.35,3.39,5.42l-.53,4.9c-11.51-2.47-18.17-14.09-14.17-25.31l1.42-2.68c.95,1.39.14,2.13.1,3.29-.05,1.46,1.84,5.03,3.02,6.03Z"/><path d="M245.65,22.19v3.96h-9.35c.15,1.09-.41,2.57.43,3.39h7.79v3.68h-8.22v3.39h9.63v3.96h-14.45v-18.38h14.17Z"/><path d="M196.34,35.76c-.3.3.51,4.23-.43,4.81h-4.25l-.43-.42v-17.53l.43-.42h7.93c.74,0,3.2.55,3.98.83,4.47,1.65,5.53,7.94,1.83,10.9-1.02.82-3.71,1.83-4.96,1.83h-4.11ZM196.34,31.8h4.11c.44,0,1.82-1.12,2-1.68,1.3-4.11-3.29-4.16-6.11-3.97v5.65Z"/><path d="M282.48,22.19v3.96h-9.07v3.39h7.93v3.68h-7.93v3.39h9.63c-.18,1.26.44,2.98-.43,3.96h-14.03v-18.38h13.88Z"/><path d="M119.27,57.53v-8.76h4.25v16.11l-3.84-.27c-2.34-2.49-4.29-5.31-6.56-7.85-.17-.19.02-.54-.65-.36v8.48h-4.25v-16.11l3.85.26,7.21,8.5Z"/><path d="M187.84,23.33l-1.58,3.64c-1.92-.87-3.78-1.37-5.93-1.12-1.19.14-2.61,1.19-1.81,2.37,1.5,2.22,10.57.46,10.19,7.11s-11.33,6.48-15.48,3.53l1.32-3.38c2.61.86,5.12,1.96,7.99,1.33,1.22-.27,1.89-1.66.85-2.5-2.29-1.85-8.88-.65-9.87-5.34-1.58-7.47,9.65-8.26,14.31-5.66Z"/><path d="M184.16,48.76v10.6c0,1.06,1.85,2.38,2.99,2.41,1.05.03,3.25-1.12,3.25-2.13v-10.88h4.53v10.32c0,.33-.61,2.17-.8,2.59-2.24,4.9-11.34,4.88-13.7,0-.15-.31-.8-2.15-.8-2.31v-10.6h4.53Z"/><path d="M225.81,48.76c-.15,1.09.41,2.57-.43,3.39h-8.08c.13,1.01-.38,2.36.43,3.11h6.94v3.11h-7.37c.15,1.09-.41,2.57.43,3.39h8.36v3.11h-13.03v-16.11h12.75Z"/><path d="M137.97,53c-1.2-1.42-9.23-1.84-7.1,1.01,1.51,2.02,8.49.58,9.06,5.38.81,6.78-9.63,6.95-13.75,4.37l1.44-3.37c1.29,1.33,7.87,2.56,8.07.12.03-.34-.19-.79-.47-1.01-1.86-1.49-8.23-.86-8.85-4.66-1.14-7.02,8.29-7.59,12.71-5.04l-1.12,3.22Z"/><polygon points="178.21 48.76 178.21 52.15 173.11 52.15 173.11 64.88 168.58 64.88 168.58 52.15 163.48 52.15 163.48 48.76 178.21 48.76"/><polygon points="154.98 48.76 154.98 52.15 150.16 52.15 150.16 64.88 145.63 64.88 145.63 52.15 140.53 52.15 140.53 48.76 154.98 48.76"/><polygon points="211.08 48.76 211.08 52.15 205.98 52.15 205.98 64.88 201.44 64.88 201.44 52.15 196.63 52.15 196.63 48.76 211.08 48.76"/><rect x="100.29" y="22.19" width="4.82" height="18.38"/><rect x="156.96" y="48.76" width="4.53" height="16.11"/><rect x="100.29" y="48.76" width="4.25" height="16.11"/><path d="M15.37,22.1c-.35-.29-.67-1.17-1.22-1.47.88-1.09,1.93-2.06,2.85-3.11.46-.52.48-.5.96-.99.78-.81,1.47-1.97,2.42-2.7.39-.17,2.87,2.02,2.8,2.51l-5.92,6.57-.37.09c-.4-.42-1.15-.58-1.52-.9Z"/><path d="M13.48,14.57l2.93,2.38-2.73,2.94c-.55.09-3.11-2.27-3.12-2.94-.01-.98,2.37-1.28,2.91-2.39Z"/><path d="M15.92,10.66c.84-.91,3.3,1.7,3.88,2.38l-2.67,3.21-2.66-2.46c-.22-.85.94-1.18,1.21-1.77.15-.33-.14-.94.24-1.36Z"/><path d="M28.32,19.64l-4.96,4.23-2.4,3.68c-.46-1.09.8-2.05.86-2.71s-.61-1.01-.56-1.36c.05-.28.63-.59.83-.89.37-.56,1.11-1.9,1.89-2.09.59-.15.91.56,1.31.5.54-.08,2.05-1.66,3.02-1.37Z"/><path d="M24.64,23.88c-.37,1.17,1.75,1.22,1.4,2.36-.06.18-2.62,2.21-3,2.39-.32.15-1.61.81-1.51-.09.24-2.03,4.04-6.11,5.74-7.28,4.49-3.12,1.39,2.68-.46,3.72-.71-.58-1.07-1.34-2.16-1.11Z"/><path d="M15,11.45l-3.68,3.95c-.75-1.31,2.77-4.98,3.68-3.95Z"/><path d="M24.85,19.01c-.31.29-1.2.33-1.63.63l-.14-.87-.71.02,1.56-1.97,1.22,1.31c.05.22-.13.72-.3.88Z"/><path d="M20.04,23.1c.9,1.53-1.6,2.45-2.48.65l1.55-1.55.93.91Z"/><path d="M62.04,38.87c-1.34-.37-.86-2.08-2.83-1.7l.27-1.28c1.14-.79,2.81,2.71,2.56,2.98Z"/><path d="M5.27,33.31c.19.17,1.7,1.98,1.51,2.17-.53.12-.67-.3-.99-.56-.38-.32-2.58-2.45-2.69-2.69-.06-.12-.07-.46.14-.42.37.83,1.66,1.16,2.03,1.51Z"/><path d="M34.55,4.94c-.72-.22-1.73-1.04-2.27-1.55-.51-.47-1.36-1.11-1.41-1.84.37-.36,3.36,2.93,3.68,3.39Z"/></g></svg>	0	2
\.


--
-- Data for Name: contents_partnersblock; Type: TABLE DATA; Schema: public; Owner: postgresuser
--

COPY public.contents_partnersblock (id, slug, title, title_kk, title_ru, title_en, "order", updated) FROM stdin;
2	partners-core	 	 	 	Our partners	0	2025-09-02 07:00:03.361446+00
\.


--
-- Data for Name: contents_partnersblockplacement; Type: TABLE DATA; Schema: public; Owner: postgresuser
--

COPY public.contents_partnersblockplacement (id, page_object_id, "order", block_id, page_content_type_id) FROM stdin;
\.


--
-- Data for Name: contents_serviceadvantage; Type: TABLE DATA; Schema: public; Owner: postgresuser
--

COPY public.contents_serviceadvantage (id, icon_svg, text, text_kk, text_ru, text_en, "order", page_id) FROM stdin;
5	<svg width="20" height="19" viewBox="0 0 20 19" fill="none" xmlns="http://www.w3.org/2000/svg">\r\n                                    <path d="M11.2504 0H8.75038L6.89152 5.72101L0.876059 5.72102L0.103516 8.09866L4.97013 11.6344L3.11128 17.3554L5.13383 18.8249L10.0004 15.2891L14.867 18.8249L16.8895 17.3554L15.0306 11.6344L19.8972 8.09865L19.1246 5.72101H13.1092L11.2504 0Z" fill="#D9D9D9"/>\r\n                                </svg>	  <br>  	   	  <br>  	State certificates of all categories	0	2
6	<svg width="20" height="19" viewBox="0 0 20 19" fill="none" xmlns="http://www.w3.org/2000/svg">\r\n                                    <path d="M11.2504 0H8.75038L6.89152 5.72101L0.876059 5.72102L0.103516 8.09866L4.97013 11.6344L3.11128 17.3554L5.13383 18.8249L10.0004 15.2891L14.867 18.8249L16.8895 17.3554L15.0306 11.6344L19.8972 8.09865L19.1246 5.72101H13.1092L11.2504 0Z" fill="#D9D9D9"/>\r\n                                </svg>	     	    	     	The program is approved by the Aviation Administration of Kazakhstan	0	2
7	<svg width="20" height="19" viewBox="0 0 20 19" fill="none" xmlns="http://www.w3.org/2000/svg">\r\n                                    <path d="M11.2504 0H8.75038L6.89152 5.72101L0.876059 5.72102L0.103516 8.09866L4.97013 11.6344L3.11128 17.3554L5.13383 18.8249L10.0004 15.2891L14.867 18.8249L16.8895 17.3554L15.0306 11.6344L19.8972 8.09865L19.1246 5.72101H13.1092L11.2504 0Z" fill="#D9D9D9"/>\r\n                                </svg>	   <br>   	    	   <br>   	Learn to legally operate a drone	0	2
1	<svg width="20" height="19" viewBox="0 0 20 19" fill="none" xmlns="http://www.w3.org/2000/svg">\r\n                                    <path d="M11.2504 0H8.75038L6.89152 5.72101L0.876059 5.72102L0.103516 8.09866L4.97013 11.6344L3.11128 17.3554L5.13383 18.8249L10.0004 15.2891L14.867 18.8249L16.8895 17.3554L15.0306 11.6344L19.8972 8.09865L19.1246 5.72101H13.1092L11.2504 0Z" fill="#D9D9D9"/>\r\n                                </svg>	  <br>  	   	  <br>  	State certificates of all categories	0	1
9	<svg width="20" height="19" viewBox="0 0 20 19" fill="none" xmlns="http://www.w3.org/2000/svg">\r\n                                    <path d="M11.2504 0H8.75038L6.89152 5.72101L0.876059 5.72102L0.103516 8.09866L4.97013 11.6344L3.11128 17.3554L5.13383 18.8249L10.0004 15.2891L14.867 18.8249L16.8895 17.3554L15.0306 11.6344L19.8972 8.09865L19.1246 5.72101H13.1092L11.2504 0Z" fill="#D9D9D9"/>\r\n                                </svg>	   	   	   	Official aviation training center	0	3
11	<svg width="20" height="19" viewBox="0 0 20 19" fill="none" xmlns="http://www.w3.org/2000/svg">\r\n                                    <path d="M11.2504 0H8.75038L6.89152 5.72101L0.876059 5.72102L0.103516 8.09866L4.97013 11.6344L3.11128 17.3554L5.13383 18.8249L10.0004 15.2891L14.867 18.8249L16.8895 17.3554L15.0306 11.6344L19.8972 8.09865L19.1246 5.72101H13.1092L11.2504 0Z" fill="#D9D9D9"/>\r\n                                </svg>	     25 .	 25 -   	     25 .	Training on real drones heavier than 25 kg	0	3
12	<svg width="20" height="19" viewBox="0 0 20 19" fill="none" xmlns="http://www.w3.org/2000/svg">\r\n                                    <path d="M11.2504 0H8.75038L6.89152 5.72101L0.876059 5.72102L0.103516 8.09866L4.97013 11.6344L3.11128 17.3554L5.13383 18.8249L10.0004 15.2891L14.867 18.8249L16.8895 17.3554L15.0306 11.6344L19.8972 8.09865L19.1246 5.72101H13.1092L11.2504 0Z" fill="#D9D9D9"/>\r\n                                </svg>	   <br>  	    	   <br>  	Support and guidance after training	0	3
2	<svg width="20" height="19" viewBox="0 0 20 19" fill="none" xmlns="http://www.w3.org/2000/svg">\r\n                                    <path d="M11.2504 0H8.75038L6.89152 5.72101L0.876059 5.72102L0.103516 8.09866L4.97013 11.6344L3.11128 17.3554L5.13383 18.8249L10.0004 15.2891L14.867 18.8249L16.8895 17.3554L15.0306 11.6344L19.8972 8.09865L19.1246 5.72101H13.1092L11.2504 0Z" fill="#D9D9D9"/>\r\n                                </svg>	     	   <br>  	     	The program is approved by the Aviation <br> Administration of Kazakhstan	0	1
3	<svg width="20" height="19" viewBox="0 0 20 19" fill="none" xmlns="http://www.w3.org/2000/svg">\r\n                                    <path d="M11.2504 0H8.75038L6.89152 5.72101L0.876059 5.72102L0.103516 8.09866L4.97013 11.6344L3.11128 17.3554L5.13383 18.8249L10.0004 15.2891L14.867 18.8249L16.8895 17.3554L15.0306 11.6344L19.8972 8.09865L19.1246 5.72101H13.1092L11.2504 0Z" fill="#D9D9D9"/>\r\n                                </svg>	   <br>   	    	   <br>   	Learn to legally operate a drone	0	1
4	<svg width="20" height="19" viewBox="0 0 20 19" fill="none" xmlns="http://www.w3.org/2000/svg">\r\n                                    <path d="M11.2504 0H8.75038L6.89152 5.72101L0.876059 5.72102L0.103516 8.09866L4.97013 11.6344L3.11128 17.3554L5.13383 18.8249L10.0004 15.2891L14.867 18.8249L16.8895 17.3554L15.0306 11.6344L19.8972 8.09865L19.1246 5.72101H13.1092L11.2504 0Z" fill="#D9D9D9"/>\r\n                                </svg>	   <br>  	    	   <br>  	Support and guidance after training	0	1
8	<svg width="20" height="19" viewBox="0 0 20 19" fill="none" xmlns="http://www.w3.org/2000/svg">\r\n                                    <path d="M11.2504 0H8.75038L6.89152 5.72101L0.876059 5.72102L0.103516 8.09866L4.97013 11.6344L3.11128 17.3554L5.13383 18.8249L10.0004 15.2891L14.867 18.8249L16.8895 17.3554L15.0306 11.6344L19.8972 8.09865L19.1246 5.72101H13.1092L11.2504 0Z" fill="#D9D9D9"/>\r\n                                </svg>	   <br>  	    	   <br>  	Support and guidance after training	0	2
10	<svg width="20" height="19" viewBox="0 0 20 19" fill="none" xmlns="http://www.w3.org/2000/svg">\r\n                                    <path d="M11.2504 0H8.75038L6.89152 5.72101L0.876059 5.72102L0.103516 8.09866L4.97013 11.6344L3.11128 17.3554L5.13383 18.8249L10.0004 15.2891L14.867 18.8249L16.8895 17.3554L15.0306 11.6344L19.8972 8.09865L19.1246 5.72101H13.1092L11.2504 0Z" fill="#D9D9D9"/>\r\n                                </svg>	, ,    	, ,     	, ,    	Theory, practice, and exam  all in one place	0	3
\.


--
-- Data for Name: contents_servicebenefit; Type: TABLE DATA; Schema: public; Owner: postgresuser
--

COPY public.contents_servicebenefit (id, name, name_kk, name_ru, name_en, value, value_kk, value_ru, value_en, "order", page_id) FROM stdin;
1	   	  	   	Study in your free time				Online	0	1
2	 	 	 	Course duration	4 	4 	4 	4 days	0	1
3	 	 	 	Trained pilots	500+	500+	500+	500+	0	1
5	 	 	 	Course duration	10 	10 	10 	10 days	0	2
6	 	 	 	Trained pilots	500+	500+	500+	500+	0	2
7	 	 	 	Practical training	32 	32 	32 	32 hours	0	3
8	 	 	 	Course duration	14 	14 	14 	14 days	0	3
9	 	 	 	Trained pilots	500+	500+	500+	500+	0	3
4	   	  	   	Study in your free time				Online	0	2
\.


--
-- Data for Name: contents_servicepage; Type: TABLE DATA; Schema: public; Owner: postgresuser
--

COPY public.contents_servicepage (id, slug, title, title_kk, title_ru, title_en, subtitle, subtitle_kk, subtitle_ru, subtitle_en, meta_title, meta_title_kk, meta_title_ru, meta_title_en, meta_description, meta_description_kk, meta_description_ru, meta_description_en, updated, program_title, program_title_en, program_title_kk, program_title_ru, card_icon_svg, card_tags_text, services_order, show, card_description_text, card_description_text_en, card_description_text_kk, card_description_text_ru, card_tags_text_en, card_tags_text_kk, card_tags_text_ru, card_title_text, card_title_text_en, card_title_text_kk, card_title_text_ru, cta_descr, cta_descr_en, cta_descr_kk, cta_descr_ru, cta_title, cta_title_en, cta_title_kk, cta_title_ru) FROM stdin;
1	operator-bas-kategorii-1	 <br>  1	1- <br>  	 <br>  1	UAS Operator <br>  Category 1	        1,5 	    <br> 1,5 -   	        1,5 	For personal flights with drones up to 1.5 kg	   :         	   :         	   :         	UAV Pilot Course: How to Obtain Flight Permits and Operate Legally	    ,       .  ,               .             .	        .             .              .	    ,       .  ,               .             .	This course is designed for those who want to legally operate drones in Kazakhstan. You will learn how to properly submit applications for the use of airspace and obtain permits for flights in cities. We will teach you how to interact with government authorities and comply with all requirements of aviation law.	2025-09-06 05:50:31.544271+00		Program			<svg width="21" height="35" viewBox="0 0 21 35" fill="none" xmlns="http://www.w3.org/2000/svg">\r\n                                <path d="M0.335938 0.875H20.4453V5.53906H13.1562V30.3594H20.4453V35H0.335938V30.3594H7.46094V5.53906H0.335938V0.875Z" fill="url(#paint0_linear_287_40)"/>\r\n                                <defs>\r\n                                    <linearGradient id="paint0_linear_287_40" x1="17" y1="-24.5" x2="-12.5116" y2="60.96" gradientUnits="userSpaceOnUse">\r\n                                        <stop stop-color="#8BCEFF"/>\r\n                                        <stop offset="1" stop-color="#FFD5BB"/>\r\n                                    </linearGradient>\r\n                                </defs>\r\n                            </svg>	 1.5 	0	t	    1.         1.5 .	\N	1-   .  1,5 -      .	    1.         1.5 .	Up to 1.5 kg	1,5  	 1.5 	 	First category	 	 	      <br>    	Grants the right to perform flights for personal <br> purposes in an urban environment	  <br>    	      <br>    	  	State-issued certificate	  	  
2	vtoraya-kategoriya	 <br>   2	2- <br>  	 <br>   2	UAS <br> Operator Category 2	  \r\n\r\n \r\n  25 	 25 -      	  \r\n\r\n \r\n  25 	For commercial flights with drones up to 25 kg	 2:  ,     	2-:  ,     	 2:  ,     	Category 2: Air Law, Navigation, and UAS Flight Safety	     2  :  ,    ,   ,  ,     .   ,         .	 2-    :  ,    ,  ,  ,     .   ,         .	     2  :  ,    ,   ,  ,     .   ,         .	UAS Operator Category 2 Training Course in Kazakhstan: air law, structure of Kazakhstans airspace, flight permits, aviation meteorology, air navigation, and flight planning. Practical training in submitting applications, flight safety, and a final test leading to the operator certificate.	2025-09-08 06:07:37.025771+00		Program			<svg width="21" height="35" viewBox="0 0 21 35" fill="none" xmlns="http://www.w3.org/2000/svg">\r\n                                <path d="M0.335938 0.875H20.4453V5.53906H13.1562V30.3594H20.4453V35H0.335938V30.3594H7.46094V5.53906H0.335938V0.875Z" fill="url(#paint0_linear_287_40)"/>\r\n                                <defs>\r\n                                    <linearGradient id="paint0_linear_287_40" x1="17" y1="-24.5" x2="-12.5116" y2="60.96" gradientUnits="userSpaceOnUse">\r\n                                        <stop stop-color="#8BCEFF"/>\r\n                                        <stop offset="1" stop-color="#FFD5BB"/>\r\n                                    </linearGradient>\r\n                                </defs>\r\n                            </svg>\r\n<svg width="21" height="35" viewBox="0 0 21 35" fill="none" xmlns="http://www.w3.org/2000/svg">\r\n                                <path d="M0.335938 0.875H20.4453V5.53906H13.1562V30.3594H20.4453V35H0.335938V30.3594H7.46094V5.53906H0.335938V0.875Z" fill="url(#paint0_linear_287_40)"/>\r\n                                <defs>\r\n                                    <linearGradient id="paint0_linear_287_40" x1="17" y1="-24.5" x2="-12.5116" y2="60.96" gradientUnits="userSpaceOnUse">\r\n                                        <stop stop-color="#8BCEFF"/>\r\n                                        <stop offset="1" stop-color="#FFD5BB"/>\r\n                                    </linearGradient>\r\n                                </defs>\r\n                            </svg>	 25 	0	t	    2.         25 	UAS Operator Category 2 Certificate. For commercial flights with drones up to 25 kg.	2-   .  25 -      .	    2.         25 	Up to 25 kg	25  	 25 	 	Second category	 	 	      <br>    	Grants the right to perform flights for personal purposes in an urban environment	       	      <br>    	  	State-issued certificate	  	  
3	tretya-kategoriya	 <br>    3	3- <br>  	 <br>    3	UAS Operator <br> Category 3	  \r\n <br>\r\n \r\n  750 	 750 -  <br>     	  \r\n <br>\r\n \r\n  750 	For commercial flights with drones up to 750 kg		\N	\N	\N					2025-09-23 12:34:39.65926+00		Program			<svg width="21" height="35" viewBox="0 0 21 35" fill="none" xmlns="http://www.w3.org/2000/svg">\r\n                                <path d="M0.335938 0.875H20.4453V5.53906H13.1562V30.3594H20.4453V35H0.335938V30.3594H7.46094V5.53906H0.335938V0.875Z" fill="url(#paint0_linear_287_40)"/>\r\n                                <defs>\r\n                                    <linearGradient id="paint0_linear_287_40" x1="17" y1="-24.5" x2="-12.5116" y2="60.96" gradientUnits="userSpaceOnUse">\r\n                                        <stop stop-color="#8BCEFF"/>\r\n                                        <stop offset="1" stop-color="#FFD5BB"/>\r\n                                    </linearGradient>\r\n                                </defs>\r\n                            </svg>\r\n<svg width="21" height="35" viewBox="0 0 21 35" fill="none" xmlns="http://www.w3.org/2000/svg">\r\n                                <path d="M0.335938 0.875H20.4453V5.53906H13.1562V30.3594H20.4453V35H0.335938V30.3594H7.46094V5.53906H0.335938V0.875Z" fill="url(#paint0_linear_287_40)"/>\r\n                                <defs>\r\n                                    <linearGradient id="paint0_linear_287_40" x1="17" y1="-24.5" x2="-12.5116" y2="60.96" gradientUnits="userSpaceOnUse">\r\n                                        <stop stop-color="#8BCEFF"/>\r\n                                        <stop offset="1" stop-color="#FFD5BB"/>\r\n                                    </linearGradient>\r\n                                </defs>\r\n                            </svg>\r\n<svg width="21" height="35" viewBox="0 0 21 35" fill="none" xmlns="http://www.w3.org/2000/svg">\r\n                                <path d="M0.335938 0.875H20.4453V5.53906H13.1562V30.3594H20.4453V35H0.335938V30.3594H7.46094V5.53906H0.335938V0.875Z" fill="url(#paint0_linear_287_40)"/>\r\n                                <defs>\r\n                                    <linearGradient id="paint0_linear_287_40" x1="17" y1="-24.5" x2="-12.5116" y2="60.96" gradientUnits="userSpaceOnUse">\r\n                                        <stop stop-color="#8BCEFF"/>\r\n                                        <stop offset="1" stop-color="#FFD5BB"/>\r\n                                    </linearGradient>\r\n                                </defs>\r\n                            </svg>	 750 	0	t	     2  (hight risk)         750 .	Grants the right to perform Level 2 aviation works (high risk) and commercial flights with drones up to 750 kg.	2-   ( )   750 -        .	     2  (hight risk)         750 .	Up to 750 kg	750  	 750 	 	Third category	 	 	     <br> 2  (hight risk)	Grants the right to perform Level 2 aviation works (high risk)	2-   ( )   	     <br> 2  (hight risk)	  	State-issued certificate	  	  
\.


--
-- Data for Name: contents_serviceprogramitem; Type: TABLE DATA; Schema: public; Owner: postgresuser
--

COPY public.contents_serviceprogramitem (id, anchor, title, title_kk, title_ru, title_en, "time", subtitle, subtitle_kk, subtitle_ru, subtitle_en, list_text, list_text_kk, list_text_ru, list_text_en, "order", page_id, image1, image2, image3, time_en, time_kk, time_ru) FROM stdin;
2	2				Bonus		3  	3  	3  	3 bonus modules	       1\r\n          ( )\r\n        (    ..)	1-     \r\n  ()     \r\n    (,   ..)  	       1\r\n          ( )\r\n        (    ..)	Application for obtaining a UAS Operator Category 1 certificate\r\nApplication for obtaining permission to conduct flights in populated areas (cities)\r\nApplication for flight coordination with competent government authorities (NSC, Ministry of Defense, etc.)	0	1				\N	\N	\N
9	2	 ()		 ()	Practice	5 				Description	 ,    \r\n         \r\n         (VLOS, BVLOS)\r\n     ,         VLOS  BVLOS	-   ,   \r\n      \r\n        (VLOS, BVLOS)\r\nVLOS  BVLOS            	 ,    \r\n         \r\n         (VLOS, BVLOS)\r\n     ,         VLOS  BVLOS	Pre-flight preparation, assembly, and inspection of UAS\r\nPreparation of various types of flight missions depending on payload\r\nStandard procedures and maneuvers at all stages of UAV flights (VLOS, BVLOS)\r\nAbnormal and emergency procedures and maneuvers related to equipment failures or malfunctions during VLOS and BVLOS flights	0	3				5 days	5 	5 
8	1				Theory	9 				Description	  (  )\r\n   \r\n  \r\n    (  ,   )\r\n \r\n \r\n   .     \r\n    8.1    8.2   VLOS (EVLOS) 8.3  BVLOS\r\n   ,      \r\n \r\n 	  (  )\r\n   \r\n   \r\n   (-    )\r\n \r\n \r\n   .    \r\n   :\r\n8.1  \r\n8.2 VLOS (EVLOS)  \r\n8.3 BVLOS  \r\n   ,       \r\n \r\n 	  (  )\r\n   \r\n  \r\n    (  ,   )\r\n \r\n \r\n   .     \r\n    8.1    8.2   VLOS (EVLOS) 8.3  BVLOS\r\n   ,      \r\n \r\n 	Air law (national and international)\r\nStructure of the airspace of Kazakhstan\r\nGeneral knowledge of UAS\r\nAuthorization for flights (in accordance with the procedures established in Kazakhstan)\r\nAviation meteorology\r\nAir navigation\r\nAirspace planning. Application for the use of airspace\r\nPreparation and execution of flights:\r\n8.1 Pre-flight preparation\r\n8.2 Conducting VLOS (EVLOS) flights\r\n8.3 Conducting BVLOS flights\r\nHuman capabilities and limitations, including threat and error management\r\nAviation security\r\nFlight safety	0	3				9 days	9 	9 
4		 ()	 ()	 ()	Practice (Multirotor)	2 				Program	 ,    \r\n         \r\n         (VLOS, BVLOS) \r\n     ,       (,  2,   )   VLOS  BVLOS	-   ,   \r\n      \r\n       (VLOS, BVLOS)\r\nVLOS  BVLOS   , C2 ,            	 ,    \r\n         \r\n         (VLOS, BVLOS) \r\n     ,       (,  2,   )   VLOS  BVLOS	Pre-flight preparation, assembly, and inspection of UAS\r\nPreparation of various types of flight missions depending on payload\r\nStandard procedures and maneuvers at all stages of UAV flight (VLOS, BVLOS)\r\nAbnormal and emergency procedures and maneuvers related to equipment failures or malfunctions (engine, C2 link, systems, and airframe) during VLOS and BVLOS flights	2	2				2 days	2 	2 
1	1				Theory	4 				Description	  (  )\r\n   \r\n     \r\n    \r\n   .    \r\n   ,      \r\n .  \r\n 	  (  )\r\n   \r\n-   \r\n   \r\n   .    \r\n   ,       \r\n .  \r\n 	  (  )\r\n   \r\n     \r\n    \r\n   .    \r\n   ,      \r\n .  \r\n 	Air law (national and international)\r\nStructure of the airspace of Kazakhstan\r\nAuthorization for flights in Kazakhstan\r\nApplication for the use of airspace\r\nAirspace planning. Preparation and execution of flights\r\nHuman capabilities and limitations, including threat and error management\r\nAviation security. Flight safety\r\nFinal assessment	0	1				4 days	4 	4 
3	1				Theory	6 				Description	  (  )\r\n   \r\n     \r\n \r\n \r\n    \r\n   ,    \r\n   ,      .  .  .\r\n  	  (  )\r\n   \r\n   \r\n   (-    )\r\n \r\n \r\n   .    \r\n   :\r\n8.1  \r\n8.2 VLOS (EVLOS)  \r\n8.3 BVLOS  \r\n   ,       \r\n \r\n 	  (  )\r\n   \r\n     \r\n \r\n \r\n    \r\n   ,    \r\n   ,      .  .  .\r\n  	Air law (national and international)\r\nStructure of the airspace of Kazakhstan\r\nGeneral knowledge of UAS\r\nAuthorization for flights (considering the procedures established in Kazakhstan)\r\nAviation meteorology\r\nAir navigation\r\nAirspace planning. Application for the use of airspace\r\nPreparation and execution of flights:\r\n8.1 Pre-flight preparation\r\n8.2 Conducting VLOS (EVLOS) flights\r\n8.3 Conducting BVLOS flights\r\nHuman capabilities and limitations, including threat and error management\r\nAviation security\r\nFlight safety	0	2				6 days	6 	6 
7		 ()	 ( )	 ()	Practice (Fixed-wing)	3 				Program	 ,     \r\n          \r\n         (VLOS, BVLOS) \r\n     ,       (,  2,   )   VLOS  BVLOS\r\n        	-   ,   \r\n      \r\n-       (VLOS, BVLOS)\r\nVLOS  BVLOS   , C2 ,            \r\n    (  )    	 ,     \r\n          \r\n         (VLOS, BVLOS) \r\n     ,       (,  2,   )   VLOS  BVLOS\r\n        	Pre-flight preparation, assembly, and inspection of UAS\r\nPreparation of various types of flight missions depending on payload\r\nStandard procedures and maneuvers at all stages of UAV flight (VLOS, BVLOS)\r\nAbnormal and emergency procedures and maneuvers related to equipment failures or malfunctions (engine, C2 link, systems, and airframe) during VLOS and BVLOS flights\r\nRecognition of incipient and developed stall and recovery from it	5	2				3 days	3 	3 
6		 ()	 ()	 ()	Practice (Hybrid)	3 				Program	 ,     \r\n         \r\n         (VLOS, BVLOS) \r\n     ,       (,  2,   )   VLOS  BVLOS \r\n        	-   ,   \r\n      \r\n       (VLOS, BVLOS)\r\nVLOS  BVLOS   , C2 ,            \r\n    (  )    	 ,     \r\n         \r\n         (VLOS, BVLOS) \r\n     ,       (,  2,   )   VLOS  BVLOS \r\n        	Pre-flight preparation, assembly, and inspection of UAS\r\nPreparation of various types of flight missions depending on payload\r\nStandard procedures and maneuvers at all stages of UAV flight (VLOS, BVLOS)\r\nAbnormal and emergency procedures and maneuvers related to equipment failures or malfunctions (engine, C2 link, systems, and airframe) during VLOS and BVLOS flights\r\nRecognition of incipient and developed stall and recovery from it	4	2				3 days	3 	3 
\.


--
-- Data for Name: contents_serviceslide; Type: TABLE DATA; Schema: public; Owner: postgresuser
--

COPY public.contents_serviceslide (id, image, alt, "order", page_id) FROM stdin;
1	services/slides/videoframe_24948_4.jpg		0	1
2	services/slides/videoframe_24948_5.jpg		0	3
3	services/slides/videoframe_24948_6.jpg		0	2
\.


--
-- Data for Name: contents_sociallinkitem; Type: TABLE DATA; Schema: public; Owner: postgresuser
--

COPY public.contents_sociallinkitem (id, label, label_kk, label_ru, label_en, url, svg_code, "order", block_id) FROM stdin;
3	whatsapp	\N	whatsapp	\N	https://wa.me/77474860319	<svg class="size-10 md:size-12 text-black hover:text-gray-500" viewBox="0 0 48 48" fill="none" xmlns="http://www.w3.org/2000/svg">\r\n                            <path d="M3.17567 23.8116C3.1744 27.4794 4.13714 31.0602 5.96718 34.2162L3 45L14.0869 42.1062C17.1416 43.7645 20.5807 44.6384 24.0808 44.6399H24.0897C35.6154 44.6399 44.9986 35.3023 45.0034 23.8277C45.0054 18.2663 42.8317 13.0373 38.8834 9.10364C34.9346 5.16997 29.684 3.0024 24.0897 3C12.5616 3 3.18014 12.3358 3.17532 23.8109M9.77763 33.6724L9.36378 33.0181C7.6235 30.2638 6.70501 27.0807 6.70627 23.8125C6.71007 14.2751 14.5076 6.51516 24.0958 6.51516C28.739 6.51696 33.1029 8.31889 36.3853 11.5882C39.6675 14.8577 41.4734 19.2041 41.4722 23.8261C41.4679 33.3641 33.6702 41.1246 24.0893 41.1246H24.0825C20.9628 41.1228 17.9033 40.2892 15.2352 38.7131L14.6001 38.3384L8.02071 40.0555L9.77763 33.6724ZM24.0897 44.6399C24.0893 44.6399 24.0895 44.6399 24.0897 44.6399V44.6399Z" fill="currentColor"/>\r\n                            <path fill-rule="evenodd" clip-rule="evenodd" d="M18.8403 15.3413C18.4531 14.4978 18.0458 14.4809 17.6776 14.4661C17.3762 14.4535 17.0316 14.4544 16.6873 14.4544C16.3426 14.4544 15.7828 14.5811 15.3095 15.0879C14.8357 15.5948 13.5007 16.8199 13.5007 19.3117C13.5007 21.8036 15.3526 24.2115 15.6106 24.5497C15.8691 24.8873 19.1854 30.1643 24.4372 32.1943C28.8023 33.8813 29.6906 33.5458 30.638 33.4613C31.5854 33.3769 33.6952 32.2365 34.1257 31.0538C34.5564 29.8713 34.5564 28.8577 34.4272 28.646C34.2981 28.4349 33.9535 28.3082 33.4368 28.0551C32.9198 27.8018 30.3795 26.5764 29.9059 26.4074C29.4321 26.2386 29.0876 26.1543 28.743 26.6613C28.3985 27.1677 27.4089 28.3082 27.1073 28.646C26.806 28.9845 26.5044 29.0267 25.9877 28.7734C25.4708 28.5193 23.8065 27.985 21.8323 26.2598C20.2961 24.9174 19.2591 23.2596 18.9575 22.7525C18.6562 22.2461 18.9253 21.9717 19.1844 21.7192C19.4166 21.4923 19.7013 21.1279 19.9598 20.8323C20.2176 20.5365 20.3036 20.3255 20.4759 19.9876C20.6483 19.6496 20.5621 19.3538 20.433 19.1005C20.3036 18.8472 19.2998 16.3428 18.8403 15.3413Z" fill="currentColor"/>\r\n                        </svg>	0	1
1	instagram	\N	instagram	\N	https://www.instagram.com/dpa.kz/	<svg class="size-10 md:size-12 text-black hover:text-gray-500" viewBox="0 0 48 48" fill="none" xmlns="http://www.w3.org/2000/svg">\r\n                            <path d="M24.002 3C18.2987 3 17.5829 3.02494 15.3429 3.12688C13.1072 3.22925 11.5812 3.58319 10.246 4.1025C8.86475 4.63888 7.69311 5.35638 6.52585 6.52406C5.35771 7.69131 4.6402 8.86294 4.10207 10.2437C3.58144 11.5794 3.22706 13.1058 3.12644 15.3406C3.02625 17.5806 3 18.2968 3 24C3 29.7033 3.02538 30.4168 3.12688 32.6568C3.22969 34.8924 3.58363 36.4184 4.10251 37.7537C4.63933 39.1349 5.35684 40.3065 6.52454 41.4738C7.69136 42.6419 8.863 43.3611 10.2433 43.8975C11.5795 44.4168 13.1059 44.7707 15.3411 44.8731C17.5812 44.9751 18.2965 45 23.9993 45C29.7031 45 30.4167 44.9751 32.6567 44.8731C34.8923 44.7707 36.4201 44.4168 37.7562 43.8975C39.137 43.3611 40.3069 42.6419 41.4737 41.4738C42.6419 40.3065 43.3594 39.1349 43.8975 37.7541C44.4137 36.4184 44.7681 34.892 44.8731 32.6573C44.9738 30.4173 45 29.7033 45 24C45 18.2968 44.9738 17.581 44.8731 15.341C44.7681 13.1054 44.4137 11.5794 43.8975 10.2441C43.3594 8.86294 42.6419 7.69131 41.4737 6.52406C40.3056 5.35594 39.1374 4.63844 37.7549 4.1025C36.4162 3.58319 34.8893 3.22925 32.6536 3.12688C30.4136 3.02494 29.7005 3 23.9954 3H24.002ZM22.1181 6.78437C22.6772 6.7835 23.3011 6.78437 24.002 6.78437C29.609 6.78437 30.2736 6.8045 32.4878 6.90513C34.5353 6.99875 35.6466 7.34088 36.3868 7.62831C37.3669 8.00894 38.0656 8.46394 38.8001 9.19894C39.5351 9.93394 39.9901 10.6339 40.3716 11.6139C40.6591 12.3533 41.0016 13.4646 41.0948 15.5121C41.1955 17.7258 41.2173 18.3908 41.2173 23.9952C41.2173 29.5996 41.1955 30.2646 41.0948 32.4783C41.0012 34.5258 40.6591 35.6371 40.3716 36.3764C39.991 37.3564 39.5351 38.0542 38.8001 38.7888C38.0651 39.5238 37.3673 39.9788 36.3868 40.3594C35.6475 40.6482 34.5353 40.9894 32.4878 41.0831C30.274 41.1837 29.609 41.2056 24.002 41.2056C18.3945 41.2056 17.7299 41.1837 15.5161 41.0831C13.4686 40.9886 12.3573 40.6464 11.6167 40.359C10.6366 39.9784 9.93663 39.5234 9.20163 38.7884C8.46662 38.0534 8.01161 37.3551 7.63011 36.3747C7.34267 35.6353 7.0001 34.5241 6.90692 32.4766C6.80629 30.2628 6.78616 29.5978 6.78616 23.9899C6.78616 18.3821 6.80629 17.7206 6.90692 15.5068C7.00054 13.4593 7.34267 12.3481 7.63011 11.6078C8.01074 10.6278 8.46662 9.92781 9.20163 9.19281C9.93663 8.45781 10.6366 8.00281 11.6167 7.62131C12.3569 7.33256 13.4686 6.99131 15.5161 6.89725C17.4534 6.80975 18.2042 6.7835 22.1181 6.77913V6.78437ZM35.2117 10.2712C33.8204 10.2712 32.6917 11.3987 32.6917 12.7904C32.6917 14.1816 33.8204 15.3104 35.2117 15.3104C36.603 15.3104 37.7317 14.1816 37.7317 12.7904C37.7317 11.3991 36.603 10.2704 35.2117 10.2704V10.2712ZM24.002 13.2156C18.0462 13.2156 13.2175 18.0443 13.2175 24C13.2175 29.9557 18.0462 34.7822 24.002 34.7822C29.9577 34.7822 34.7847 29.9557 34.7847 24C34.7847 18.0443 29.9577 13.2156 24.002 13.2156ZM24.002 17C27.8678 17 31.002 20.1338 31.002 24C31.002 27.8657 27.8678 31 24.002 31C20.1357 31 17.0019 27.8657 17.0019 24C17.0019 20.1338 20.1357 17 24.002 17Z" fill="currentColor"/>\r\n                        </svg>	0	1
2	threads	\N	threads	\N	https://www.threads.com/@maulen_mustafayev	<svg class="size-10 md:size-12 text-black hover:text-gray-500" viewBox="0 0 48 48" fill="none" xmlns="http://www.w3.org/2000/svg">\r\n                            <path d="M35.3843 22.2471C35.1775 22.148 34.9675 22.0526 34.7547 21.9613C34.3842 15.1346 30.654 11.2262 24.3905 11.1862C24.3621 11.1861 24.3339 11.1861 24.3055 11.1861C20.5591 11.1861 17.4433 12.7852 15.5255 15.6952L18.9702 18.0582C20.4029 15.8846 22.6513 15.4212 24.3071 15.4212C24.3263 15.4212 24.3455 15.4212 24.3644 15.4214C26.4268 15.4345 27.983 16.0342 28.9902 17.2035C29.7232 18.0548 30.2135 19.2313 30.4562 20.716C28.6277 20.4052 26.6502 20.3096 24.5362 20.4308C18.5812 20.7738 14.7528 24.247 15.0099 29.073C15.1404 31.521 16.3599 33.627 18.4438 35.0028C20.2056 36.1657 22.4748 36.7345 24.8331 36.6058C27.9475 36.435 30.3907 35.2467 32.0952 33.074C33.3897 31.424 34.2085 29.2857 34.57 26.5915C36.0542 27.4872 37.1543 28.666 37.7617 30.083C38.7948 32.4917 38.855 36.45 35.6253 39.677C32.7955 42.504 29.394 43.727 24.2534 43.7648C18.551 43.7225 14.2384 41.8937 11.4345 38.3293C8.80887 34.9915 7.45192 30.1705 7.4013 24C7.45192 17.8295 8.80887 13.0084 11.4345 9.67068C14.2384 6.10623 18.551 4.2775 24.2533 4.23513C29.997 4.27782 34.3848 6.11535 37.296 9.697C38.7235 11.4534 39.7998 13.6622 40.5093 16.2376L44.546 15.1606C43.686 11.9906 42.3327 9.25893 40.4912 6.9935C36.759 2.40167 31.3005 0.048787 24.2674 0H24.2392C17.2204 0.0486175 11.823 2.41045 8.19707 7.01982C4.97047 11.1216 3.3061 16.8289 3.25017 23.9831L3.25 24L3.25017 24.0169C3.3061 31.171 4.97047 36.8785 8.19707 40.9803C11.823 45.5895 17.2204 47.9515 24.2392 48H24.2674C30.5075 47.9567 34.906 46.323 38.5295 42.7028C43.2702 37.9665 43.1275 32.0298 41.565 28.3853C40.444 25.7717 38.3068 23.649 35.3843 22.2471ZM24.6101 32.3768C22.0001 32.5238 19.2886 31.3523 19.1549 28.843C19.0558 26.9825 20.479 24.9065 24.7703 24.6592C25.2617 24.6308 25.744 24.617 26.2178 24.617C27.7765 24.617 29.2347 24.7684 30.5605 25.0583C30.066 31.2337 27.1655 32.2365 24.6101 32.3768Z" fill="currentColor"/>\r\n                        </svg>	0	1
4	tiktok	\N	tiktok	\N	https://www.tiktok.com/@maulen.mustafayev?_t=ZM-8zeojH4RSbN&_r=1	<svg class="size-10 md:size-12 text-black hover:text-gray-500" xmlns="http://www.w3.org/2000/svg" fill="#000000" width="800px" height="800px" viewBox="0 0 32 32" version="1.1">\r\n<title>tiktok</title>\r\n<path d="M16.656 1.029c1.637-0.025 3.262-0.012 4.886-0.025 0.054 2.031 0.878 3.859 2.189 5.213l-0.002-0.002c1.411 1.271 3.247 2.095 5.271 2.235l0.028 0.002v5.036c-1.912-0.048-3.71-0.489-5.331-1.247l0.082 0.034c-0.784-0.377-1.447-0.764-2.077-1.196l0.052 0.034c-0.012 3.649 0.012 7.298-0.025 10.934-0.103 1.853-0.719 3.543-1.707 4.954l0.020-0.031c-1.652 2.366-4.328 3.919-7.371 4.011l-0.014 0c-0.123 0.006-0.268 0.009-0.414 0.009-1.73 0-3.347-0.482-4.725-1.319l0.040 0.023c-2.508-1.509-4.238-4.091-4.558-7.094l-0.004-0.041c-0.025-0.625-0.037-1.25-0.012-1.862 0.49-4.779 4.494-8.476 9.361-8.476 0.547 0 1.083 0.047 1.604 0.136l-0.056-0.008c0.025 1.849-0.050 3.699-0.050 5.548-0.423-0.153-0.911-0.242-1.42-0.242-1.868 0-3.457 1.194-4.045 2.861l-0.009 0.030c-0.133 0.427-0.21 0.918-0.21 1.426 0 0.206 0.013 0.41 0.037 0.61l-0.002-0.024c0.332 2.046 2.086 3.59 4.201 3.59 0.061 0 0.121-0.001 0.181-0.004l-0.009 0c1.463-0.044 2.733-0.831 3.451-1.994l0.010-0.018c0.267-0.372 0.45-0.822 0.511-1.311l0.001-0.014c0.125-2.237 0.075-4.461 0.087-6.698 0.012-5.036-0.012-10.060 0.025-15.083z"/>\r\n</svg>	0	1
5	youtube	\N	youtube	\N	https://www.youtube.com/@DronePilotAcademyKZ	<svg class="size-10 md:size-12 text-black hover:text-gray-500" viewBox="0 0 48 48" fill="none" xmlns="http://www.w3.org/2000/svg">\r\n                            <g clip-path="url(#clip0_226_506)">\r\n                                <path fill-rule="evenodd" clip-rule="evenodd" d="M19.1723 30.2066V16.7383C23.9535 18.9881 27.6566 21.1615 32.0363 23.5047C28.424 25.508 23.9535 27.7558 19.1723 30.2066ZM45.8184 10.0398C44.9936 8.95321 43.588 8.10736 42.0914 7.82733C37.6926 6.99201 10.2504 6.98964 5.85397 7.82733C4.65386 8.05231 3.58521 8.59611 2.6672 9.441C-1.20087 13.0312 0.0111988 32.284 0.943553 35.4027C1.33562 36.7526 1.84246 37.7262 2.48076 38.3652C3.30314 39.2101 4.42912 39.7918 5.72246 40.0527C9.34429 40.8019 28.0033 41.2207 42.0149 40.1652C43.3058 39.9402 44.4485 39.3398 45.3498 38.459C48.9262 34.8832 48.6824 14.5491 45.8184 10.0398Z" fill="currentColor"/>\r\n                            </g>\r\n                            <defs>\r\n                                <clipPath id="clip0_226_506">\r\n                                    <rect class="size-12" fill="currentColor"/>\r\n                                </clipPath>\r\n                            </defs>\r\n                        </svg>	0	1
\.


--
-- Data for Name: contents_sociallinksblock; Type: TABLE DATA; Schema: public; Owner: postgresuser
--

COPY public.contents_sociallinksblock (id, slug, title, title_kk, title_ru, title_en, "order", updated) FROM stdin;
1	social-core		\N	\N	\N	0	2025-09-12 05:26:17.959942+00
\.


--
-- Data for Name: contents_sociallinksblockplacement; Type: TABLE DATA; Schema: public; Owner: postgresuser
--

COPY public.contents_sociallinksblockplacement (id, page_object_id, "order", block_id, page_content_type_id) FROM stdin;
\.


--
-- Data for Name: contents_teamblock; Type: TABLE DATA; Schema: public; Owner: postgresuser
--

COPY public.contents_teamblock (id, slug, title, title_kk, title_ru, title_en, "order", updated) FROM stdin;
1	team-core		\N	\N	\N	0	2025-10-09 23:03:16.17251+00
\.


--
-- Data for Name: contents_teamblockplacement; Type: TABLE DATA; Schema: public; Owner: postgresuser
--

COPY public.contents_teamblockplacement (id, page_object_id, "order", block_id, page_content_type_id) FROM stdin;
\.


--
-- Data for Name: contents_teammember; Type: TABLE DATA; Schema: public; Owner: postgresuser
--

COPY public.contents_teammember (id, name, name_kk, name_ru, name_en, post, post_kk, post_ru, post_en, description, description_kk, description_ru, description_en, "order", block_id, photo) FROM stdin;
2	 	 	 	Andrey Konstantinovich	 	OO 	 	Instructor of the ATC	            .    ,       ,         .        ,        .	          .   , -       ,        .        ,         .	            .    ,       ,         .        ,        .	The aviation training center instructor is responsible for training students at both theoretical and practical levels. He teaches the principles of flight, working with UAS, and safe task execution, monitoring student progress and their readiness for solo missions. His main goal is to transfer knowledge and experience, ensuring a high level of training and the safety of every flight.	3	1	team/5.jpg
1	 	 	 	Maulen Nuralievich	 	OO 	 	Head of the ATC	          ,    .           .	        ,     .            .	          ,    .           .	The head of the aviation training center is responsible for the organization and control of the training process, as well as for licensing and program quality. His task is to train high-level specialists and ensure flight safety.	2	1	team/4.jpg
3	 	 	 	Ruslan Muratovich	 	 	 	UAS Operator	          :   ,         .     ,  ,      .             .	        :  ,        .     ,  ,       .             .	          :   ,         .     ,  ,      .             .	The unmanned aircraft system operator is responsible for the complete drone operation cycle: pre-flight preparation, in-mission control, and post-mission data processing. He monitors the technical condition of the equipment, plans routes, performs aerial photography, and ensures flight safety. His task is to precisely execute assignments and comply with all airspace regulations.	5	1	team/2_bD4sO4Y.jpg
5	 	 	 	Perizat Talgatkyzy	 	 	 	General Director	        .              .           .	       .             .           .	        .              .           .	The company's CEO is responsible for business strategy and development. He manages all areas, from aerial photography and pilot training to the implementation of new technologies. His goal is to make drones a safe and useful tool for clients.	1	1	team/3_VNZ7a7Y.jpg
4	 	 	 	Samat Kairatuly	-	-	-	Coordinator-Instructor	-     .       ,   .       ,   .	-     .     ,    .      ,    .	-     .       ,   .       ,   .	The Coordinator-Instructor combines the roles of a teacher and an organizer. He is responsible for planning and coordinating classes, and for the timely updating of programs. His task is to make the learning process systematic, modern, and effective.	4	1	team/1.jpg
6	 	 	 	Artur Andreevich	     	     	     	Flight Safety and Quality Manager	          .      ,     .       ,   ,          .     ,       .	              .    , ,      . -,     ,   ,          .     ,       .	          .      ,     .       ,   ,          .     ,       .	The Flight Safety and Quality Manager is responsible for the risk management system and control of all company processes. He develops and implements safety regulations, analyzes incidents, and prevents threats. He also monitors the quality of training and services, conducts internal audits, liaises with aviation authorities, and fosters a culture of safety among employees. His task is to ensure the reliability, efficiency, and a high level of trust in the company.	6	1	team/6.jpg
7	 	 	 	Aidarbek Zholamanovich	Digital Developer	Digital Developer	Digital Developer	Digital Developer	 IT-   - .  ,      .           -.	    IT- . ,     .        -  .	 IT-   - .  ,      .           -.	Develops an IT platform for Kazakhstans drone infrastructure. Simplifies flight, training, and data management. His goal is to digitize the industry and make Kazakhstan a leader in smart aviation.	7	1	team/team_me.jpg
\.


--
-- Data for Name: django_admin_log; Type: TABLE DATA; Schema: public; Owner: postgresuser
--

COPY public.django_admin_log (id, action_time, object_id, object_repr, action_flag, change_message, content_type_id, user_id) FROM stdin;
1	2025-09-02 02:56:20.376868+00	1	Home	1	[{"added": {}}]	7	1
2	2025-09-02 04:28:35.962994+00	1	      | AerialSolutions.kz	2	[{"changed": {"fields": ["Hero title [kk]", "Hero title [ru]", "Hero title [en]", "Hero subtitle [kk]", "Hero subtitle [ru]", "Hero subtitle [en]", "Mission text [kk]", "Mission text [ru]", "Mission text [en]", "Education title [kk]", "Education title [ru]", "Education title [en]", "Meta title [kk]", "Meta title [ru]", "Meta title [en]", "Meta description [kk]", "Meta description [ru]", "Meta description [en]"]}}]	7	1
3	2025-09-02 04:29:14.891005+00	1	      | AerialSolutions.kz	2	[{"changed": {"fields": ["Hero subtitle [kk]", "Hero subtitle [ru]", "Hero subtitle [en]"]}}]	7	1
4	2025-09-02 04:36:01.093935+00	1	1        .      .	1	[{"added": {}}, {"added": {"name": "Benefit item", "object": "500"}}, {"added": {"name": "Benefit item", "object": "1000"}}]	8	1
5	2025-09-02 04:38:17.945705+00	1	1        .      .	2	[{"changed": {"name": "Benefit item", "object": "500", "fields": ["Detail [ru]"]}}]	8	1
6	2025-09-02 04:39:24.202849+00	1	1  |      |  .  |    |  .	2	[{"changed": {"fields": ["Title [kk]", "Title [ru]"]}}]	8	1
7	2025-09-02 04:42:15.939329+00	1	1  |      |  .  |    |  .	2	[{"changed": {"fields": ["Slug"]}}]	8	1
8	2025-09-02 04:43:12.15971+00	1	1  |      |  .  |    |  .	2	[{"changed": {"fields": ["Title [kk]"]}}]	8	1
9	2025-09-02 04:43:24.932045+00	1	1  |      |  .  |    |  .	2	[{"changed": {"fields": ["Title [kk]"]}}]	8	1
10	2025-09-02 04:44:16.796836+00	1	1  |      |  .  |    |  .	2	[{"changed": {"fields": ["Title [kk]"]}}]	8	1
11	2025-09-02 04:44:57.233055+00	1	1  |      |  .  |    |  .	2	[{"changed": {"fields": ["Title [kk]"]}}]	8	1
12	2025-09-02 04:45:31.698059+00	1	1  |      |  .  |    |  .	2	[{"changed": {"fields": ["Title [kk]"]}}]	8	1
13	2025-09-02 04:45:53.299943+00	1	1  |      |  .  |    |  .	2	[{"changed": {"fields": ["Title [kk]"]}}]	8	1
14	2025-09-02 04:46:21.171301+00	1	1  |      |  .  |    |  .	2	[{"changed": {"fields": ["Title [kk]"]}}]	8	1
15	2025-09-02 04:47:30.475518+00	1	1  |      |  .  |    |  .	2	[{"changed": {"name": "Benefit item", "object": "5000", "fields": ["Label [kk]", "Label [ru]", "Label [en]", "Detail [kk]", "Detail [ru]", "Detail [en]"]}}]	8	1
16	2025-09-02 04:48:56.213786+00	1	1  |      |  .  |    |  .	2	[{"added": {"name": "Benefit item", "object": "Benefit item #3"}}, {"added": {"name": "Benefit item", "object": "Benefit item #4"}}]	8	1
17	2025-09-02 04:49:47.864448+00	1	1  |      |  .  |    |  .	2	[{"changed": {"name": "Benefit item", "object": "Benefit item #3", "fields": ["Detail [ru]"]}}]	8	1
18	2025-09-02 04:50:20.665999+00	1	1  |      |  .  |    |  .	2	[{"changed": {"name": "Benefit item", "object": "Benefit item #3", "fields": ["Detail [kk]", "Detail [ru]"]}}]	8	1
19	2025-09-02 04:50:38.894732+00	1	1  |      |  .  |    |  .	2	[{"changed": {"name": "Benefit item", "object": "Benefit item #4", "fields": ["Detail [kk]", "Detail [ru]"]}}]	8	1
20	2025-09-02 04:50:53.550388+00	1	1  |      |  .  |    |  .	2	[{"changed": {"name": "Benefit item", "object": "Benefit item #3", "fields": ["Detail [en]"]}}]	8	1
21	2025-09-02 04:51:04.184495+00	1	1  |      |  .  |    |  .	2	[{"changed": {"name": "Benefit item", "object": "Benefit item #4", "fields": ["Detail [en]"]}}]	8	1
22	2025-09-02 04:59:58.960566+00	1	1   |     |   .  |  , |  c  |  .	2	[{"changed": {"fields": ["Title [kk]", "Title [ru]"]}}]	8	1
23	2025-09-02 05:00:53.357346+00	1	1   |     |   .  |  , |  c  |  .	2	[{"changed": {"fields": ["Title [en]"]}}]	8	1
24	2025-09-02 05:02:29.300876+00	1	1   |     |   .  |  , |  c  |  .	2	[{"changed": {"fields": ["Title [en]"]}}]	8	1
25	2025-09-02 05:03:13.8984+00	1	1   |     |   .  |  , |  c  |  .	2	[{"changed": {"name": "Benefit item", "object": "5000", "fields": ["Detail [kk]"]}}]	8	1
26	2025-09-02 05:13:05.911201+00	1	main_nav	1	[{"added": {}}]	23	1
27	2025-09-02 05:14:07.357304+00	1	main_nav: 	1	[{"added": {}}]	24	1
28	2025-09-02 05:14:57.887377+00	1	main_nav: 	2	[]	24	1
29	2025-09-02 05:16:51.114651+00	1	main	2	[{"changed": {"fields": ["Slug"]}}]	23	1
30	2025-09-02 05:20:38.140903+00	2	main: 	1	[{"added": {}}]	24	1
31	2025-09-02 05:21:42.553835+00	3	main: 	1	[{"added": {}}]	24	1
32	2025-09-02 05:22:16.657518+00	1	main: 	2	[{"changed": {"fields": ["Title [en]"]}}]	24	1
33	2025-09-02 05:26:03.69873+00	4	main: 	1	[{"added": {}}]	24	1
34	2025-09-02 05:34:02.884829+00	1	 	1	[{"added": {}}, {"added": {"name": "Partner logo", "object": "Logo #1 of \\u041d\\u0430\\u0448\\u0438 \\u043f\\u0430\\u0440\\u0442\\u043d\\u0435\\u0440\\u044b"}}, {"added": {"name": "Partner logo", "object": "Logo #2 of \\u041d\\u0430\\u0448\\u0438 \\u043f\\u0430\\u0440\\u0442\\u043d\\u0435\\u0440\\u044b"}}, {"added": {"name": "Partner logo", "object": "Logo #3 of \\u041d\\u0430\\u0448\\u0438 \\u043f\\u0430\\u0440\\u0442\\u043d\\u0435\\u0440\\u044b"}}, {"added": {"name": "Partner logo", "object": "Logo #4 of \\u041d\\u0430\\u0448\\u0438 \\u043f\\u0430\\u0440\\u0442\\u043d\\u0435\\u0440\\u044b"}}, {"added": {"name": "Partner logo", "object": "Logo #5 of \\u041d\\u0430\\u0448\\u0438 \\u043f\\u0430\\u0440\\u0442\\u043d\\u0435\\u0440\\u044b"}}]	14	1
35	2025-09-02 05:37:56.458939+00	1	team-core	1	[{"added": {}}, {"added": {"name": "Team member", "object": "test"}}]	11	1
36	2025-09-02 05:45:31.72293+00	1	 	3		14	1
37	2025-09-02 05:46:58.672811+00	2	partners-core	1	[{"added": {}}, {"added": {"name": "Partner logo", "object": "Logo #6 of partners-core"}}, {"added": {"name": "Partner logo", "object": "Logo #7 of partners-core"}}, {"added": {"name": "Partner logo", "object": "Logo #8 of partners-core"}}]	14	1
38	2025-09-02 05:51:03.145323+00	2	partners-core	2	[{"changed": {"name": "Partner logo", "object": "Logo #7 of partners-core", "fields": ["Inline SVG"]}}, {"changed": {"name": "Partner logo", "object": "Logo #8 of partners-core", "fields": ["Inline SVG"]}}]	14	1
39	2025-09-02 05:55:45.362935+00	2	partners-core	2	[{"added": {"name": "Partner logo", "object": "Logo #9 of partners-core"}}]	14	1
40	2025-09-02 05:56:10.799052+00	2	partners-core	2	[{"changed": {"name": "Partner logo", "object": "Logo #9 of partners-core", "fields": ["Inline SVG"]}}]	14	1
41	2025-09-02 05:56:20.523808+00	2	partners-core	2	[{"changed": {"name": "Partner logo", "object": "Logo #9 of partners-core", "fields": ["Inline SVG"]}}]	14	1
42	2025-09-02 05:59:55.976384+00	2	partners-core	2	[{"added": {"name": "Partner logo", "object": "Logo #10 of partners-core"}}]	14	1
43	2025-09-02 06:00:39.912177+00	2	 	2	[{"changed": {"fields": ["Title [kk]", "Title [ru]", "Title [en]"]}}]	14	1
44	2025-09-02 06:02:58.104764+00	2	 	2	[{"added": {"name": "Partner logo", "object": "Logo #11 of \\u041d\\u0430\\u0448\\u0438 \\u043f\\u0430\\u0440\\u0442\\u043d\\u0451\\u0440\\u044b"}}]	14	1
45	2025-09-02 06:14:29.0247+00	2	 	2	[{"changed": {"name": "Partner logo", "object": "Logo #11 of \\u041d\\u0430\\u0448\\u0438 \\u043f\\u0430\\u0440\\u0442\\u043d\\u0451\\u0440\\u044b", "fields": ["Inline SVG"]}}]	14	1
46	2025-09-02 06:15:17.438846+00	2	 	2	[{"changed": {"name": "Partner logo", "object": "Logo #11 of \\u041d\\u0430\\u0448\\u0438 \\u043f\\u0430\\u0440\\u0442\\u043d\\u0451\\u0440\\u044b", "fields": ["Inline SVG"]}}]	14	1
47	2025-09-02 06:27:34.725726+00	2	 	2	[{"changed": {"name": "Partner logo", "object": "Logo #11 of \\u041d\\u0430\\u0448\\u0438 \\u043f\\u0430\\u0440\\u0442\\u043d\\u0451\\u0440\\u044b", "fields": ["Inline SVG"]}}]	14	1
48	2025-09-02 06:27:54.033721+00	2	 	2	[{"changed": {"name": "Partner logo", "object": "Logo #11 of \\u041d\\u0430\\u0448\\u0438 \\u043f\\u0430\\u0440\\u0442\\u043d\\u0451\\u0440\\u044b", "fields": ["Inline SVG"]}}]	14	1
49	2025-09-02 06:30:18.453418+00	2	 	2	[{"changed": {"name": "Partner logo", "object": "Logo #11 of \\u041d\\u0430\\u0448\\u0438 \\u043f\\u0430\\u0440\\u0442\\u043d\\u0451\\u0440\\u044b", "fields": ["Inline SVG"]}}]	14	1
50	2025-09-02 06:30:33.037753+00	2	 	2	[{"changed": {"name": "Partner logo", "object": "Logo #9 of \\u041d\\u0430\\u0448\\u0438 \\u043f\\u0430\\u0440\\u0442\\u043d\\u0451\\u0440\\u044b", "fields": ["Inline SVG"]}}]	14	1
51	2025-09-02 06:39:55.156253+00	2	 	2	[{"added": {"name": "Partner logo", "object": "Logo #12 of \\u041d\\u0430\\u0448\\u0438 \\u043f\\u0430\\u0440\\u0442\\u043d\\u0451\\u0440\\u044b"}}]	14	1
52	2025-09-02 06:41:37.978342+00	2	 	2	[{"changed": {"name": "Partner logo", "object": "Logo #12 of \\u041d\\u0430\\u0448\\u0438 \\u043f\\u0430\\u0440\\u0442\\u043d\\u0451\\u0440\\u044b", "fields": ["Inline SVG"]}}]	14	1
53	2025-09-02 06:41:52.624319+00	2	 	2	[{"changed": {"name": "Partner logo", "object": "Logo #12 of \\u041d\\u0430\\u0448\\u0438 \\u043f\\u0430\\u0440\\u0442\\u043d\\u0451\\u0440\\u044b", "fields": ["Inline SVG"]}}]	14	1
54	2025-09-02 06:44:20.672338+00	2	 	2	[{"added": {"name": "Partner logo", "object": "Logo #13 of \\u041d\\u0430\\u0448\\u0438 \\u043f\\u0430\\u0440\\u0442\\u043d\\u0451\\u0440\\u044b"}}]	14	1
55	2025-09-02 06:46:46.664955+00	2	 	2	[{"added": {"name": "Partner logo", "object": "Logo #14 of \\u041d\\u0430\\u0448\\u0438 \\u043f\\u0430\\u0440\\u0442\\u043d\\u0451\\u0440\\u044b"}}]	14	1
56	2025-09-02 06:47:31.184774+00	2	 	2	[{"changed": {"name": "Partner logo", "object": "Logo #14 of \\u041d\\u0430\\u0448\\u0438 \\u043f\\u0430\\u0440\\u0442\\u043d\\u0451\\u0440\\u044b", "fields": ["Inline SVG"]}}]	14	1
57	2025-09-02 06:47:52.486078+00	2	 	2	[{"deleted": {"name": "Partner logo", "object": "Logo #None of \\u041d\\u0430\\u0448\\u0438 \\u043f\\u0430\\u0440\\u0442\\u043d\\u0451\\u0440\\u044b"}}]	14	1
157	2025-09-05 06:35:02.013523+00	1	 <br>  1	2	[{"changed": {"fields": ["\\u041e\\u0444\\u0435\\u0440 [en]"]}}]	25	1
58	2025-09-02 06:48:08.019983+00	2	 	2	[{"changed": {"name": "Partner logo", "object": "Logo #14 of \\u041d\\u0430\\u0448\\u0438 \\u043f\\u0430\\u0440\\u0442\\u043d\\u0451\\u0440\\u044b", "fields": ["Inline SVG"]}}]	14	1
59	2025-09-02 06:48:17.95741+00	2	 	2	[{"changed": {"name": "Partner logo", "object": "Logo #14 of \\u041d\\u0430\\u0448\\u0438 \\u043f\\u0430\\u0440\\u0442\\u043d\\u0451\\u0440\\u044b", "fields": ["Inline SVG"]}}]	14	1
60	2025-09-02 06:50:18.419924+00	2	 	2	[{"added": {"name": "Partner logo", "object": "Logo #15 of \\u041d\\u0430\\u0448\\u0438 \\u043f\\u0430\\u0440\\u0442\\u043d\\u0451\\u0440\\u044b"}}]	14	1
61	2025-09-02 06:51:15.34498+00	2	 	2	[{"changed": {"name": "Partner logo", "object": "Logo #15 of \\u041d\\u0430\\u0448\\u0438 \\u043f\\u0430\\u0440\\u0442\\u043d\\u0451\\u0440\\u044b", "fields": ["Inline SVG"]}}]	14	1
62	2025-09-02 06:59:45.309513+00	2	 	2	[{"added": {"name": "Partner logo", "object": "Logo #16 of \\u041d\\u0430\\u0448\\u0438 \\u043f\\u0430\\u0440\\u0442\\u043d\\u0451\\u0440\\u044b"}}]	14	1
63	2025-09-02 07:00:03.368152+00	2	 	2	[{"changed": {"name": "Partner logo", "object": "Logo #16 of \\u041d\\u0430\\u0448\\u0438 \\u043f\\u0430\\u0440\\u0442\\u043d\\u0451\\u0440\\u044b", "fields": ["Inline SVG"]}}]	14	1
64	2025-09-02 07:03:10.60835+00	1	1   |     |   .  |  , |  c  |  .	2	[{"changed": {"name": "Benefit item", "object": "500", "fields": ["Detail [kk]"]}}]	8	1
65	2025-09-02 07:03:26.583508+00	1	1   |     |   .  |  , |  c  |  .	2	[{"changed": {"name": "Benefit item", "object": "500", "fields": ["Detail [ru]"]}}]	8	1
66	2025-09-02 07:03:55.742434+00	1	1   |     |   .  |  , |  c  |  .	2	[{"changed": {"name": "Benefit item", "object": "500", "fields": ["Detail [en]"]}}]	8	1
67	2025-09-02 07:07:11.03396+00	1		1	[{"added": {}}, {"added": {"name": "Gallery item", "object": "Item #1"}}]	17	1
68	2025-09-02 07:17:53.581881+00	1	team-core	2	[{"added": {"name": "Team member", "object": "\\u041a\\u043e\\u0437\\u0430\\u0440\\u0435\\u0432 \\u0410\\u043d\\u0434\\u0440\\u0435\\u0439 \\u041a\\u043e\\u043d\\u0441\\u0442\\u0430\\u043d\\u0442\\u0438\\u043d\\u043e\\u0432\\u0438\\u0447"}}, {"added": {"name": "Team member", "object": "\\u041a\\u0430\\u0436\\u0438\\u0433\\u0430\\u043b\\u0438\\u043c\\u043e\\u0432 \\u0420\\u0443\\u0441\\u043b\\u0430\\u043d \\u041c\\u0443\\u0440\\u0430\\u0442\\u043e\\u0432\\u0438\\u0447"}}, {"changed": {"name": "Team member", "object": "\\u041c\\u0443\\u0441\\u0442\\u0430\\u0444\\u0430\\u0435\\u0432 \\u041c\\u0430\\u0443\\u043b\\u0435\\u043d \\u041d\\u0443\\u0440\\u0430\\u043b\\u0438\\u0435\\u0432\\u0438\\u0447", "fields": ["Name [kk]", "Name [ru]", "Name [en]", "Position [kk]", "Position [ru]", "Position [en]"]}}]	11	1
69	2025-09-02 07:19:14.876078+00	1	team-core	2	[{"changed": {"name": "Team member", "object": "\\u041c\\u0430\\u0443\\u043b\\u0435\\u043d \\u041d\\u0443\\u0440\\u0430\\u043b\\u0438\\u0435\\u0432\\u0438\\u0447", "fields": ["Name [kk]", "Name [ru]", "Name [en]"]}}, {"changed": {"name": "Team member", "object": "\\u0410\\u043d\\u0434\\u0440\\u0435\\u0439 \\u041a\\u043e\\u043d\\u0441\\u0442\\u0430\\u043d\\u0442\\u0438\\u043d\\u043e\\u0432\\u0438\\u0447", "fields": ["Name [kk]", "Name [ru]", "Name [en]"]}}, {"changed": {"name": "Team member", "object": "\\u0420\\u0443\\u0441\\u043b\\u0430\\u043d \\u041c\\u0443\\u0440\\u0430\\u0442\\u043e\\u0432\\u0438\\u0447", "fields": ["Name [kk]", "Name [ru]", "Name [en]"]}}]	11	1
70	2025-09-02 07:21:21.099289+00	1	team-core	2	[{"changed": {"name": "Team member", "object": "\\u041c\\u0430\\u0443\\u043b\\u0435\\u043d \\u041d\\u0443\\u0440\\u0430\\u043b\\u0438\\u0435\\u0432\\u0438\\u0447", "fields": ["Description [ru]"]}}, {"changed": {"name": "Team member", "object": "\\u0410\\u043d\\u0434\\u0440\\u0435\\u0439 \\u041a\\u043e\\u043d\\u0441\\u0442\\u0430\\u043d\\u0442\\u0438\\u043d\\u043e\\u0432\\u0438\\u0447", "fields": ["Description [ru]"]}}, {"changed": {"name": "Team member", "object": "\\u0420\\u0443\\u0441\\u043b\\u0430\\u043d \\u041c\\u0443\\u0440\\u0430\\u0442\\u043e\\u0432\\u0438\\u0447", "fields": ["Description [ru]"]}}]	11	1
71	2025-09-02 07:38:42.672918+00	1	social-core	1	[{"added": {}}, {"added": {"name": "Social link", "object": "instagram"}}, {"added": {"name": "Social link", "object": "threads"}}, {"added": {"name": "Social link", "object": "whatsapp"}}, {"added": {"name": "Social link", "object": "facebook"}}, {"added": {"name": "Social link", "object": "youtube"}}]	20	1
72	2025-09-02 07:44:44.001969+00	1	default	1	[{"added": {}}]	36	1
73	2025-09-02 07:46:37.084362+00	2	main	1	[{"added": {}}]	36	1
74	2025-09-02 07:49:37.103076+00	2	main	2	[{"changed": {"fields": ["Button label [kk]", "Button label [en]", "Modal title [kk]", "Modal title [en]", "Submit button label [ru]", "Submit button label [kk]", "Submit button label [en]", "Name label [kk]", "Name label [en]", "Phone label [kk]", "Phone label [en]", "Success message [ru]", "Success message [kk]", "Success message [en]"]}}]	36	1
75	2025-09-02 07:54:13.532287+00	3	callback	1	[{"added": {}}]	36	1
76	2025-09-02 07:54:24.518689+00	3	callback	2	[]	36	1
77	2025-09-02 08:56:21.77892+00	1	      | AerialSolutions.kz	2	[{"changed": {"fields": ["Meta title [kk]", "Meta description [ru]"]}}]	7	1
78	2025-09-02 08:56:51.872274+00	1	About	1	[{"added": {}}]	10	1
79	2025-09-02 09:16:49.587941+00	2	1   |     |   .  |  , |  c  |  .	1	[{"added": {}}, {"added": {"name": "Benefit item", "object": "500"}}, {"added": {"name": "Benefit item", "object": "5000"}}, {"added": {"name": "Benefit item", "object": "Benefit item #7"}}, {"added": {"name": "Benefit item", "object": "Benefit item #8"}}]	8	1
80	2025-09-02 09:16:52.271517+00	2	1   |     |   .  |  , |  c  |  .	2	[]	8	1
81	2025-09-02 09:40:54.275308+00	2	about-gallery	1	[{"added": {}}]	17	1
82	2025-09-02 09:56:20.07218+00	1		1	[{"added": {}}]	35	1
83	2025-09-02 09:56:28.008324+00	1		2	[]	35	1
84	2025-09-02 09:57:55.669249+00	1		2	[{"changed": {"fields": ["Meta title [kk]", "Meta description [kk]"]}}]	35	1
159	2025-09-05 06:36:43.813632+00	1	 <br>  1	2	[{"changed": {"fields": ["Program title [ru]"]}}]	25	1
85	2025-09-02 10:07:23.095689+00	1	     |   | Drone Pilot Academy	2	[{"changed": {"fields": ["Meta title [kk]", "Meta title [ru]", "Meta title [en]", "Meta description [kk]", "Meta description [ru]", "Meta description [en]"]}}]	10	1
86	2025-09-02 10:08:56.577481+00	1		2	[{"changed": {"fields": ["Phone number"]}}]	35	1
87	2025-09-02 10:37:50.492823+00	1		1	[{"added": {}}]	39	1
88	2025-09-02 10:40:47.843073+00	1		2	[{"changed": {"fields": ["Page title [kk]", "Page title [en]", "Meta description [kk]", "Meta description [ru]", "Meta description [en]", "Meta keywords (comma-separated) [kk]", "Meta keywords (comma-separated) [ru]", "Meta keywords (comma-separated) [en]"]}}]	39	1
89	2025-09-02 10:41:23.590318+00	1	 	1	[{"added": {}}]	38	1
90	2025-09-02 10:41:52.385562+00	1	 	2	[{"changed": {"fields": ["Image", "Body (Markdown) [ru]"]}}]	38	1
91	2025-09-02 12:24:09.548474+00	2	about-gallery	2	[{"added": {"name": "Gallery item", "object": "Item #2"}}]	17	1
92	2025-09-02 12:24:27.934839+00	2	about-gallery	2	[{"added": {"name": "Gallery item", "object": "Item #3"}}]	17	1
93	2025-09-02 12:24:58.367339+00	2	about-gallery	2	[{"deleted": {"name": "Gallery item", "object": "Item #None"}}, {"deleted": {"name": "Gallery item", "object": "Item #None"}}]	17	1
94	2025-09-02 12:25:31.866005+00	2	about-gallery	2	[{"added": {"name": "Gallery item", "object": "Item #4"}}]	17	1
95	2025-09-02 12:25:38.923565+00	2	about-gallery	2	[{"added": {"name": "Gallery item", "object": "Item #5"}}]	17	1
96	2025-09-02 12:25:49.920379+00	2	about-gallery	2	[{"added": {"name": "Gallery item", "object": "Item #6"}}]	17	1
97	2025-09-02 12:25:57.323434+00	2	about-gallery	2	[{"added": {"name": "Gallery item", "object": "Item #7"}}]	17	1
98	2025-09-02 12:26:06.25264+00	2	about-gallery	2	[{"added": {"name": "Gallery item", "object": "Item #8"}}]	17	1
99	2025-09-02 12:26:15.163967+00	2	about-gallery	2	[{"added": {"name": "Gallery item", "object": "Item #9"}}]	17	1
100	2025-09-02 12:30:20.269459+00	1		2	[{"changed": {"name": "Gallery item", "object": "Item #1", "fields": ["Image"]}}]	17	1
101	2025-09-02 12:31:19.287373+00	1		2	[{"added": {"name": "Gallery item", "object": "Item #10"}}, {"added": {"name": "Gallery item", "object": "Item #11"}}, {"added": {"name": "Gallery item", "object": "Item #12"}}]	17	1
102	2025-09-02 12:33:09.308256+00	4	main: 	2	[{"changed": {"fields": ["Title [ru]"]}}]	24	1
103	2025-09-02 12:47:44.66298+00	1	   1	1	[{"added": {}}, {"added": {"name": "Service benefit", "object": "\\u041e\\u043d\\u043b\\u0430\\u0439\\u043d: \\u0423\\u0447\\u0438\\u0442\\u0435\\u0441\\u044c \\u0432 \\u0441\\u0432\\u043e\\u0431\\u043e\\u0434\\u043d\\u043e\\u0435 \\u0432\\u0440\\u0435\\u043c\\u044f"}}, {"added": {"name": "Service benefit", "object": "14 \\u0434\\u043d\\u0435\\u0439: \\u0414\\u043b\\u0438\\u0442\\u0435\\u043b\\u044c\\u043d\\u043e\\u0441\\u0442\\u044c \\u043a\\u0443\\u0440\\u0441\\u0430"}}, {"added": {"name": "Service benefit", "object": "500+: \\u041e\\u0431\\u0443\\u0447\\u0435\\u043d\\u043d\\u044b\\u0445 \\u043f\\u0438\\u043b\\u043e\\u0442\\u043e\\u0432"}}, {"added": {"name": "Service advantage", "object": "\\u0413\\u043e\\u0441\\u0443\\u0434\\u0430\\u0440\\u0441\\u0442\\u0432\\u0435\\u043d\\u043d\\u044b\\u0435 \\u0441\\u0435\\u0440\\u0442\\u0438\\u0444\\u0438\\u043a\\u0430\\u0442\\u044b <br> \\u0432\\u0441\\u0435\\u0445 \\u043a\\u0430\\u2026"}}, {"added": {"name": "Service advantage", "object": "\\u0413\\u043e\\u0441\\u0443\\u0434\\u0430\\u0440\\u0441\\u0442\\u0432\\u0435\\u043d\\u043d\\u044b\\u0435 \\u0441\\u0435\\u0440\\u0442\\u0438\\u0444\\u0438\\u043a\\u0430\\u0442\\u044b <br> \\u0432\\u0441\\u0435\\u0445 \\u043a\\u0430\\u2026"}}, {"added": {"name": "Service advantage", "object": "\\u0413\\u043e\\u0441\\u0443\\u0434\\u0430\\u0440\\u0441\\u0442\\u0432\\u0435\\u043d\\u043d\\u044b\\u0435 \\u0441\\u0435\\u0440\\u0442\\u0438\\u0444\\u0438\\u043a\\u0430\\u0442\\u044b <br> \\u0432\\u0441\\u0435\\u0445 \\u043a\\u0430\\u2026"}}, {"added": {"name": "Service advantage", "object": "\\u0413\\u043e\\u0441\\u0443\\u0434\\u0430\\u0440\\u0441\\u0442\\u0432\\u0435\\u043d\\u043d\\u044b\\u0435 \\u0441\\u0435\\u0440\\u0442\\u0438\\u0444\\u0438\\u043a\\u0430\\u0442\\u044b <br> \\u0432\\u0441\\u0435\\u0445 \\u043a\\u0430\\u2026"}}]	25	1
104	2025-09-02 12:49:31.694569+00	1	   1	2	[{"changed": {"fields": ["\\u0423\\u0422\\u041f [ru]", "\\u0423\\u0422\\u041f [kk]"]}}]	25	1
105	2025-09-02 12:49:52.19789+00	1	   1	2	[{"changed": {"fields": ["CTA descr [ru]"]}}]	25	1
106	2025-09-02 12:50:54.884209+00	1	  <br>  1	2	[{"changed": {"fields": ["\\u041e\\u0444\\u0435\\u0440 [ru]"]}}]	25	1
107	2025-09-02 12:55:06.011137+00	1	  <br>  1	2	[{"changed": {"fields": ["Card title [ru]", "Card description [ru]", "Card tags (comma-separated) [ru]"]}}]	25	1
108	2025-09-02 12:56:04.309915+00	1	  <br>  1	2	[{"changed": {"fields": ["Card description [ru]"]}}]	25	1
109	2025-09-02 12:56:31.072028+00	1	  <br>  1	2	[{"changed": {"fields": ["Card description [ru]"]}}]	25	1
110	2025-09-02 12:57:05.32652+00	1	  <br>  1	2	[{"changed": {"fields": ["Card description [ru]"]}}]	25	1
111	2025-09-02 12:57:45.182708+00	1	  <br>  1	2	[{"changed": {"fields": ["Card tags (comma-separated) [ru]"]}}]	25	1
112	2025-09-02 12:59:27.755185+00	1	 <br>  1	2	[{"changed": {"fields": ["\\u041e\\u0444\\u0435\\u0440 [ru]"]}}]	25	1
113	2025-09-02 13:05:38.407956+00	1	 <br>  1	2	[{"changed": {"fields": ["Program title [ru]", "CTA title [ru]", "CTA descr [ru]"]}}]	25	1
114	2025-09-02 13:06:12.727891+00	1	 <br>  1	2	[{"changed": {"fields": ["CTA descr [ru]"]}}]	25	1
115	2025-09-02 13:12:08.453241+00	1	 <br>  1	2	[{"changed": {"name": "Service benefit", "object": "4 \\u0434\\u043d\\u044f: \\u0414\\u043b\\u0438\\u0442\\u0435\\u043b\\u044c\\u043d\\u043e\\u0441\\u0442\\u044c \\u043a\\u0443\\u0440\\u0441\\u0430", "fields": ["Name [ru]"]}}, {"changed": {"name": "Service advantage", "object": "\\u041f\\u0440\\u043e\\u0433\\u0440\\u0430\\u043c\\u043c\\u0430 \\u0441\\u043e\\u0433\\u043b\\u0430\\u0441\\u043e\\u0432\\u0430\\u043d\\u043d\\u0430 \\u0441 \\u0410\\u0432\\u0438\\u0430\\u0446\\u0438\\u043e\\u043d\\u043d\\u043e\\u0439 \\u0410\\u0434\\u043c\\u2026", "fields": ["Text [ru]"]}}, {"changed": {"name": "Service advantage", "object": "\\u041d\\u0430\\u0443\\u0447\\u0438\\u0442\\u0435\\u0441\\u044c \\u0437\\u0430\\u043a\\u043e\\u043d\\u043d\\u043e \\u0441\\u043e\\u0432\\u0435\\u0440\\u0448\\u0430\\u0442\\u044c <br> \\u043f\\u043e\\u043b\\u0435\\u0442\\u044b \\u2026", "fields": ["Text [ru]"]}}, {"changed": {"name": "Service advantage", "object": "\\u041f\\u043e\\u0434\\u0434\\u0435\\u0440\\u0436\\u043a\\u0430 \\u0438 \\u0441\\u043e\\u043f\\u0440\\u043e\\u0432\\u043e\\u0436\\u0434\\u0435\\u043d\\u0438\\u0435 \\u043f\\u043e\\u0441\\u043b\\u0435 \\u043e\\u0431\\u0443\\u0447\\u0435\\u043d\\u0438\\u044f\\u2026", "fields": ["Text [ru]"]}}]	25	1
158	2025-09-05 06:35:56.547692+00	1	 <br>  1	2	[{"changed": {"fields": ["\\u041e\\u0444\\u0435\\u0440 [en]"]}}]	25	1
160	2025-09-05 06:37:05.639629+00	1	 <br>  1	2	[{"changed": {"fields": ["Program title [ru]"]}}]	25	1
116	2025-09-02 13:12:41.162413+00	1	 <br>  1	2	[{"changed": {"name": "Service advantage", "object": "\\u041f\\u043e\\u0434\\u0434\\u0435\\u0440\\u0436\\u043a\\u0430 \\u0438 \\u0441\\u043e\\u043f\\u0440\\u043e\\u0432\\u043e\\u0436\\u0434\\u0435\\u043d\\u0438\\u0435 <br> \\u043f\\u043e\\u0441\\u043b\\u0435 \\u043e\\u0431\\u0443\\u2026", "fields": ["Text [ru]"]}}]	25	1
117	2025-09-02 13:13:28.70864+00	1	 <br>  1	2	[{"changed": {"name": "Service benefit", "object": "\\u0423\\u0447\\u0438\\u0442\\u0435\\u0441\\u044c \\u0432 \\u0441\\u0432\\u043e\\u0431\\u043e\\u0434\\u043d\\u043e\\u0435 \\u0432\\u0440\\u0435\\u043c\\u044f: \\u041e\\u043d\\u043b\\u0430\\u0439\\u043d", "fields": ["Name [ru]", "Value [ru]"]}}, {"changed": {"name": "Service benefit", "object": "\\u0414\\u043b\\u0438\\u0442\\u0435\\u043b\\u044c\\u043d\\u043e\\u0441\\u0442\\u044c \\u043a\\u0443\\u0440\\u0441\\u0430: 4 \\u0434\\u043d\\u044f", "fields": ["Name [ru]", "Value [ru]"]}}, {"changed": {"name": "Service benefit", "object": "\\u041e\\u0431\\u0443\\u0447\\u0435\\u043d\\u043d\\u044b\\u0445 \\u043f\\u0438\\u043b\\u043e\\u0442\\u043e\\u0432: 500+", "fields": ["Name [ru]", "Value [ru]"]}}]	25	1
118	2025-09-02 13:14:23.416819+00	1	 <br>  1	2	[{"added": {"name": "Service slide", "object": "Slide #1"}}]	25	1
119	2025-09-02 13:17:57.641267+00	1	 <br>  1	2	[{"added": {"name": "Program item", "object": "\\u0412\\u043e\\u0437\\u0434\\u0443\\u0448\\u043d\\u043e\\u0435 \\u043f\\u0440\\u0430\\u0432\\u043e"}}]	25	1
120	2025-09-02 13:18:22.715666+00	1	 <br>  1	2	[{"changed": {"name": "Program item", "object": "\\u0412\\u043e\\u0437\\u0434\\u0443\\u0448\\u043d\\u043e\\u0435 \\u043f\\u0440\\u0430\\u0432\\u043e", "fields": ["Bullets (one per line) [kk]", "Bullets (one per line) [ru]"]}}]	25	1
121	2025-09-02 13:19:42.759892+00	1	 <br>  1	2	[{"changed": {"name": "Program item", "object": "\\u0412\\u043e\\u0437\\u0434\\u0443\\u0448\\u043d\\u043e\\u0435 \\u043f\\u0440\\u0430\\u0432\\u043e", "fields": ["Anchor (ID)"]}}]	25	1
122	2025-09-02 13:21:26.327813+00	1	 <br>  1	2	[{"changed": {"name": "Program item", "object": "\\u0422\\u0435\\u043e\\u0440\\u0438\\u044f", "fields": ["Title [ru]", "Duration / time"]}}]	25	1
123	2025-09-02 13:24:10.091667+00	1	 <br>  1	2	[{"added": {"name": "Program item", "object": "\\u0411\\u043e\\u043d\\u0443\\u0441"}}, {"changed": {"name": "Program item", "object": "\\u0422\\u0435\\u043e\\u0440\\u0438\\u044f", "fields": ["Bullets (one per line) [ru]"]}}]	25	1
124	2025-09-02 13:24:35.51147+00	1	 <br>  1	2	[{"changed": {"name": "Program item", "object": "\\u0411\\u043e\\u043d\\u0443\\u0441", "fields": ["Duration / time"]}}]	25	1
125	2025-09-02 13:25:16.623851+00	1	 <br>  1	2	[{"changed": {"name": "Program item", "object": "\\u0411\\u043e\\u043d\\u0443\\u0441", "fields": ["Duration / time", "Bullets (one per line) [kk]"]}}]	25	1
126	2025-09-02 13:37:09.056532+00	1	name	1	[{"added": {}}, {"added": {"name": "Fleet item", "object": "dsada"}}]	30	1
127	2025-09-02 13:37:36.758016+00	1	name	2	[{"added": {"name": "Fleet item", "object": "dasdas"}}]	30	1
128	2025-09-02 13:37:46.748745+00	1	name	2	[{"deleted": {"name": "Fleet item", "object": "dasdas"}}]	30	1
129	2025-09-02 13:39:02.148274+00	3	dsada	1	[{"added": {}}, {"added": {"name": "Fleet spec", "object": "dasdas: dasda"}}]	31	1
130	2025-09-02 13:39:46.946026+00	1	name	2	[{"deleted": {"name": "Fleet item", "object": "dsada"}}, {"deleted": {"name": "Fleet item", "object": "dsada"}}]	30	1
131	2025-09-02 13:40:07.069266+00	1	name	3		30	1
132	2025-09-02 13:51:53.963708+00	2	   2	1	[{"added": {}}, {"added": {"name": "Service benefit", "object": "\\u0423\\u0447\\u0438\\u0442\\u0435\\u0441\\u044c \\u0432 \\u0441\\u0432\\u043e\\u0431\\u043e\\u0434\\u043d\\u043e\\u0435 \\u0432\\u0440\\u0435\\u043c\\u044f: \\u041e\\u043d\\u043b\\u0430\\u0439\\u043d"}}, {"added": {"name": "Service benefit", "object": "\\u0414\\u043b\\u0438\\u0442\\u0435\\u043b\\u044c\\u043d\\u043e\\u0441\\u0442\\u044c \\u043a\\u0443\\u0440\\u0441\\u0430: 10 \\u0434\\u043d\\u044f"}}, {"added": {"name": "Service benefit", "object": "\\u041e\\u0431\\u0443\\u0447\\u0435\\u043d\\u043d\\u044b\\u0445 \\u043f\\u0438\\u043b\\u043e\\u0442\\u043e\\u0432: 500+"}}, {"added": {"name": "Service advantage", "object": "\\u0413\\u043e\\u0441\\u0443\\u0434\\u0430\\u0440\\u0441\\u0442\\u0432\\u0435\\u043d\\u043d\\u044b\\u0435 \\u0441\\u0435\\u0440\\u0442\\u0438\\u0444\\u0438\\u043a\\u0430\\u0442\\u044b <br> \\u0432\\u0441\\u0435\\u0445 \\u043a\\u0430\\u2026"}}, {"added": {"name": "Service advantage", "object": "\\u041f\\u0440\\u043e\\u0433\\u0440\\u0430\\u043c\\u043c\\u0430 \\u0441\\u043e\\u0433\\u043b\\u0430\\u0441\\u043e\\u0432\\u0430\\u043d\\u043d\\u0430 \\u0441 \\u0410\\u0432\\u0438\\u0430\\u0446\\u0438\\u043e\\u043d\\u043d\\u043e\\u0439 \\u0410\\u0434\\u043c\\u2026"}}, {"added": {"name": "Service advantage", "object": "\\u041d\\u0430\\u0443\\u0447\\u0438\\u0442\\u0435\\u0441\\u044c \\u0437\\u0430\\u043a\\u043e\\u043d\\u043d\\u043e \\u0441\\u043e\\u0432\\u0435\\u0440\\u0448\\u0430\\u0442\\u044c <br> \\u043f\\u043e\\u043b\\u0435\\u0442\\u044b \\u2026"}}, {"added": {"name": "Service advantage", "object": "\\u041f\\u043e\\u0434\\u0434\\u0435\\u0440\\u0436\\u043a\\u0430 \\u0438 \\u0441\\u043e\\u043f\\u0440\\u043e\\u0432\\u043e\\u0436\\u0434\\u0435\\u043d\\u0438\\u0435 <br> \\u043f\\u043e\\u0441\\u043b\\u0435 \\u043e\\u0431\\u0443\\u2026"}}, {"added": {"name": "Program item", "object": "\\u0422\\u0435\\u043e\\u0440\\u0438\\u044f"}}, {"added": {"name": "Program item", "object": "\\u041f\\u0440\\u0430\\u043a\\u0442\\u0438\\u043a\\u0430"}}]	25	1
133	2025-09-02 13:52:25.134583+00	2	   2	2	[{"changed": {"name": "Program item", "object": "\\u041f\\u0440\\u0430\\u043a\\u0442\\u0438\\u043a\\u0430", "fields": ["Bullets (one per line) [ru]"]}}]	25	1
134	2025-09-02 13:52:50.204695+00	2	   2	2	[{"changed": {"fields": ["Card icon SVG"]}}]	25	1
135	2025-09-02 13:52:50.591898+00	2	   2	2	[]	25	1
136	2025-09-02 13:54:10.253247+00	2	 <br>   2	2	[{"changed": {"fields": ["Card description [ru]", "\\u041e\\u0444\\u0435\\u0440 [ru]"]}}]	25	1
137	2025-09-02 14:02:59.003029+00	2	 <br>   2	2	[{"changed": {"fields": ["\\u0423\\u0422\\u041f [ru]"]}}, {"changed": {"name": "Service benefit", "object": "\\u0414\\u043b\\u0438\\u0442\\u0435\\u043b\\u044c\\u043d\\u043e\\u0441\\u0442\\u044c \\u043a\\u0443\\u0440\\u0441\\u0430: 10 \\u0434\\u043d\\u0435\\u0439", "fields": ["Value [ru]"]}}, {"added": {"name": "Program item", "object": "\\u041f\\u0440\\u0430\\u043a\\u0442\\u0438\\u043a\\u0430 (\\u0412\\u0435\\u0440\\u0442\\u043e\\u043b\\u0435\\u0442\\u043d\\u044b\\u0439)"}}, {"added": {"name": "Program item", "object": "\\u041f\\u0440\\u0430\\u043a\\u0442\\u0438\\u043a\\u0430 (\\u0413\\u0438\\u0431\\u0440\\u0438\\u0434\\u043d\\u044b\\u0439)"}}, {"added": {"name": "Program item", "object": "\\u041f\\u0440\\u0430\\u043a\\u0442\\u0438\\u043a\\u0430 (\\u0421\\u0430\\u043c\\u043e\\u043b\\u0435\\u0442\\u043d\\u044b\\u0439)"}}, {"changed": {"name": "Program item", "object": "\\u041f\\u0440\\u0430\\u043a\\u0442\\u0438\\u043a\\u0430 (\\u041c\\u0443\\u043b\\u044c\\u0442\\u0438\\u0440\\u043e\\u0442\\u043e\\u0440 )", "fields": ["Title [ru]"]}}]	25	1
156	2025-09-05 06:33:26.810311+00	1	 <br>  1	2	[{"changed": {"fields": ["Card title [kk]", "Card title [en]", "Card description [kk]", "\\u0423\\u0422\\u041f [kk]"]}}, {"changed": {"name": "Program item", "object": "\\u0422\\u0435\\u043e\\u0440\\u0438\\u044f", "fields": ["Duration / time"]}}]	25	1
138	2025-09-02 14:03:48.728534+00	2	 <br>   2	2	[{"changed": {"name": "Program item", "object": "\\u041f\\u0440\\u0430\\u043a\\u0442\\u0438\\u043a\\u0430 (\\u0413\\u0438\\u0431\\u0440\\u0438\\u0434\\u043d\\u044b\\u0439)", "fields": ["Duration / time"]}}, {"changed": {"name": "Program item", "object": "\\u041f\\u0440\\u0430\\u043a\\u0442\\u0438\\u043a\\u0430 (\\u0421\\u0430\\u043c\\u043e\\u043b\\u0435\\u0442\\u043d\\u044b\\u0439)", "fields": ["Duration / time"]}}]	25	1
139	2025-09-02 14:04:13.246448+00	2	 <br>   2	2	[{"deleted": {"name": "Program item", "object": "\\u041f\\u0440\\u0430\\u043a\\u0442\\u0438\\u043a\\u0430 (\\u0412\\u0435\\u0440\\u0442\\u043e\\u043b\\u0435\\u0442\\u043d\\u044b\\u0439)"}}]	25	1
140	2025-09-02 14:18:52.039174+00	3	   3	1	[{"added": {}}, {"added": {"name": "Service benefit", "object": "\\u041c\\u043d\\u043e\\u0433\\u043e \\u043f\\u0440\\u0430\\u043a\\u0442\\u0438\\u043a\\u0438: \\u041e\\u0444\\u0444\\u043b\\u0430\\u0439\\u043d"}}, {"added": {"name": "Service benefit", "object": "\\u0414\\u043b\\u0438\\u0442\\u0435\\u043b\\u044c\\u043d\\u043e\\u0441\\u0442\\u044c \\u043a\\u0443\\u0440\\u0441\\u0430: 14 \\u0434\\u043d\\u0435\\u0439"}}, {"added": {"name": "Service benefit", "object": "\\u041e\\u0431\\u0443\\u0447\\u0435\\u043d\\u043d\\u044b\\u0445 \\u043f\\u0438\\u043b\\u043e\\u0442\\u043e\\u0432: 500+"}}, {"added": {"name": "Service advantage", "object": "\\u041e\\u0444\\u0438\\u0446\\u0438\\u0430\\u043b\\u044c\\u043d\\u044b\\u0439 \\u0430\\u0432\\u0438\\u0430\\u0446\\u0438\\u043e\\u043d\\u043d\\u044b\\u0439 \\u0443\\u0447\\u0435\\u0431\\u043d\\u044b\\u0439 \\u0446\\u0435\\u043d\\u0442\\u0440\\u2026"}}, {"added": {"name": "Service advantage", "object": "\\u041f\\u0440\\u043e\\u0433\\u0440\\u0430\\u043c\\u043c\\u0430 \\u0441\\u043e\\u0433\\u043b\\u0430\\u0441\\u043e\\u0432\\u0430\\u043d\\u043d\\u0430 \\u0441 \\u0410\\u0432\\u0438\\u0430\\u0446\\u0438\\u043e\\u043d\\u043d\\u043e\\u0439 \\u0410\\u0434\\u043c\\u2026"}}, {"added": {"name": "Service advantage", "object": "\\u041e\\u0431\\u0443\\u0447\\u0435\\u043d\\u0438\\u0435 \\u043d\\u0430 \\u0440\\u0435\\u0430\\u043b\\u044c\\u043d\\u044b\\u0445 \\u0434\\u0440\\u043e\\u043d\\u0430\\u0445 \\u0442\\u044f\\u0436\\u0435\\u043b\\u0435\\u0435 25 \\u043a\\u2026"}}, {"added": {"name": "Service advantage", "object": "\\u041f\\u043e\\u0434\\u0434\\u0435\\u0440\\u0436\\u043a\\u0430 \\u0438 \\u0441\\u043e\\u043f\\u0440\\u043e\\u0432\\u043e\\u0436\\u0434\\u0435\\u043d\\u0438\\u0435 <br> \\u043f\\u043e\\u0441\\u043b\\u0435 \\u043e\\u0431\\u0443\\u2026"}}, {"added": {"name": "Program item", "object": "\\u0422\\u0435\\u043e\\u0440\\u0438\\u044f"}}, {"added": {"name": "Program item", "object": "\\u041f\\u0440\\u0430\\u043a\\u0442\\u0438\\u043a\\u0430"}}]	25	1
141	2025-09-02 14:23:10.878528+00	3	   3	2	[{"changed": {"fields": ["\\u041e\\u0444\\u0435\\u0440 [kk]"]}}]	25	1
142	2025-09-02 14:23:35.818424+00	3	 <br>    3	2	[{"changed": {"fields": ["\\u041e\\u0444\\u0435\\u0440 [ru]"]}}]	25	1
143	2025-09-02 14:23:55.453207+00	3	 <br>    3	2	[{"added": {"name": "Service slide", "object": "Slide #2"}}]	25	1
144	2025-09-02 14:24:11.292066+00	2	 <br>   2	2	[{"added": {"name": "Service slide", "object": "Slide #3"}}]	25	1
145	2025-09-02 14:25:25.838191+00	3	 <br>    3	2	[{"changed": {"name": "Service benefit", "object": "\\u0447\\u0430\\u0441\\u0430 \\u043f\\u0440\\u0430\\u043a\\u0442\\u0438\\u043a\\u0438: 32", "fields": ["Name [ru]", "Value [ru]"]}}]	25	1
146	2025-09-02 14:27:12.191752+00	3	 <br>    3	2	[{"changed": {"name": "Service benefit", "object": "\\u0443\\u0447\\u0435\\u0431\\u043d\\u043e\\u0439 \\u043f\\u0440\\u0430\\u043a\\u0442\\u0438\\u043a\\u0438: 32 \\u0447\\u0430\\u0441\\u0430", "fields": ["Name [ru]", "Value [ru]"]}}, {"changed": {"name": "Service advantage", "object": "\\u0422\\u0435\\u043e\\u0440\\u0438\\u044f, \\u043f\\u0440\\u0430\\u043a\\u0442\\u0438\\u043a\\u0430, \\u044d\\u043a\\u0437\\u0430\\u043c\\u0435\\u043d \\u0432 \\u043e\\u0434\\u043d\\u043e\\u043c \\u043c\\u0435\\u0441\\u0442\\u0435\\u2026", "fields": ["Text [ru]"]}}]	25	1
147	2025-09-02 14:29:23.768929+00	1	      | AerialSolutions.kz	2	[{"changed": {"fields": ["Education title [kk]", "Education title [ru]", "Education title [en]"]}}]	7	1
148	2025-09-02 14:29:49.746344+00	1	     |   | Drone Pilot Academy	2	[{"changed": {"fields": ["Education title [kk]", "Education title [ru]", "Education title [en]"]}}]	10	1
149	2025-09-02 14:32:58.336466+00	3	 <br>    3	2	[{"changed": {"fields": ["Card description [ru]", "\\u0423\\u0422\\u041f [ru]", "CTA descr [ru]"]}}]	25	1
150	2025-09-02 14:33:30.401632+00	3	 <br>    3	2	[{"changed": {"fields": ["Card description [ru]"]}}]	25	1
151	2025-09-02 14:35:03.43383+00	3	 <br>    3	2	[{"changed": {"fields": ["Card description [ru]"]}}]	25	1
152	2025-09-04 10:05:59.764048+00	2	 <br>   2	2	[{"changed": {"name": "Program item", "object": "\\u0422\\u0435\\u043e\\u0440\\u0438\\u044f", "fields": ["Duration / time"]}}]	25	1
153	2025-09-05 05:42:09.083343+00	1	 <br>  1	2	[{"changed": {"fields": ["Card tags (comma-separated) [kk]", "Card tags (comma-separated) [en]", "\\u041e\\u0444\\u0435\\u0440 [ru]", "\\u041e\\u0444\\u0435\\u0440 [kk]", "\\u041e\\u0444\\u0435\\u0440 [en]", "\\u0423\\u0422\\u041f [ru]", "\\u0423\\u0422\\u041f [kk]", "\\u0423\\u0422\\u041f [en]", "Program title [kk]", "CTA title [kk]", "CTA title [en]", "CTA descr [kk]", "CTA descr [ru]", "CTA descr [en]"]}}, {"changed": {"name": "Service benefit", "object": "\\u0423\\u0447\\u0438\\u0442\\u0435\\u0441\\u044c \\u0432 \\u0441\\u0432\\u043e\\u0431\\u043e\\u0434\\u043d\\u043e\\u0435 \\u0432\\u0440\\u0435\\u043c\\u044f: \\u041e\\u043d\\u043b\\u0430\\u0439\\u043d", "fields": ["Name [kk]", "Name [en]", "Value [kk]", "Value [en]"]}}, {"changed": {"name": "Service benefit", "object": "\\u0414\\u043b\\u0438\\u0442\\u0435\\u043b\\u044c\\u043d\\u043e\\u0441\\u0442\\u044c \\u043a\\u0443\\u0440\\u0441\\u0430: 4 \\u0434\\u043d\\u044f", "fields": ["Name [kk]", "Name [en]", "Value [kk]", "Value [en]"]}}, {"changed": {"name": "Service benefit", "object": "\\u041e\\u0431\\u0443\\u0447\\u0435\\u043d\\u043d\\u044b\\u0445 \\u043f\\u0438\\u043b\\u043e\\u0442\\u043e\\u0432: 500+", "fields": ["Name [kk]", "Name [en]", "Value [kk]", "Value [en]"]}}, {"changed": {"name": "Service advantage", "object": "\\u0413\\u043e\\u0441\\u0443\\u0434\\u0430\\u0440\\u0441\\u0442\\u0432\\u0435\\u043d\\u043d\\u044b\\u0435 \\u0441\\u0435\\u0440\\u0442\\u0438\\u0444\\u0438\\u043a\\u0430\\u0442\\u044b <br> \\u0432\\u0441\\u0435\\u0445 \\u043a\\u0430\\u2026", "fields": ["Text [kk]", "Text [en]"]}}, {"changed": {"name": "Service advantage", "object": "\\u041f\\u0440\\u043e\\u0433\\u0440\\u0430\\u043c\\u043c\\u0430 \\u0441\\u043e\\u0433\\u043b\\u0430\\u0441\\u043e\\u0432\\u0430\\u043d\\u043d\\u0430 \\u0441 \\u0410\\u0432\\u0438\\u0430\\u0446\\u0438\\u043e\\u043d\\u043d\\u043e\\u0439 \\u0410\\u0434\\u043c\\u2026", "fields": ["Text [kk]", "Text [en]"]}}, {"changed": {"name": "Service advantage", "object": "\\u041d\\u0430\\u0443\\u0447\\u0438\\u0442\\u0435\\u0441\\u044c \\u0437\\u0430\\u043a\\u043e\\u043d\\u043d\\u043e \\u0441\\u043e\\u0432\\u0435\\u0440\\u0448\\u0430\\u0442\\u044c <br> \\u043f\\u043e\\u043b\\u0435\\u0442\\u044b \\u2026", "fields": ["Text [kk]", "Text [en]"]}}, {"changed": {"name": "Service advantage", "object": "\\u041f\\u043e\\u0434\\u0434\\u0435\\u0440\\u0436\\u043a\\u0430 \\u0438 \\u0441\\u043e\\u043f\\u0440\\u043e\\u0432\\u043e\\u0436\\u0434\\u0435\\u043d\\u0438\\u0435 <br> \\u043f\\u043e\\u0441\\u043b\\u0435 \\u043e\\u0431\\u0443\\u2026", "fields": ["Text [kk]", "Text [en]"]}}, {"changed": {"name": "Program item", "object": "\\u0422\\u0435\\u043e\\u0440\\u0438\\u044f", "fields": ["Title [kk]", "Title [en]", "Duration / time", "Subtitle [kk]", "Subtitle [en]", "Bullets (one per line) [kk]", "Bullets (one per line) [ru]", "Bullets (one per line) [en]"]}}, {"changed": {"name": "Program item", "object": "\\u0411\\u043e\\u043d\\u0443\\u0441", "fields": ["Title [kk]", "Title [en]", "Subtitle [kk]", "Bullets (one per line) [kk]", "Bullets (one per line) [en]"]}}]	25	1
154	2025-09-05 06:29:35.799104+00	2	 <br>   2	2	[{"changed": {"fields": ["Card title [kk]", "Card title [en]", "Card description [kk]", "Card description [en]", "Card tags (comma-separated) [kk]", "Card tags (comma-separated) [en]", "\\u041e\\u0444\\u0435\\u0440 [kk]", "\\u041e\\u0444\\u0435\\u0440 [en]", "\\u0423\\u0422\\u041f [kk]", "\\u0423\\u0422\\u041f [en]", "Program title [kk]", "CTA title [kk]", "CTA title [en]", "CTA descr [kk]", "CTA descr [en]"]}}, {"changed": {"name": "Service benefit", "object": "\\u0414\\u043b\\u0438\\u0442\\u0435\\u043b\\u044c\\u043d\\u043e\\u0441\\u0442\\u044c \\u043a\\u0443\\u0440\\u0441\\u0430: 10 \\u0434\\u043d\\u0435\\u0439", "fields": ["Name [kk]", "Name [en]", "Value [kk]", "Value [en]"]}}, {"changed": {"name": "Service benefit", "object": "\\u041e\\u0431\\u0443\\u0447\\u0435\\u043d\\u043d\\u044b\\u0445 \\u043f\\u0438\\u043b\\u043e\\u0442\\u043e\\u0432: 500+", "fields": ["Name [kk]", "Name [en]", "Value [kk]", "Value [en]"]}}, {"changed": {"name": "Service advantage", "object": "\\u0413\\u043e\\u0441\\u0443\\u0434\\u0430\\u0440\\u0441\\u0442\\u0432\\u0435\\u043d\\u043d\\u044b\\u0435 \\u0441\\u0435\\u0440\\u0442\\u0438\\u0444\\u0438\\u043a\\u0430\\u0442\\u044b <br> \\u0432\\u0441\\u0435\\u0445 \\u043a\\u0430\\u2026", "fields": ["Text [kk]", "Text [en]"]}}, {"changed": {"name": "Service advantage", "object": "\\u041f\\u0440\\u043e\\u0433\\u0440\\u0430\\u043c\\u043c\\u0430 \\u0441\\u043e\\u0433\\u043b\\u0430\\u0441\\u043e\\u0432\\u0430\\u043d\\u043d\\u0430 \\u0441 \\u0410\\u0432\\u0438\\u0430\\u0446\\u0438\\u043e\\u043d\\u043d\\u043e\\u0439 \\u0410\\u0434\\u043c\\u2026", "fields": ["Text [kk]", "Text [en]"]}}, {"changed": {"name": "Service advantage", "object": "\\u041d\\u0430\\u0443\\u0447\\u0438\\u0442\\u0435\\u0441\\u044c \\u0437\\u0430\\u043a\\u043e\\u043d\\u043d\\u043e \\u0441\\u043e\\u0432\\u0435\\u0440\\u0448\\u0430\\u0442\\u044c <br> \\u043f\\u043e\\u043b\\u0435\\u0442\\u044b \\u2026", "fields": ["Text [kk]", "Text [en]"]}}, {"changed": {"name": "Service advantage", "object": "\\u041f\\u043e\\u0434\\u0434\\u0435\\u0440\\u0436\\u043a\\u0430 \\u0438 \\u0441\\u043e\\u043f\\u0440\\u043e\\u0432\\u043e\\u0436\\u0434\\u0435\\u043d\\u0438\\u0435 <br> \\u043f\\u043e\\u0441\\u043b\\u0435 \\u043e\\u0431\\u0443\\u2026", "fields": ["Text [kk]", "Text [en]"]}}, {"changed": {"name": "Program item", "object": "\\u0422\\u0435\\u043e\\u0440\\u0438\\u044f", "fields": ["Title [kk]", "Title [en]", "Subtitle [kk]", "Subtitle [en]", "Bullets (one per line) [kk]", "Bullets (one per line) [en]"]}}, {"changed": {"name": "Program item", "object": "\\u041f\\u0440\\u0430\\u043a\\u0442\\u0438\\u043a\\u0430 (\\u041c\\u0443\\u043b\\u044c\\u0442\\u0438\\u0440\\u043e\\u0442\\u043e\\u0440)", "fields": ["Title [kk]", "Title [ru]", "Title [en]", "Subtitle [kk]", "Subtitle [en]"]}}, {"changed": {"name": "Program item", "object": "\\u041f\\u0440\\u0430\\u043a\\u0442\\u0438\\u043a\\u0430 (\\u0413\\u0438\\u0431\\u0440\\u0438\\u0434\\u043d\\u044b\\u0439)", "fields": ["Title [kk]", "Title [en]", "Subtitle [kk]", "Subtitle [en]"]}}, {"changed": {"name": "Program item", "object": "\\u041f\\u0440\\u0430\\u043a\\u0442\\u0438\\u043a\\u0430 (\\u0421\\u0430\\u043c\\u043e\\u043b\\u0435\\u0442\\u043d\\u044b\\u0439)", "fields": ["Title [kk]", "Title [en]", "Subtitle [kk]", "Subtitle [en]"]}}]	25	1
155	2025-09-05 06:32:51.967901+00	3	 <br>    3	2	[{"changed": {"fields": ["Card title [kk]", "Card title [en]", "Card description [kk]", "Card description [en]", "Card tags (comma-separated) [kk]", "Card tags (comma-separated) [en]", "\\u041e\\u0444\\u0435\\u0440 [kk]", "\\u041e\\u0444\\u0435\\u0440 [en]", "\\u0423\\u0422\\u041f [kk]", "\\u0423\\u0422\\u041f [en]", "Program title [kk]", "CTA title [kk]", "CTA title [en]", "CTA descr [kk]", "CTA descr [en]"]}}, {"changed": {"name": "Service benefit", "object": "\\u0423\\u0447\\u0435\\u0431\\u043d\\u043e\\u0439 \\u043f\\u0440\\u0430\\u043a\\u0442\\u0438\\u043a\\u0438: 32 \\u0447\\u0430\\u0441\\u0430", "fields": ["Name [kk]", "Name [ru]", "Name [en]", "Value [kk]", "Value [en]"]}}, {"changed": {"name": "Service benefit", "object": "\\u0414\\u043b\\u0438\\u0442\\u0435\\u043b\\u044c\\u043d\\u043e\\u0441\\u0442\\u044c \\u043a\\u0443\\u0440\\u0441\\u0430: 14 \\u0434\\u043d\\u0435\\u0439", "fields": ["Name [kk]", "Name [en]", "Value [kk]", "Value [en]"]}}, {"changed": {"name": "Service benefit", "object": "\\u041e\\u0431\\u0443\\u0447\\u0435\\u043d\\u043d\\u044b\\u0445 \\u043f\\u0438\\u043b\\u043e\\u0442\\u043e\\u0432: 500+", "fields": ["Name [kk]", "Name [en]", "Value [kk]", "Value [en]"]}}, {"changed": {"name": "Service advantage", "object": "\\u041e\\u0444\\u0438\\u0446\\u0438\\u0430\\u043b\\u044c\\u043d\\u044b\\u0439 \\u0430\\u0432\\u0438\\u0430\\u0446\\u0438\\u043e\\u043d\\u043d\\u044b\\u0439 \\u0443\\u0447\\u0435\\u0431\\u043d\\u044b\\u0439 \\u0446\\u0435\\u043d\\u0442\\u0440\\u2026", "fields": ["Text [kk]", "Text [en]"]}}, {"changed": {"name": "Service advantage", "object": "\\u041e\\u0431\\u0443\\u0447\\u0435\\u043d\\u0438\\u0435 \\u043d\\u0430 \\u0440\\u0435\\u0430\\u043b\\u044c\\u043d\\u044b\\u0445 \\u0434\\u0440\\u043e\\u043d\\u0430\\u0445 \\u0442\\u044f\\u0436\\u0435\\u043b\\u0435\\u0435 25 \\u043a\\u2026", "fields": ["Text [kk]", "Text [en]"]}}, {"changed": {"name": "Service advantage", "object": "\\u041f\\u043e\\u0434\\u0434\\u0435\\u0440\\u0436\\u043a\\u0430 \\u0438 \\u0441\\u043e\\u043f\\u0440\\u043e\\u0432\\u043e\\u0436\\u0434\\u0435\\u043d\\u0438\\u0435 <br> \\u043f\\u043e\\u0441\\u043b\\u0435 \\u043e\\u0431\\u0443\\u2026", "fields": ["Text [kk]", "Text [en]"]}}, {"changed": {"name": "Service advantage", "object": "\\u0422\\u0435\\u043e\\u0440\\u0438\\u044f, \\u043f\\u0440\\u0430\\u043a\\u0442\\u0438\\u043a\\u0430, \\u044d\\u043a\\u0437\\u0430\\u043c\\u0435\\u043d \\u0432 \\u043e\\u0434\\u043d\\u043e\\u043c \\u043c\\u0435\\u0441\\u0442\\u0435\\u2026", "fields": ["Text [kk]", "Text [en]"]}}, {"changed": {"name": "Program item", "object": "\\u0422\\u0435\\u043e\\u0440\\u0438\\u044f", "fields": ["Title [kk]", "Title [en]", "Subtitle [kk]", "Subtitle [en]", "Bullets (one per line) [kk]", "Bullets (one per line) [en]"]}}, {"changed": {"name": "Program item", "object": "\\u041f\\u0440\\u0430\\u043a\\u0442\\u0438\\u043a\\u0430", "fields": ["Title [kk]", "Title [en]", "Subtitle [kk]", "Subtitle [en]"]}}]	25	1
161	2025-09-05 06:37:42.867981+00	1	 <br>  1	2	[{"changed": {"name": "Program item", "object": "\\u0411\\u043e\\u043d\\u0443\\u0441", "fields": ["Subtitle [en]"]}}]	25	1
162	2025-09-05 06:56:45.062561+00	1	 <br>  1	2	[]	25	1
163	2025-09-06 05:12:37.885454+00	1		2	[{"changed": {"fields": ["Duration / time [kk]", "Duration / time [ru]", "Duration / time [en]"]}}]	28	1
164	2025-09-06 05:15:39.641449+00	2	 <br>   2	2	[{"changed": {"name": "Program item", "object": "\\u0422\\u0435\\u043e\\u0440\\u0438\\u044f", "fields": ["Duration / time [kk]", "Duration / time [ru]", "Duration / time [en]"]}}, {"changed": {"name": "Program item", "object": "\\u041f\\u0440\\u0430\\u043a\\u0442\\u0438\\u043a\\u0430 (\\u041c\\u0443\\u043b\\u044c\\u0442\\u0438\\u0440\\u043e\\u0442\\u043e\\u0440)", "fields": ["Duration / time [kk]", "Duration / time [ru]", "Duration / time [en]"]}}, {"changed": {"name": "Program item", "object": "\\u041f\\u0440\\u0430\\u043a\\u0442\\u0438\\u043a\\u0430 (\\u0413\\u0438\\u0431\\u0440\\u0438\\u0434\\u043d\\u044b\\u0439)", "fields": ["Duration / time [kk]", "Duration / time [ru]", "Duration / time [en]"]}}, {"changed": {"name": "Program item", "object": "\\u041f\\u0440\\u0430\\u043a\\u0442\\u0438\\u043a\\u0430 (\\u0421\\u0430\\u043c\\u043e\\u043b\\u0435\\u0442\\u043d\\u044b\\u0439)", "fields": ["Duration / time [kk]", "Duration / time [ru]", "Duration / time [en]", "Bullets (one per line) [kk]", "Bullets (one per line) [en]"]}}]	25	1
165	2025-09-06 05:17:10.562955+00	3	 <br>    3	2	[{"changed": {"name": "Program item", "object": "\\u041f\\u0440\\u0430\\u043a\\u0442\\u0438\\u043a\\u0430", "fields": ["Bullets (one per line) [kk]", "Bullets (one per line) [en]"]}}]	25	1
166	2025-09-06 05:17:51.369475+00	1	 <br>  1	2	[]	25	1
167	2025-09-06 05:28:29.503193+00	1	default	2	[{"changed": {"fields": ["Button label [kk]", "Button label [en]", "Success message [kk]", "Success message [en]"]}}]	36	1
168	2025-09-06 05:30:04.482469+00	2	 <br>   2	2	[{"changed": {"name": "Service benefit", "object": "\\u0423\\u0447\\u0438\\u0442\\u0435\\u0441\\u044c \\u0432 \\u0441\\u0432\\u043e\\u0431\\u043e\\u0434\\u043d\\u043e\\u0435 \\u0432\\u0440\\u0435\\u043c\\u044f: \\u041e\\u043d\\u043b\\u0430\\u0439\\u043d", "fields": ["Name [kk]", "Name [en]", "Value [kk]", "Value [en]"]}}]	25	1
169	2025-09-06 05:50:31.548572+00	1	 <br>  1	2	[{"changed": {"fields": ["Meta title [ru]", "Meta title [kk]", "Meta title [en]", "Meta description [ru]", "Meta description [kk]", "Meta description [en]"]}}]	25	1
170	2025-09-06 06:02:20.778779+00	2	 <br>   2	2	[{"changed": {"fields": ["Meta title [ru]", "Meta title [kk]", "Meta title [en]", "Meta description [ru]", "Meta description [kk]", "Meta description [en]"]}}]	25	1
171	2025-09-06 06:02:25.75943+00	2	 <br>   2	2	[]	25	1
172	2025-09-08 06:07:37.057903+00	2	 <br>   2	2	[{"changed": {"name": "Program item", "object": "\\u041f\\u0440\\u0430\\u043a\\u0442\\u0438\\u043a\\u0430 (\\u041c\\u0443\\u043b\\u044c\\u0442\\u0438\\u0440\\u043e\\u0442\\u043e\\u0440)", "fields": ["Bullets (one per line) [kk]", "Bullets (one per line) [en]"]}}, {"changed": {"name": "Program item", "object": "\\u041f\\u0440\\u0430\\u043a\\u0442\\u0438\\u043a\\u0430 (\\u0413\\u0438\\u0431\\u0440\\u0438\\u0434\\u043d\\u044b\\u0439)", "fields": ["Bullets (one per line) [kk]", "Bullets (one per line) [en]"]}}]	25	1
173	2025-09-08 06:08:10.204683+00	3	 <br>    3	2	[{"changed": {"fields": ["\\u041e\\u0444\\u0435\\u0440 [en]"]}}]	25	1
174	2025-09-08 06:09:04.573212+00	1	main: 	2	[{"changed": {"fields": ["Title [en]"]}}]	24	1
175	2025-09-10 09:46:31.346603+00	1		2	[{"changed": {"fields": ["Phone label [ru]", "Phone label [en]", "Meta title [kk]", "Meta title [ru]", "Meta description [kk]", "Meta description [ru]"]}}]	35	1
176	2025-09-12 05:24:41.682075+00	1	social-core	2	[{"changed": {"name": "Social link", "object": "instagram", "fields": ["URL"]}}, {"changed": {"name": "Social link", "object": "threads", "fields": ["URL"]}}, {"changed": {"name": "Social link", "object": "tiktok", "fields": ["Accessible label / tooltip", "Inline SVG"]}}, {"changed": {"name": "Social link", "object": "youtube", "fields": ["URL"]}}]	20	1
177	2025-09-12 05:26:17.965207+00	1	social-core	2	[{"changed": {"name": "Social link", "object": "tiktok", "fields": ["URL"]}}]	20	1
178	2025-09-16 11:58:04.922831+00	1	team-core	2	[{"changed": {"name": "Team member", "object": "\\u0420\\u0443\\u0441\\u043b\\u0430\\u043d \\u041c\\u0443\\u0440\\u0430\\u0442\\u043e\\u0432\\u0438\\u0447", "fields": ["Photo"]}}]	11	1
179	2025-09-16 12:03:18.785909+00	1	team-core	2	[{"changed": {"name": "Team member", "object": "\\u0420\\u0443\\u0441\\u043b\\u0430\\u043d \\u041c\\u0443\\u0440\\u0430\\u0442\\u043e\\u0432\\u0438\\u0447", "fields": ["Photo"]}}]	11	1
180	2025-09-16 12:07:54.529379+00	1	team-core	2	[{"added": {"name": "Team member", "object": "\\u0421\\u0430\\u043c\\u0430\\u0442 \\u041a\\u0430\\u0439\\u0440\\u0430\\u0442\\u0443\\u043b\\u044b"}}]	11	1
181	2025-09-16 12:20:36.842959+00	1	team-core	2	[{"added": {"name": "Team member", "object": "\\u041f\\u0435\\u0440\\u0438\\u0437\\u0430\\u0442 \\u0422\\u0430\\u043b\\u0433\\u0430\\u0442\\u043a\\u044b\\u0437\\u044b"}}, {"changed": {"name": "Team member", "object": "\\u041c\\u0430\\u0443\\u043b\\u0435\\u043d \\u041d\\u0443\\u0440\\u0430\\u043b\\u0438\\u0435\\u0432\\u0438\\u0447", "fields": ["Order", "Position [kk]", "Position [ru]", "Position [en]"]}}, {"changed": {"name": "Team member", "object": "\\u0410\\u043d\\u0434\\u0440\\u0435\\u0439 \\u041a\\u043e\\u043d\\u0441\\u0442\\u0430\\u043d\\u0442\\u0438\\u043d\\u043e\\u0432\\u0438\\u0447", "fields": ["Order", "Position [kk]", "Position [ru]", "Position [en]"]}}, {"changed": {"name": "Team member", "object": "\\u0420\\u0443\\u0441\\u043b\\u0430\\u043d \\u041c\\u0443\\u0440\\u0430\\u0442\\u043e\\u0432\\u0438\\u0447", "fields": ["Order", "Position [kk]", "Position [en]"]}}, {"changed": {"name": "Team member", "object": "\\u0421\\u0430\\u043c\\u0430\\u0442 \\u041a\\u0430\\u0439\\u0440\\u0430\\u0442\\u0443\\u043b\\u044b", "fields": ["Order"]}}]	11	1
182	2025-09-16 12:23:26.880581+00	1	team-core	2	[{"changed": {"name": "Team member", "object": "\\u041f\\u0435\\u0440\\u0438\\u0437\\u0430\\u0442 \\u0422\\u0430\\u043b\\u0433\\u0430\\u0442\\u043a\\u044b\\u0437\\u044b", "fields": ["Photo"]}}, {"changed": {"name": "Team member", "object": "\\u041c\\u0430\\u0443\\u043b\\u0435\\u043d \\u041d\\u0443\\u0440\\u0430\\u043b\\u0438\\u0435\\u0432\\u0438\\u0447", "fields": ["Photo"]}}]	11	1
183	2025-09-16 12:32:00.940731+00	1	team-core	2	[{"changed": {"name": "Team member", "object": "\\u0410\\u043d\\u0434\\u0440\\u0435\\u0439 \\u041a\\u043e\\u043d\\u0441\\u0442\\u0430\\u043d\\u0442\\u0438\\u043d\\u043e\\u0432\\u0438\\u0447", "fields": ["Photo"]}}]	11	1
217	2025-09-23 12:33:42.192485+00	3	 <br>    3	2	[{"changed": {"name": "Program item", "object": "\\u0422\\u0435\\u043e\\u0440\\u0438\\u044f", "fields": ["Duration / time [kk]", "Duration / time [ru]", "Duration / time [en]"]}}, {"changed": {"name": "Program item", "object": "\\u041f\\u0440\\u0430\\u043a\\u0442\\u0438\\u043a\\u0430 (\\u041c\\u0443\\u043b\\u044c\\u0442\\u0438\\u0440\\u043e\\u0442\\u043e\\u0440)", "fields": ["Title [ru]"]}}]	25	1
184	2025-09-16 13:05:27.284898+00	1	team-core	2	[{"changed": {"name": "Team member", "object": "\\u041f\\u0435\\u0440\\u0438\\u0437\\u0430\\u0442 \\u0422\\u0430\\u043b\\u0433\\u0430\\u0442\\u043a\\u044b\\u0437\\u044b", "fields": ["Description [kk]", "Description [ru]", "Description [en]"]}}, {"changed": {"name": "Team member", "object": "\\u041c\\u0430\\u0443\\u043b\\u0435\\u043d \\u041d\\u0443\\u0440\\u0430\\u043b\\u0438\\u0435\\u0432\\u0438\\u0447", "fields": ["Description [kk]", "Description [ru]", "Description [en]"]}}, {"changed": {"name": "Team member", "object": "\\u0410\\u043d\\u0434\\u0440\\u0435\\u0439 \\u041a\\u043e\\u043d\\u0441\\u0442\\u0430\\u043d\\u0442\\u0438\\u043d\\u043e\\u0432\\u0438\\u0447", "fields": ["Description [kk]", "Description [ru]", "Description [en]"]}}, {"changed": {"name": "Team member", "object": "\\u0421\\u0430\\u043c\\u0430\\u0442 \\u041a\\u0430\\u0439\\u0440\\u0430\\u0442\\u0443\\u043b\\u044b", "fields": ["Position [kk]", "Position [ru]", "Position [en]", "Description [kk]", "Description [ru]", "Description [en]"]}}, {"changed": {"name": "Team member", "object": "\\u0420\\u0443\\u0441\\u043b\\u0430\\u043d \\u041c\\u0443\\u0440\\u0430\\u0442\\u043e\\u0432\\u0438\\u0447", "fields": ["Description [kk]", "Description [ru]", "Description [en]"]}}]	11	1
185	2025-09-16 13:09:19.775269+00	1	team-core	2	[{"changed": {"name": "Team member", "object": "\\u041f\\u0435\\u0440\\u0438\\u0437\\u0430\\u0442 \\u0422\\u0430\\u043b\\u0493\\u0430\\u0442\\u049b\\u044b\\u0437\\u044b", "fields": ["Name [ru]"]}}, {"changed": {"name": "Team member", "object": "\\u041c\\u0430\\u0443\\u043b\\u0435\\u043d \\u041d\\u0443\\u0440\\u0430\\u043b\\u0438\\u0435\\u0432\\u0438\\u0447", "fields": ["Name [kk]"]}}, {"changed": {"name": "Team member", "object": "\\u0421\\u0430\\u043c\\u0430\\u0442 \\u041a\\u0430\\u0439\\u0440\\u0430\\u0442\\u04b1\\u043b\\u044b", "fields": ["Name [ru]"]}}]	11	1
186	2025-09-16 13:18:04.274202+00	1	      | AerialSolutions.kz	2	[{"changed": {"fields": ["Mission text [kk]", "Mission text [ru]", "Mission text [en]"]}}]	7	1
187	2025-09-16 13:30:34.713918+00	1	      | AerialSolutions.kz	2	[{"changed": {"fields": ["Hero subtitle [kk]", "Hero subtitle [ru]", "Hero subtitle [en]"]}}]	7	1
188	2025-09-16 13:30:51.126007+00	1	      | AerialSolutions.kz	2	[{"changed": {"fields": ["Hero subtitle [kk]"]}}]	7	1
189	2025-09-16 13:34:04.272211+00	3	main: 	2	[{"changed": {"fields": ["Order"]}}]	24	1
190	2025-09-16 13:37:16.996861+00	1		2	[{"changed": {"fields": ["Page title [ru]"]}}]	39	1
191	2025-09-16 13:37:49.236409+00	4	main: 	2	[{"changed": {"fields": ["Title [kk]", "Title [ru]"]}}]	24	1
192	2025-09-16 13:43:31.79455+00	1		2	[{"changed": {"fields": ["Email"]}}]	35	1
193	2025-09-16 13:43:48.614491+00	1		2	[]	35	1
194	2025-09-16 13:45:19.00997+00	1		2	[{"changed": {"fields": ["Email label [ru]"]}}]	35	1
195	2025-09-16 13:45:44.446287+00	1		2	[{"changed": {"fields": ["Email label [ru]", "Email"]}}]	35	1
196	2025-09-16 13:46:08.988122+00	1		2	[{"changed": {"fields": ["Email"]}}]	35	1
197	2025-09-16 13:47:54.288353+00	1		2	[{"changed": {"fields": ["Address text [ru]"]}}]	35	1
198	2025-09-16 13:48:22.157435+00	1		2	[{"changed": {"fields": ["Email", "Address text [ru]"]}}]	35	1
199	2025-09-16 13:48:38.917634+00	1		2	[{"changed": {"fields": ["Email"]}}]	35	1
200	2025-09-17 07:00:42.001837+00	1	      | AerialSolutions.kz	2	[{"changed": {"fields": ["Hero subtitle [ru]"]}}]	7	1
201	2025-09-17 07:01:19.103586+00	1	      | AerialSolutions.kz	2	[{"changed": {"fields": ["Hero subtitle [ru]"]}}]	7	1
202	2025-09-17 07:01:57.603136+00	1	      | AerialSolutions.kz	2	[{"changed": {"fields": ["Hero subtitle [kk]", "Hero subtitle [en]"]}}]	7	1
203	2025-09-17 08:31:10.219852+00	1	team-core	2	[{"added": {"name": "Team member", "object": "\\u0410\\u0440\\u0442\\u0443\\u0440 \\u0410\\u043d\\u0434\\u0440\\u0435\\u0435\\u0432\\u0438\\u0447"}}]	11	1
204	2025-09-17 08:31:42.327048+00	1	team-core	2	[{"changed": {"name": "Team member", "object": "\\u0410\\u0440\\u0442\\u0443\\u0440 \\u0410\\u043d\\u0434\\u0440\\u0435\\u0435\\u0432\\u0438\\u0447", "fields": ["Order"]}}]	11	1
205	2025-09-18 12:44:54.769892+00	1	aerialsolutions.kz	2	[{"changed": {"fields": ["Domain name", "Display name"]}}]	40	1
206	2025-09-23 08:07:07.924831+00	2	 :       	1	[{"added": {}}]	38	1
207	2025-09-23 08:50:08.440059+00	2	 :       	2	[{"changed": {"fields": ["Title [kk]", "Subtitle [kk]", "Body (Markdown) [kk]", "Meta title [ru]", "Meta title [kk]", "Meta description [ru]", "Meta description [kk]"]}}]	38	1
208	2025-09-23 08:50:45.628889+00	2	 :       	2	[{"changed": {"fields": ["Body (Markdown) [ru]"]}}]	38	1
209	2025-09-23 08:51:48.628501+00	2	 :       	2	[{"changed": {"fields": ["Body (Markdown) [ru]", "Body (Markdown) [kk]"]}}]	38	1
210	2025-09-23 08:56:34.466786+00	2	 :       	2	[{"changed": {"fields": ["Title [en]", "Subtitle [en]", "Author", "Body (Markdown) [ru]", "Body (Markdown) [en]", "Meta title [en]", "Meta description [en]"]}}]	38	1
211	2025-09-23 08:57:39.667735+00	1	 	3		38	1
212	2025-09-23 09:26:54.526648+00	3	   :     	1	[{"added": {}}]	38	1
213	2025-09-23 10:29:42.258201+00	3	   :     	2	[{"changed": {"fields": ["Author [kk]", "Author [ru]", "Author [en]", "Tags (comma-separated) [kk]", "Tags (comma-separated) [ru]", "Tags (comma-separated) [en]", "Image", "Alt title"]}}]	38	1
214	2025-09-23 11:25:51.191647+00	3	   :     	2	[{"changed": {"fields": ["Subject [kk]", "Subject [ru]", "Subject [en]"]}}]	38	1
215	2025-09-23 11:27:04.470685+00	3	   :     	2	[{"changed": {"fields": ["Tags (comma-separated) [ru]"]}}]	38	1
216	2025-09-23 12:27:37.888345+00	2	 :       	2	[{"changed": {"fields": ["Subject [kk]", "Subject [ru]", "Subject [en]", "Author [kk]", "Author [ru]", "Author [en]"]}}]	38	1
218	2025-09-23 12:34:39.665479+00	3	 <br>    3	2	[{"changed": {"name": "Program item", "object": "\\u041f\\u0440\\u0430\\u043a\\u0442\\u0438\\u043a\\u0430 (\\u041c\\u0443\\u043b\\u044c\\u0442\\u0438\\u0440\\u043e\\u0442\\u043e\\u0440)", "fields": ["Duration / time [kk]", "Duration / time [ru]", "Duration / time [en]"]}}]	25	1
219	2025-10-09 23:00:32.361863+00	1	team-core	2	[{"added": {"name": "Team member", "object": "\\u0410\\u0439\\u0434\\u0430\\u0440\\u0431\\u0435\\u043a \\u0416\\u043e\\u043b\\u0430\\u043c\\u0430\\u043d\\u043e\\u0432\\u0438\\u0447"}}]	11	1
220	2025-10-09 23:01:20.992747+00	1	team-core	2	[{"changed": {"name": "Team member", "object": "\\u0410\\u0439\\u0434\\u0430\\u0440\\u0431\\u0435\\u043a \\u0416\\u043e\\u043b\\u0430\\u043c\\u0430\\u043d\\u043e\\u0432\\u0438\\u0447", "fields": ["Photo"]}}]	11	1
221	2025-10-09 23:03:16.17867+00	1	team-core	2	[{"changed": {"name": "Team member", "object": "\\u0410\\u0439\\u0434\\u0430\\u0440\\u0431\\u0435\\u043a \\u0416\\u043e\\u043b\\u0430\\u043c\\u0430\\u043d\\u043e\\u0432\\u0438\\u0447", "fields": ["Description [kk]", "Description [ru]", "Description [en]"]}}]	11	1
222	2025-10-25 11:20:21.464063+00	11	  7073288000  2025-10-09 12:36	3		37	1
223	2025-10-25 11:20:21.464179+00	10	  +7 (777) 487-47-47  2025-10-09 08:27	3		37	1
224	2025-10-25 11:20:21.464211+00	9	Gulzira  +7 (701) 588 4465  2025-10-07 04:09	3		37	1
225	2025-10-25 11:20:21.464252+00	8	GULZIRA  +7 (701) 588 4465  2025-10-06 07:33	3		37	1
226	2025-10-25 11:20:21.464279+00	7	  87766666430  2025-10-02 09:08	3		37	1
227	2025-10-25 11:20:21.464303+00	6	  +77017320100  2025-10-02 01:11	3		37	1
228	2025-10-25 11:20:21.464325+00	5	  +77017320100  2025-10-02 01:10	3		37	1
229	2025-10-25 11:20:21.464354+00	4	Viktor Kim  +7 (701) 555-17-72  2025-10-01 05:48	3		37	1
230	2025-10-25 11:20:21.46438+00	3	  +7 (776) 263-04-45  2025-09-25 05:40	3		37	1
231	2025-10-25 11:20:21.464403+00	2	  +7 (702) 112 65 12  2025-09-24 19:30	3		37	1
232	2025-10-25 11:20:21.464427+00	1	  2323  2025-09-02 07:54	3		37	1
233	2025-10-25 11:21:08.839558+00	12	  87019170077  2025-10-13 04:35	3		37	1
\.


--
-- Data for Name: django_content_type; Type: TABLE DATA; Schema: public; Owner: postgresuser
--

COPY public.django_content_type (id, app_label, model) FROM stdin;
1	admin	logentry
2	auth	permission
3	auth	group
4	auth	user
5	contenttypes	contenttype
6	sessions	session
7	contents	homepage
8	contents	benefitsection
9	contents	benefititem
10	contents	aboutpage
11	contents	teamblock
12	contents	teammember
13	contents	teamblockplacement
14	contents	partnersblock
15	contents	partnerlogo
16	contents	partnersblockplacement
17	contents	galleryblock
18	contents	galleryitem
19	contents	galleryblockplacement
20	contents	sociallinksblock
21	contents	sociallinkitem
22	contents	sociallinksblockplacement
23	contents	menu
24	contents	menuitem
25	contents	servicepage
26	contents	servicebenefit
27	contents	serviceadvantage
28	contents	serviceprogramitem
29	contents	serviceslide
30	contents	fleetblock
31	contents	fleetitem
32	contents	fleetspec
33	contents	faqblock
34	contents	faqitem
35	contents	contactpage
36	feedback	feedbackaction
37	feedback	feedbacksubmission
38	blog	blogpost
39	blog	blogsettings
40	sites	site
\.


--
-- Data for Name: django_migrations; Type: TABLE DATA; Schema: public; Owner: postgresuser
--

COPY public.django_migrations (id, app, name, applied) FROM stdin;
1	contenttypes	0001_initial	2025-09-02 02:49:31.710346+00
2	auth	0001_initial	2025-09-02 02:49:31.868547+00
3	admin	0001_initial	2025-09-02 02:49:31.912322+00
4	admin	0002_logentry_remove_auto_add	2025-09-02 02:49:31.92924+00
5	admin	0003_logentry_add_action_flag_choices	2025-09-02 02:49:31.943001+00
6	contenttypes	0002_remove_content_type_name	2025-09-02 02:49:31.970705+00
7	auth	0002_alter_permission_name_max_length	2025-09-02 02:49:31.98232+00
8	auth	0003_alter_user_email_max_length	2025-09-02 02:49:31.999736+00
9	auth	0004_alter_user_username_opts	2025-09-02 02:49:32.012448+00
10	auth	0005_alter_user_last_login_null	2025-09-02 02:49:32.024792+00
11	auth	0006_require_contenttypes_0002	2025-09-02 02:49:32.027139+00
12	auth	0007_alter_validators_add_error_messages	2025-09-02 02:49:32.042222+00
13	auth	0008_alter_user_username_max_length	2025-09-02 02:49:32.06865+00
14	auth	0009_alter_user_last_name_max_length	2025-09-02 02:49:32.080388+00
15	auth	0010_alter_group_name_max_length	2025-09-02 02:49:32.097455+00
16	auth	0011_update_proxy_permissions	2025-09-02 02:49:32.110416+00
17	auth	0012_alter_user_first_name_max_length	2025-09-02 02:49:32.123287+00
18	blog	0001_initial	2025-09-02 02:49:32.156128+00
19	contents	0001_initial	2025-09-02 02:49:32.214126+00
20	contents	0002_benefit_delete_feature	2025-09-02 02:49:32.257195+00
21	contents	0003_benefit_cta_label_benefit_cta_label_en_and_more	2025-09-02 02:49:32.283922+00
22	contents	0004_servicespage	2025-09-02 02:49:32.304411+00
23	contents	0005_servicespage_cta_label_en_servicespage_cta_label_kk_and_more	2025-09-02 02:49:32.356412+00
24	contents	0006_benefitsection_benefititem_delete_benefit	2025-09-02 02:49:32.46046+00
25	contents	0007_remove_benefititem_icon_and_more	2025-09-02 02:49:32.524519+00
26	contents	0008_aboutpage_delete_servicespage_and_more	2025-09-02 02:49:32.671501+00
27	contents	0009_aboutpage_body_en_aboutpage_body_kk_and_more	2025-09-02 02:49:32.748161+00
28	contents	0010_servicesblock_serviceitem_servicesblockplacement	2025-09-02 02:49:32.841747+00
29	contents	0011_remove_benefitsection_body_and_more	2025-09-02 02:49:32.920763+00
30	contents	0012_alter_benefititem_label_alter_benefititem_label_en_and_more	2025-09-02 02:49:32.982718+00
31	contents	0013_teamblock_teammember_teamblockplacement	2025-09-02 02:49:33.088859+00
32	contents	0014_alter_teammember_photo_url	2025-09-02 02:49:33.122674+00
33	contents	0015_remove_teamblock_description_and_more	2025-09-02 02:49:33.153682+00
34	contents	0016_remove_teammember_photo_url_teammember_photo	2025-09-02 02:49:33.174886+00
35	contents	0017_partnersblock_partnerlogo_partnersblockplacement	2025-09-02 02:49:33.278386+00
36	contents	0018_homepage_mission_text_homepage_mission_text_en_and_more	2025-09-02 02:49:33.319755+00
37	contents	0019_galleryblock_galleryitem_galleryblockplacement	2025-09-02 02:49:33.430706+00
38	contents	0020_sociallinksblock_alter_galleryblock_slug_and_more	2025-09-02 02:49:33.606586+00
39	contents	0021_menu_alter_sociallinksblock_slug_menuitem	2025-09-02 02:49:33.687911+00
40	contents	0022_remove_aboutpage_body_remove_aboutpage_body_en_and_more	2025-09-02 02:49:33.8274+00
41	contents	0023_aboutpage_image	2025-09-02 02:49:33.845225+00
42	contents	0024_remove_benefitsection_benefitsection_exactly_one_parent_and_more	2025-09-02 02:49:33.944791+00
43	contents	0025_servicepage_servicebutton_servicebenefit_and_more	2025-09-02 02:49:34.172607+00
44	contents	0026_serviceprogramitem_image1_serviceprogramitem_image2_and_more	2025-09-02 02:49:34.232434+00
45	contents	0027_delete_serviceprogramimage	2025-09-02 02:49:34.245428+00
46	contents	0028_servicepage_program_title	2025-09-02 02:49:34.264036+00
47	contents	0029_servicepage_program_title_en_and_more	2025-09-02 02:49:34.318975+00
48	contents	0030_fleetblock_fleetitem_fleetspec	2025-09-02 02:49:34.399193+00
49	contents	0031_faqblock_faqitem	2025-09-02 02:49:34.455502+00
50	contents	0032_remove_servicepage_cta_button_url	2025-09-02 02:49:34.506455+00
51	contents	0033_faqblock_cta_faq	2025-09-02 02:49:34.521191+00
52	contents	0034_faqblock_cta_faq_en_faqblock_cta_faq_kk_and_more	2025-09-02 02:49:34.551712+00
53	contents	0035_alter_servicepage_options_remove_aboutpage_cta_label_and_more	2025-09-02 02:49:34.961072+00
54	contents	0036_drop_old_services_models	2025-09-02 02:49:34.990037+00
55	contents	0037_remove_servicepage_is_public_and_more	2025-09-02 02:49:35.042717+00
56	contents	0038_delete_servicebutton	2025-09-02 02:49:35.055475+00
57	contents	0039_servicepage_card_description_text_and_more	2025-09-02 02:49:35.177505+00
58	contents	0040_alter_servicepage_card_description_text_and_more	2025-09-02 02:49:35.263007+00
59	contents	0041_alter_servicepage_subtitle_and_more	2025-09-02 02:49:35.336747+00
60	contents	0042_aboutpage_education_title_and_more	2025-09-02 02:49:35.382597+00
61	contents	0043_servicepage_cta_descr_servicepage_cta_descr_en_and_more	2025-09-02 02:49:35.472514+00
62	contents	0044_fleetblock_character_label_and_more	2025-09-02 02:49:35.505742+00
63	contents	0045_contactpage	2025-09-02 02:49:35.535198+00
64	feedback	0001_initial	2025-09-02 02:49:35.598901+00
65	feedback	0002_feedbackaction_name_label_feedbackaction_phone_label	2025-09-02 02:49:35.61668+00
66	feedback	0003_alter_feedbackaction_options_and_more	2025-09-02 02:49:35.867207+00
67	sessions	0001_initial	2025-09-02 02:49:35.893776+00
68	blog	0002_blogindex	2025-09-02 10:37:18.716623+00
69	blog	0003_blogsettings_delete_blogindex	2025-09-02 10:37:18.753714+00
70	contents	0046_remove_aboutpage_image	2025-09-02 10:37:18.768431+00
71	contents	0047_serviceprogramitem_time_en_and_more	2025-09-06 05:08:38.473716+00
72	contents	0048_alter_servicepage_program_title_and_more	2025-09-06 05:26:13.671483+00
73	sites	0001_initial	2025-09-18 12:44:28.920759+00
74	sites	0002_alter_domain_unique	2025-09-18 12:44:28.954062+00
75	blog	0004_blogpost_tags_text_en_blogpost_tags_text_kk_and_more	2025-09-23 10:26:39.060724+00
76	blog	0005_blogpost_author_en_blogpost_author_kk_and_more	2025-09-23 10:26:39.092145+00
77	blog	0006_alter_blogpost_image	2025-09-23 10:26:39.103043+00
78	blog	0007_blogpost_image_title	2025-09-23 10:26:39.125854+00
79	blog	0008_blogpost_subject	2025-09-23 11:11:24.192486+00
80	blog	0009_blogpost_subject_en_blogpost_subject_kk_and_more	2025-09-23 11:11:24.215968+00
\.


--
-- Data for Name: django_session; Type: TABLE DATA; Schema: public; Owner: postgresuser
--

COPY public.django_session (session_key, session_data, expire_date) FROM stdin;
9i43ayisypmehq09iohsl66drpavhxff	.eJxVjMsOgjAUBf-la9PQC6XFpXu-oel91KKmJBRWxn8XEha6PTNz3irEbc1hq7KEidVVGXX53TDSU8oB-BHLfdY0l3WZUB-KPmnV48zyup3u30GONe-1TchWBuNbb5xxAAbYN8BdbBNH6B1CkzrLKLYnIemGBl0i9NDLrpL6fAHY0jgp:1utHBS:H8GZgCyEtcQ0je8acULFW8aDFHrsT5wMVg_zFMKdXQs	2025-09-16 02:55:46.694943+00
xl4l0rzv3x5abebptpc5rer63n892m6l	.eJxVjMsOgjAUBf-la9PQC6XFpXu-oel91KKmJBRWxn8XEha6PTNz3irEbc1hq7KEidVVGXX53TDSU8oB-BHLfdY0l3WZUB-KPmnV48zyup3u30GONe-1TchWBuNbb5xxAAbYN8BdbBNH6B1CkzrLKLYnIemGBl0i9NDLrpL6fAHY0jgp:1uu6pv:XvCMxRwj-Lw11z-7HYdbDFzJJG0BINwuoqG2VExcnWI	2025-09-18 10:04:59.163865+00
6pprdwtrw8byfnx34y5npkmzpqzuukq7	.eJxVjMsOgjAUBf-la9PQC6XFpXu-oel91KKmJBRWxn8XEha6PTNz3irEbc1hq7KEidVVGXX53TDSU8oB-BHLfdY0l3WZUB-KPmnV48zyup3u30GONe-1TchWBuNbb5xxAAbYN8BdbBNH6B1CkzrLKLYnIemGBl0i9NDLrpL6fAHY0jgp:1uyUIe:_xhSVAetoNvIF89fwdbswAtJ-nlkJPozQFsC6-N32DM	2025-09-30 11:56:44.880975+00
2jbkbtyli1k3ujixiz5exr2m99kau074	.eJxVjMsOgjAUBf-la9PQC6XFpXu-oel91KKmJBRWxn8XEha6PTNz3irEbc1hq7KEidVVGXX53TDSU8oB-BHLfdY0l3WZUB-KPmnV48zyup3u30GONe-1TchWBuNbb5xxAAbYN8BdbBNH6B1CkzrLKLYnIemGBl0i9NDLrpL6fAHY0jgp:1v6zY2:RcR80fwOonb7euLvxu7kqaSDPXRT9F0q2RwMcc7ceEE	2025-10-23 22:55:46.037576+00
x07b3jzxhb7bbcy0vj9ni781spq1klay	.eJxVjMsOgjAUBf-la9PQC6XFpXu-oel91KKmJBRWxn8XEha6PTNz3irEbc1hq7KEidVVGXX53TDSU8oB-BHLfdY0l3WZUB-KPmnV48zyup3u30GONe-1TchWBuNbb5xxAAbYN8BdbBNH6B1CkzrLKLYnIemGBl0i9NDLrpL6fAHY0jgp:1vCcFO:3xnfSsaTnxSVc0Q23BXKA6kkg1dKKfW_zZxtZju0rLU	2025-11-08 11:15:46.60466+00
tpf37o3kv2kwz5370u4xb6hgu8o9wqtf	.eJxVjMsOgjAUBf-la9PQC6XFpXu-oel91KKmJBRWxn8XEha6PTNz3irEbc1hq7KEidVVGXX53TDSU8oB-BHLfdY0l3WZUB-KPmnV48zyup3u30GONe-1TchWBuNbb5xxAAbYN8BdbBNH6B1CkzrLKLYnIemGBl0i9NDLrpL6fAHY0jgp:1vCdDr:K1px1PEjYcPMOWpSRaR84UMdvQoAi52HQ5PVe-0hcw4	2025-11-08 12:18:15.429593+00
\.


--
-- Data for Name: django_site; Type: TABLE DATA; Schema: public; Owner: postgresuser
--

COPY public.django_site (id, domain, name) FROM stdin;
1	aerialsolutions.kz	aerialsolutions.kz
\.


--
-- Data for Name: feedback_feedbackaction; Type: TABLE DATA; Schema: public; Owner: postgresuser
--

COPY public.feedback_feedbackaction (id, slug, label, label_kk, label_ru, label_en, modal_title, modal_title_kk, modal_title_ru, modal_title_en, submit_label, submit_label_kk, submit_label_ru, submit_label_en, updated, name_label, phone_label, name_label_en, name_label_kk, name_label_ru, phone_label_en, phone_label_kk, phone_label_ru, success_message, success_message_en, success_message_kk, success_message_ru) FROM stdin;
2	main	 	 	 	Get a consultation	 	 	 	Get a consultation	 	 	 	Submit a request	2025-09-02 07:49:37.09983+00			Name			Phone			 ,    	Message sent, we will contact you	 ,   	 ,    
3	callback				Contact	  	 	  	Contact us	 	 	 	Submit a request	2025-09-02 07:54:24.516696+00	 	 	Your name	c	 	Phone		 	 ,    	Message sent, we will contact you	 ,   	 ,    
1	default	 	 	 	Submit an application	 	 	 	Fill in the details				Send	2025-09-06 05:28:29.497696+00			Name			Phone			 ,    	Message sent, we will contact you	 ,   	 ,    
\.


--
-- Data for Name: feedback_feedbacksubmission; Type: TABLE DATA; Schema: public; Owner: postgresuser
--

COPY public.feedback_feedbacksubmission (id, page, name, phone, locale, created, action_id) FROM stdin;
13	/en/?utm_source=chatgpt.com		+77760065552	en	2025-10-13 14:24:40.824188+00	2
14	/ru/	 	+7 (701) 513-11-74	ru	2025-10-17 05:30:43.738948+00	2
15	/ru/services/operator-bas-kategorii-1/		+77015131608	ru	2025-10-19 07:36:25.835068+00	1
16	/ru/		+7 (771) 295-79-79	ru	2025-10-19 22:33:33.454041+00	2
17	/ru/services/tretya-kategoriya/	   	87773277788	ru	2025-10-23 05:42:15.638605+00	1
18	/ru/services/vtoraya-kategoriya/	 	+7(707)2060450	ru	2025-10-23 13:19:13.190766+00	1
19	/ru/services/vtoraya-kategoriya/		+7 702 610 3832	ru	2025-10-24 16:56:13.090413+00	1
20	/ru/services/operator-bas-kategorii-1/		+7 702 610 3832	ru	2025-10-24 16:58:35.561357+00	1
21	/ru/services/operator-bas-kategorii-1/		+7 702 610 3832	ru	2025-10-24 16:58:48.636807+00	3
22	/ru/about/	test	test	ru	2025-10-25 13:09:27.222283+00	3
23	/ru/about/		31231	ru	2025-10-25 13:12:23.509655+00	3
24	/ru/about/	test	988888	ru	2025-10-25 13:14:39.2203+00	3
25	/ru/about/	test	123124	ru	2025-10-25 13:20:55.414494+00	2
\.


--
-- Name: auth_group_id_seq; Type: SEQUENCE SET; Schema: public; Owner: postgresuser
--

SELECT pg_catalog.setval('public.auth_group_id_seq', 1, false);


--
-- Name: auth_group_permissions_id_seq; Type: SEQUENCE SET; Schema: public; Owner: postgresuser
--

SELECT pg_catalog.setval('public.auth_group_permissions_id_seq', 1, false);


--
-- Name: auth_permission_id_seq; Type: SEQUENCE SET; Schema: public; Owner: postgresuser
--

SELECT pg_catalog.setval('public.auth_permission_id_seq', 160, true);


--
-- Name: auth_user_groups_id_seq; Type: SEQUENCE SET; Schema: public; Owner: postgresuser
--

SELECT pg_catalog.setval('public.auth_user_groups_id_seq', 1, false);


--
-- Name: auth_user_id_seq; Type: SEQUENCE SET; Schema: public; Owner: postgresuser
--

SELECT pg_catalog.setval('public.auth_user_id_seq', 1, true);


--
-- Name: auth_user_user_permissions_id_seq; Type: SEQUENCE SET; Schema: public; Owner: postgresuser
--

SELECT pg_catalog.setval('public.auth_user_user_permissions_id_seq', 1, false);


--
-- Name: blog_blogpost_id_seq; Type: SEQUENCE SET; Schema: public; Owner: postgresuser
--

SELECT pg_catalog.setval('public.blog_blogpost_id_seq', 3, true);


--
-- Name: blog_blogsettings_id_seq; Type: SEQUENCE SET; Schema: public; Owner: postgresuser
--

SELECT pg_catalog.setval('public.blog_blogsettings_id_seq', 1, true);


--
-- Name: contents_aboutpage_id_seq; Type: SEQUENCE SET; Schema: public; Owner: postgresuser
--

SELECT pg_catalog.setval('public.contents_aboutpage_id_seq', 1, true);


--
-- Name: contents_benefititem_id_seq; Type: SEQUENCE SET; Schema: public; Owner: postgresuser
--

SELECT pg_catalog.setval('public.contents_benefititem_id_seq', 8, true);


--
-- Name: contents_benefitsection_id_seq; Type: SEQUENCE SET; Schema: public; Owner: postgresuser
--

SELECT pg_catalog.setval('public.contents_benefitsection_id_seq', 2, true);


--
-- Name: contents_contactpage_id_seq; Type: SEQUENCE SET; Schema: public; Owner: postgresuser
--

SELECT pg_catalog.setval('public.contents_contactpage_id_seq', 1, true);


--
-- Name: contents_faqblock_id_seq; Type: SEQUENCE SET; Schema: public; Owner: postgresuser
--

SELECT pg_catalog.setval('public.contents_faqblock_id_seq', 1, false);


--
-- Name: contents_faqitem_id_seq; Type: SEQUENCE SET; Schema: public; Owner: postgresuser
--

SELECT pg_catalog.setval('public.contents_faqitem_id_seq', 1, false);


--
-- Name: contents_fleetblock_id_seq; Type: SEQUENCE SET; Schema: public; Owner: postgresuser
--

SELECT pg_catalog.setval('public.contents_fleetblock_id_seq', 1, true);


--
-- Name: contents_fleetitem_id_seq; Type: SEQUENCE SET; Schema: public; Owner: postgresuser
--

SELECT pg_catalog.setval('public.contents_fleetitem_id_seq', 3, true);


--
-- Name: contents_fleetspec_id_seq; Type: SEQUENCE SET; Schema: public; Owner: postgresuser
--

SELECT pg_catalog.setval('public.contents_fleetspec_id_seq', 1, true);


--
-- Name: contents_galleryblock_id_seq; Type: SEQUENCE SET; Schema: public; Owner: postgresuser
--

SELECT pg_catalog.setval('public.contents_galleryblock_id_seq', 2, true);


--
-- Name: contents_galleryblockplacement_id_seq; Type: SEQUENCE SET; Schema: public; Owner: postgresuser
--

SELECT pg_catalog.setval('public.contents_galleryblockplacement_id_seq', 1, false);


--
-- Name: contents_galleryitem_id_seq; Type: SEQUENCE SET; Schema: public; Owner: postgresuser
--

SELECT pg_catalog.setval('public.contents_galleryitem_id_seq', 12, true);


--
-- Name: contents_homepage_id_seq; Type: SEQUENCE SET; Schema: public; Owner: postgresuser
--

SELECT pg_catalog.setval('public.contents_homepage_id_seq', 1, true);


--
-- Name: contents_menu_id_seq; Type: SEQUENCE SET; Schema: public; Owner: postgresuser
--

SELECT pg_catalog.setval('public.contents_menu_id_seq', 1, true);


--
-- Name: contents_menuitem_id_seq; Type: SEQUENCE SET; Schema: public; Owner: postgresuser
--

SELECT pg_catalog.setval('public.contents_menuitem_id_seq', 4, true);


--
-- Name: contents_partnerlogo_id_seq; Type: SEQUENCE SET; Schema: public; Owner: postgresuser
--

SELECT pg_catalog.setval('public.contents_partnerlogo_id_seq', 16, true);


--
-- Name: contents_partnersblock_id_seq; Type: SEQUENCE SET; Schema: public; Owner: postgresuser
--

SELECT pg_catalog.setval('public.contents_partnersblock_id_seq', 2, true);


--
-- Name: contents_partnersblockplacement_id_seq; Type: SEQUENCE SET; Schema: public; Owner: postgresuser
--

SELECT pg_catalog.setval('public.contents_partnersblockplacement_id_seq', 1, false);


--
-- Name: contents_serviceadvantage_id_seq; Type: SEQUENCE SET; Schema: public; Owner: postgresuser
--

SELECT pg_catalog.setval('public.contents_serviceadvantage_id_seq', 12, true);


--
-- Name: contents_servicebenefit_id_seq; Type: SEQUENCE SET; Schema: public; Owner: postgresuser
--

SELECT pg_catalog.setval('public.contents_servicebenefit_id_seq', 9, true);


--
-- Name: contents_servicepage_id_seq; Type: SEQUENCE SET; Schema: public; Owner: postgresuser
--

SELECT pg_catalog.setval('public.contents_servicepage_id_seq', 3, true);


--
-- Name: contents_serviceprogramitem_id_seq; Type: SEQUENCE SET; Schema: public; Owner: postgresuser
--

SELECT pg_catalog.setval('public.contents_serviceprogramitem_id_seq', 9, true);


--
-- Name: contents_serviceslide_id_seq; Type: SEQUENCE SET; Schema: public; Owner: postgresuser
--

SELECT pg_catalog.setval('public.contents_serviceslide_id_seq', 3, true);


--
-- Name: contents_sociallinkitem_id_seq; Type: SEQUENCE SET; Schema: public; Owner: postgresuser
--

SELECT pg_catalog.setval('public.contents_sociallinkitem_id_seq', 5, true);


--
-- Name: contents_sociallinksblock_id_seq; Type: SEQUENCE SET; Schema: public; Owner: postgresuser
--

SELECT pg_catalog.setval('public.contents_sociallinksblock_id_seq', 1, true);


--
-- Name: contents_sociallinksblockplacement_id_seq; Type: SEQUENCE SET; Schema: public; Owner: postgresuser
--

SELECT pg_catalog.setval('public.contents_sociallinksblockplacement_id_seq', 1, false);


--
-- Name: contents_teamblock_id_seq; Type: SEQUENCE SET; Schema: public; Owner: postgresuser
--

SELECT pg_catalog.setval('public.contents_teamblock_id_seq', 1, true);


--
-- Name: contents_teamblockplacement_id_seq; Type: SEQUENCE SET; Schema: public; Owner: postgresuser
--

SELECT pg_catalog.setval('public.contents_teamblockplacement_id_seq', 1, false);


--
-- Name: contents_teammember_id_seq; Type: SEQUENCE SET; Schema: public; Owner: postgresuser
--

SELECT pg_catalog.setval('public.contents_teammember_id_seq', 7, true);


--
-- Name: django_admin_log_id_seq; Type: SEQUENCE SET; Schema: public; Owner: postgresuser
--

SELECT pg_catalog.setval('public.django_admin_log_id_seq', 233, true);


--
-- Name: django_content_type_id_seq; Type: SEQUENCE SET; Schema: public; Owner: postgresuser
--

SELECT pg_catalog.setval('public.django_content_type_id_seq', 40, true);


--
-- Name: django_migrations_id_seq; Type: SEQUENCE SET; Schema: public; Owner: postgresuser
--

SELECT pg_catalog.setval('public.django_migrations_id_seq', 80, true);


--
-- Name: django_site_id_seq; Type: SEQUENCE SET; Schema: public; Owner: postgresuser
--

SELECT pg_catalog.setval('public.django_site_id_seq', 1, true);


--
-- Name: feedback_feedbackaction_id_seq; Type: SEQUENCE SET; Schema: public; Owner: postgresuser
--

SELECT pg_catalog.setval('public.feedback_feedbackaction_id_seq', 3, true);


--
-- Name: feedback_feedbacksubmission_id_seq; Type: SEQUENCE SET; Schema: public; Owner: postgresuser
--

SELECT pg_catalog.setval('public.feedback_feedbacksubmission_id_seq', 25, true);


--
-- Name: auth_group auth_group_name_key; Type: CONSTRAINT; Schema: public; Owner: postgresuser
--

ALTER TABLE ONLY public.auth_group
    ADD CONSTRAINT auth_group_name_key UNIQUE (name);


--
-- Name: auth_group_permissions auth_group_permissions_group_id_permission_id_0cd325b0_uniq; Type: CONSTRAINT; Schema: public; Owner: postgresuser
--

ALTER TABLE ONLY public.auth_group_permissions
    ADD CONSTRAINT auth_group_permissions_group_id_permission_id_0cd325b0_uniq UNIQUE (group_id, permission_id);


--
-- Name: auth_group_permissions auth_group_permissions_pkey; Type: CONSTRAINT; Schema: public; Owner: postgresuser
--

ALTER TABLE ONLY public.auth_group_permissions
    ADD CONSTRAINT auth_group_permissions_pkey PRIMARY KEY (id);


--
-- Name: auth_group auth_group_pkey; Type: CONSTRAINT; Schema: public; Owner: postgresuser
--

ALTER TABLE ONLY public.auth_group
    ADD CONSTRAINT auth_group_pkey PRIMARY KEY (id);


--
-- Name: auth_permission auth_permission_content_type_id_codename_01ab375a_uniq; Type: CONSTRAINT; Schema: public; Owner: postgresuser
--

ALTER TABLE ONLY public.auth_permission
    ADD CONSTRAINT auth_permission_content_type_id_codename_01ab375a_uniq UNIQUE (content_type_id, codename);


--
-- Name: auth_permission auth_permission_pkey; Type: CONSTRAINT; Schema: public; Owner: postgresuser
--

ALTER TABLE ONLY public.auth_permission
    ADD CONSTRAINT auth_permission_pkey PRIMARY KEY (id);


--
-- Name: auth_user_groups auth_user_groups_pkey; Type: CONSTRAINT; Schema: public; Owner: postgresuser
--

ALTER TABLE ONLY public.auth_user_groups
    ADD CONSTRAINT auth_user_groups_pkey PRIMARY KEY (id);


--
-- Name: auth_user_groups auth_user_groups_user_id_group_id_94350c0c_uniq; Type: CONSTRAINT; Schema: public; Owner: postgresuser
--

ALTER TABLE ONLY public.auth_user_groups
    ADD CONSTRAINT auth_user_groups_user_id_group_id_94350c0c_uniq UNIQUE (user_id, group_id);


--
-- Name: auth_user auth_user_pkey; Type: CONSTRAINT; Schema: public; Owner: postgresuser
--

ALTER TABLE ONLY public.auth_user
    ADD CONSTRAINT auth_user_pkey PRIMARY KEY (id);


--
-- Name: auth_user_user_permissions auth_user_user_permissions_pkey; Type: CONSTRAINT; Schema: public; Owner: postgresuser
--

ALTER TABLE ONLY public.auth_user_user_permissions
    ADD CONSTRAINT auth_user_user_permissions_pkey PRIMARY KEY (id);


--
-- Name: auth_user_user_permissions auth_user_user_permissions_user_id_permission_id_14a6b632_uniq; Type: CONSTRAINT; Schema: public; Owner: postgresuser
--

ALTER TABLE ONLY public.auth_user_user_permissions
    ADD CONSTRAINT auth_user_user_permissions_user_id_permission_id_14a6b632_uniq UNIQUE (user_id, permission_id);


--
-- Name: auth_user auth_user_username_key; Type: CONSTRAINT; Schema: public; Owner: postgresuser
--

ALTER TABLE ONLY public.auth_user
    ADD CONSTRAINT auth_user_username_key UNIQUE (username);


--
-- Name: blog_blogpost blog_blogpost_pkey; Type: CONSTRAINT; Schema: public; Owner: postgresuser
--

ALTER TABLE ONLY public.blog_blogpost
    ADD CONSTRAINT blog_blogpost_pkey PRIMARY KEY (id);


--
-- Name: blog_blogpost blog_blogpost_slug_key; Type: CONSTRAINT; Schema: public; Owner: postgresuser
--

ALTER TABLE ONLY public.blog_blogpost
    ADD CONSTRAINT blog_blogpost_slug_key UNIQUE (slug);


--
-- Name: blog_blogsettings blog_blogsettings_pkey; Type: CONSTRAINT; Schema: public; Owner: postgresuser
--

ALTER TABLE ONLY public.blog_blogsettings
    ADD CONSTRAINT blog_blogsettings_pkey PRIMARY KEY (id);


--
-- Name: contents_aboutpage contents_aboutpage_pkey; Type: CONSTRAINT; Schema: public; Owner: postgresuser
--

ALTER TABLE ONLY public.contents_aboutpage
    ADD CONSTRAINT contents_aboutpage_pkey PRIMARY KEY (id);


--
-- Name: contents_benefititem contents_benefititem_pkey; Type: CONSTRAINT; Schema: public; Owner: postgresuser
--

ALTER TABLE ONLY public.contents_benefititem
    ADD CONSTRAINT contents_benefititem_pkey PRIMARY KEY (id);


--
-- Name: contents_benefitsection contents_benefitsection_pkey; Type: CONSTRAINT; Schema: public; Owner: postgresuser
--

ALTER TABLE ONLY public.contents_benefitsection
    ADD CONSTRAINT contents_benefitsection_pkey PRIMARY KEY (id);


--
-- Name: contents_contactpage contents_contactpage_pkey; Type: CONSTRAINT; Schema: public; Owner: postgresuser
--

ALTER TABLE ONLY public.contents_contactpage
    ADD CONSTRAINT contents_contactpage_pkey PRIMARY KEY (id);


--
-- Name: contents_faqblock contents_faqblock_pkey; Type: CONSTRAINT; Schema: public; Owner: postgresuser
--

ALTER TABLE ONLY public.contents_faqblock
    ADD CONSTRAINT contents_faqblock_pkey PRIMARY KEY (id);


--
-- Name: contents_faqblock contents_faqblock_slug_key; Type: CONSTRAINT; Schema: public; Owner: postgresuser
--

ALTER TABLE ONLY public.contents_faqblock
    ADD CONSTRAINT contents_faqblock_slug_key UNIQUE (slug);


--
-- Name: contents_faqitem contents_faqitem_pkey; Type: CONSTRAINT; Schema: public; Owner: postgresuser
--

ALTER TABLE ONLY public.contents_faqitem
    ADD CONSTRAINT contents_faqitem_pkey PRIMARY KEY (id);


--
-- Name: contents_fleetblock contents_fleetblock_pkey; Type: CONSTRAINT; Schema: public; Owner: postgresuser
--

ALTER TABLE ONLY public.contents_fleetblock
    ADD CONSTRAINT contents_fleetblock_pkey PRIMARY KEY (id);


--
-- Name: contents_fleetblock contents_fleetblock_slug_key; Type: CONSTRAINT; Schema: public; Owner: postgresuser
--

ALTER TABLE ONLY public.contents_fleetblock
    ADD CONSTRAINT contents_fleetblock_slug_key UNIQUE (slug);


--
-- Name: contents_fleetitem contents_fleetitem_pkey; Type: CONSTRAINT; Schema: public; Owner: postgresuser
--

ALTER TABLE ONLY public.contents_fleetitem
    ADD CONSTRAINT contents_fleetitem_pkey PRIMARY KEY (id);


--
-- Name: contents_fleetspec contents_fleetspec_pkey; Type: CONSTRAINT; Schema: public; Owner: postgresuser
--

ALTER TABLE ONLY public.contents_fleetspec
    ADD CONSTRAINT contents_fleetspec_pkey PRIMARY KEY (id);


--
-- Name: contents_galleryblock contents_galleryblock_pkey; Type: CONSTRAINT; Schema: public; Owner: postgresuser
--

ALTER TABLE ONLY public.contents_galleryblock
    ADD CONSTRAINT contents_galleryblock_pkey PRIMARY KEY (id);


--
-- Name: contents_galleryblock contents_galleryblock_slug_key; Type: CONSTRAINT; Schema: public; Owner: postgresuser
--

ALTER TABLE ONLY public.contents_galleryblock
    ADD CONSTRAINT contents_galleryblock_slug_key UNIQUE (slug);


--
-- Name: contents_galleryblockplacement contents_galleryblockpla_block_id_page_content_ty_b1d5a509_uniq; Type: CONSTRAINT; Schema: public; Owner: postgresuser
--

ALTER TABLE ONLY public.contents_galleryblockplacement
    ADD CONSTRAINT contents_galleryblockpla_block_id_page_content_ty_b1d5a509_uniq UNIQUE (block_id, page_content_type_id, page_object_id);


--
-- Name: contents_galleryblockplacement contents_galleryblockplacement_pkey; Type: CONSTRAINT; Schema: public; Owner: postgresuser
--

ALTER TABLE ONLY public.contents_galleryblockplacement
    ADD CONSTRAINT contents_galleryblockplacement_pkey PRIMARY KEY (id);


--
-- Name: contents_galleryitem contents_galleryitem_pkey; Type: CONSTRAINT; Schema: public; Owner: postgresuser
--

ALTER TABLE ONLY public.contents_galleryitem
    ADD CONSTRAINT contents_galleryitem_pkey PRIMARY KEY (id);


--
-- Name: contents_homepage contents_homepage_pkey; Type: CONSTRAINT; Schema: public; Owner: postgresuser
--

ALTER TABLE ONLY public.contents_homepage
    ADD CONSTRAINT contents_homepage_pkey PRIMARY KEY (id);


--
-- Name: contents_menu contents_menu_pkey; Type: CONSTRAINT; Schema: public; Owner: postgresuser
--

ALTER TABLE ONLY public.contents_menu
    ADD CONSTRAINT contents_menu_pkey PRIMARY KEY (id);


--
-- Name: contents_menu contents_menu_slug_key; Type: CONSTRAINT; Schema: public; Owner: postgresuser
--

ALTER TABLE ONLY public.contents_menu
    ADD CONSTRAINT contents_menu_slug_key UNIQUE (slug);


--
-- Name: contents_menuitem contents_menuitem_pkey; Type: CONSTRAINT; Schema: public; Owner: postgresuser
--

ALTER TABLE ONLY public.contents_menuitem
    ADD CONSTRAINT contents_menuitem_pkey PRIMARY KEY (id);


--
-- Name: contents_partnerlogo contents_partnerlogo_pkey; Type: CONSTRAINT; Schema: public; Owner: postgresuser
--

ALTER TABLE ONLY public.contents_partnerlogo
    ADD CONSTRAINT contents_partnerlogo_pkey PRIMARY KEY (id);


--
-- Name: contents_partnersblock contents_partnersblock_pkey; Type: CONSTRAINT; Schema: public; Owner: postgresuser
--

ALTER TABLE ONLY public.contents_partnersblock
    ADD CONSTRAINT contents_partnersblock_pkey PRIMARY KEY (id);


--
-- Name: contents_partnersblock contents_partnersblock_slug_key; Type: CONSTRAINT; Schema: public; Owner: postgresuser
--

ALTER TABLE ONLY public.contents_partnersblock
    ADD CONSTRAINT contents_partnersblock_slug_key UNIQUE (slug);


--
-- Name: contents_partnersblockplacement contents_partnersblockpl_block_id_page_content_ty_1fc2dd95_uniq; Type: CONSTRAINT; Schema: public; Owner: postgresuser
--

ALTER TABLE ONLY public.contents_partnersblockplacement
    ADD CONSTRAINT contents_partnersblockpl_block_id_page_content_ty_1fc2dd95_uniq UNIQUE (block_id, page_content_type_id, page_object_id);


--
-- Name: contents_partnersblockplacement contents_partnersblockplacement_pkey; Type: CONSTRAINT; Schema: public; Owner: postgresuser
--

ALTER TABLE ONLY public.contents_partnersblockplacement
    ADD CONSTRAINT contents_partnersblockplacement_pkey PRIMARY KEY (id);


--
-- Name: contents_serviceadvantage contents_serviceadvantage_pkey; Type: CONSTRAINT; Schema: public; Owner: postgresuser
--

ALTER TABLE ONLY public.contents_serviceadvantage
    ADD CONSTRAINT contents_serviceadvantage_pkey PRIMARY KEY (id);


--
-- Name: contents_servicebenefit contents_servicebenefit_pkey; Type: CONSTRAINT; Schema: public; Owner: postgresuser
--

ALTER TABLE ONLY public.contents_servicebenefit
    ADD CONSTRAINT contents_servicebenefit_pkey PRIMARY KEY (id);


--
-- Name: contents_servicepage contents_servicepage_pkey; Type: CONSTRAINT; Schema: public; Owner: postgresuser
--

ALTER TABLE ONLY public.contents_servicepage
    ADD CONSTRAINT contents_servicepage_pkey PRIMARY KEY (id);


--
-- Name: contents_servicepage contents_servicepage_slug_key; Type: CONSTRAINT; Schema: public; Owner: postgresuser
--

ALTER TABLE ONLY public.contents_servicepage
    ADD CONSTRAINT contents_servicepage_slug_key UNIQUE (slug);


--
-- Name: contents_serviceprogramitem contents_serviceprogramitem_pkey; Type: CONSTRAINT; Schema: public; Owner: postgresuser
--

ALTER TABLE ONLY public.contents_serviceprogramitem
    ADD CONSTRAINT contents_serviceprogramitem_pkey PRIMARY KEY (id);


--
-- Name: contents_serviceslide contents_serviceslide_pkey; Type: CONSTRAINT; Schema: public; Owner: postgresuser
--

ALTER TABLE ONLY public.contents_serviceslide
    ADD CONSTRAINT contents_serviceslide_pkey PRIMARY KEY (id);


--
-- Name: contents_sociallinkitem contents_sociallinkitem_pkey; Type: CONSTRAINT; Schema: public; Owner: postgresuser
--

ALTER TABLE ONLY public.contents_sociallinkitem
    ADD CONSTRAINT contents_sociallinkitem_pkey PRIMARY KEY (id);


--
-- Name: contents_sociallinksblockplacement contents_sociallinksbloc_block_id_page_content_ty_11f78f41_uniq; Type: CONSTRAINT; Schema: public; Owner: postgresuser
--

ALTER TABLE ONLY public.contents_sociallinksblockplacement
    ADD CONSTRAINT contents_sociallinksbloc_block_id_page_content_ty_11f78f41_uniq UNIQUE (block_id, page_content_type_id, page_object_id);


--
-- Name: contents_sociallinksblock contents_sociallinksblock_pkey; Type: CONSTRAINT; Schema: public; Owner: postgresuser
--

ALTER TABLE ONLY public.contents_sociallinksblock
    ADD CONSTRAINT contents_sociallinksblock_pkey PRIMARY KEY (id);


--
-- Name: contents_sociallinksblock contents_sociallinksblock_slug_key; Type: CONSTRAINT; Schema: public; Owner: postgresuser
--

ALTER TABLE ONLY public.contents_sociallinksblock
    ADD CONSTRAINT contents_sociallinksblock_slug_key UNIQUE (slug);


--
-- Name: contents_sociallinksblockplacement contents_sociallinksblockplacement_pkey; Type: CONSTRAINT; Schema: public; Owner: postgresuser
--

ALTER TABLE ONLY public.contents_sociallinksblockplacement
    ADD CONSTRAINT contents_sociallinksblockplacement_pkey PRIMARY KEY (id);


--
-- Name: contents_teamblock contents_teamblock_pkey; Type: CONSTRAINT; Schema: public; Owner: postgresuser
--

ALTER TABLE ONLY public.contents_teamblock
    ADD CONSTRAINT contents_teamblock_pkey PRIMARY KEY (id);


--
-- Name: contents_teamblock contents_teamblock_slug_key; Type: CONSTRAINT; Schema: public; Owner: postgresuser
--

ALTER TABLE ONLY public.contents_teamblock
    ADD CONSTRAINT contents_teamblock_slug_key UNIQUE (slug);


--
-- Name: contents_teamblockplacement contents_teamblockplacem_block_id_page_content_ty_7a6dc54f_uniq; Type: CONSTRAINT; Schema: public; Owner: postgresuser
--

ALTER TABLE ONLY public.contents_teamblockplacement
    ADD CONSTRAINT contents_teamblockplacem_block_id_page_content_ty_7a6dc54f_uniq UNIQUE (block_id, page_content_type_id, page_object_id);


--
-- Name: contents_teamblockplacement contents_teamblockplacement_pkey; Type: CONSTRAINT; Schema: public; Owner: postgresuser
--

ALTER TABLE ONLY public.contents_teamblockplacement
    ADD CONSTRAINT contents_teamblockplacement_pkey PRIMARY KEY (id);


--
-- Name: contents_teammember contents_teammember_pkey; Type: CONSTRAINT; Schema: public; Owner: postgresuser
--

ALTER TABLE ONLY public.contents_teammember
    ADD CONSTRAINT contents_teammember_pkey PRIMARY KEY (id);


--
-- Name: django_admin_log django_admin_log_pkey; Type: CONSTRAINT; Schema: public; Owner: postgresuser
--

ALTER TABLE ONLY public.django_admin_log
    ADD CONSTRAINT django_admin_log_pkey PRIMARY KEY (id);


--
-- Name: django_content_type django_content_type_app_label_model_76bd3d3b_uniq; Type: CONSTRAINT; Schema: public; Owner: postgresuser
--

ALTER TABLE ONLY public.django_content_type
    ADD CONSTRAINT django_content_type_app_label_model_76bd3d3b_uniq UNIQUE (app_label, model);


--
-- Name: django_content_type django_content_type_pkey; Type: CONSTRAINT; Schema: public; Owner: postgresuser
--

ALTER TABLE ONLY public.django_content_type
    ADD CONSTRAINT django_content_type_pkey PRIMARY KEY (id);


--
-- Name: django_migrations django_migrations_pkey; Type: CONSTRAINT; Schema: public; Owner: postgresuser
--

ALTER TABLE ONLY public.django_migrations
    ADD CONSTRAINT django_migrations_pkey PRIMARY KEY (id);


--
-- Name: django_session django_session_pkey; Type: CONSTRAINT; Schema: public; Owner: postgresuser
--

ALTER TABLE ONLY public.django_session
    ADD CONSTRAINT django_session_pkey PRIMARY KEY (session_key);


--
-- Name: django_site django_site_domain_a2e37b91_uniq; Type: CONSTRAINT; Schema: public; Owner: postgresuser
--

ALTER TABLE ONLY public.django_site
    ADD CONSTRAINT django_site_domain_a2e37b91_uniq UNIQUE (domain);


--
-- Name: django_site django_site_pkey; Type: CONSTRAINT; Schema: public; Owner: postgresuser
--

ALTER TABLE ONLY public.django_site
    ADD CONSTRAINT django_site_pkey PRIMARY KEY (id);


--
-- Name: feedback_feedbackaction feedback_feedbackaction_pkey; Type: CONSTRAINT; Schema: public; Owner: postgresuser
--

ALTER TABLE ONLY public.feedback_feedbackaction
    ADD CONSTRAINT feedback_feedbackaction_pkey PRIMARY KEY (id);


--
-- Name: feedback_feedbackaction feedback_feedbackaction_slug_key; Type: CONSTRAINT; Schema: public; Owner: postgresuser
--

ALTER TABLE ONLY public.feedback_feedbackaction
    ADD CONSTRAINT feedback_feedbackaction_slug_key UNIQUE (slug);


--
-- Name: feedback_feedbacksubmission feedback_feedbacksubmission_pkey; Type: CONSTRAINT; Schema: public; Owner: postgresuser
--

ALTER TABLE ONLY public.feedback_feedbacksubmission
    ADD CONSTRAINT feedback_feedbacksubmission_pkey PRIMARY KEY (id);


--
-- Name: auth_group_name_a6ea08ec_like; Type: INDEX; Schema: public; Owner: postgresuser
--

CREATE INDEX auth_group_name_a6ea08ec_like ON public.auth_group USING btree (name varchar_pattern_ops);


--
-- Name: auth_group_permissions_group_id_b120cbf9; Type: INDEX; Schema: public; Owner: postgresuser
--

CREATE INDEX auth_group_permissions_group_id_b120cbf9 ON public.auth_group_permissions USING btree (group_id);


--
-- Name: auth_group_permissions_permission_id_84c5c92e; Type: INDEX; Schema: public; Owner: postgresuser
--

CREATE INDEX auth_group_permissions_permission_id_84c5c92e ON public.auth_group_permissions USING btree (permission_id);


--
-- Name: auth_permission_content_type_id_2f476e4b; Type: INDEX; Schema: public; Owner: postgresuser
--

CREATE INDEX auth_permission_content_type_id_2f476e4b ON public.auth_permission USING btree (content_type_id);


--
-- Name: auth_user_groups_group_id_97559544; Type: INDEX; Schema: public; Owner: postgresuser
--

CREATE INDEX auth_user_groups_group_id_97559544 ON public.auth_user_groups USING btree (group_id);


--
-- Name: auth_user_groups_user_id_6a12ed8b; Type: INDEX; Schema: public; Owner: postgresuser
--

CREATE INDEX auth_user_groups_user_id_6a12ed8b ON public.auth_user_groups USING btree (user_id);


--
-- Name: auth_user_user_permissions_permission_id_1fbb5f2c; Type: INDEX; Schema: public; Owner: postgresuser
--

CREATE INDEX auth_user_user_permissions_permission_id_1fbb5f2c ON public.auth_user_user_permissions USING btree (permission_id);


--
-- Name: auth_user_user_permissions_user_id_a95ead1b; Type: INDEX; Schema: public; Owner: postgresuser
--

CREATE INDEX auth_user_user_permissions_user_id_a95ead1b ON public.auth_user_user_permissions USING btree (user_id);


--
-- Name: auth_user_username_6821ab7c_like; Type: INDEX; Schema: public; Owner: postgresuser
--

CREATE INDEX auth_user_username_6821ab7c_like ON public.auth_user USING btree (username varchar_pattern_ops);


--
-- Name: blog_blogpost_slug_9e84ade1_like; Type: INDEX; Schema: public; Owner: postgresuser
--

CREATE INDEX blog_blogpost_slug_9e84ade1_like ON public.blog_blogpost USING btree (slug varchar_pattern_ops);


--
-- Name: contents_benefititem_section_id_b82164bd; Type: INDEX; Schema: public; Owner: postgresuser
--

CREATE INDEX contents_benefititem_section_id_b82164bd ON public.contents_benefititem USING btree (section_id);


--
-- Name: contents_benefitsection_slug_3c2f873a; Type: INDEX; Schema: public; Owner: postgresuser
--

CREATE INDEX contents_benefitsection_slug_3c2f873a ON public.contents_benefitsection USING btree (slug);


--
-- Name: contents_benefitsection_slug_3c2f873a_like; Type: INDEX; Schema: public; Owner: postgresuser
--

CREATE INDEX contents_benefitsection_slug_3c2f873a_like ON public.contents_benefitsection USING btree (slug varchar_pattern_ops);


--
-- Name: contents_faqblock_slug_2c116687_like; Type: INDEX; Schema: public; Owner: postgresuser
--

CREATE INDEX contents_faqblock_slug_2c116687_like ON public.contents_faqblock USING btree (slug varchar_pattern_ops);


--
-- Name: contents_faqitem_block_id_631a6de1; Type: INDEX; Schema: public; Owner: postgresuser
--

CREATE INDEX contents_faqitem_block_id_631a6de1 ON public.contents_faqitem USING btree (block_id);


--
-- Name: contents_fleetblock_slug_b608de80_like; Type: INDEX; Schema: public; Owner: postgresuser
--

CREATE INDEX contents_fleetblock_slug_b608de80_like ON public.contents_fleetblock USING btree (slug varchar_pattern_ops);


--
-- Name: contents_fleetitem_block_id_9545e7d4; Type: INDEX; Schema: public; Owner: postgresuser
--

CREATE INDEX contents_fleetitem_block_id_9545e7d4 ON public.contents_fleetitem USING btree (block_id);


--
-- Name: contents_fleetspec_item_id_ca3e797c; Type: INDEX; Schema: public; Owner: postgresuser
--

CREATE INDEX contents_fleetspec_item_id_ca3e797c ON public.contents_fleetspec USING btree (item_id);


--
-- Name: contents_galleryblock_slug_0a3232fd_like; Type: INDEX; Schema: public; Owner: postgresuser
--

CREATE INDEX contents_galleryblock_slug_0a3232fd_like ON public.contents_galleryblock USING btree (slug varchar_pattern_ops);


--
-- Name: contents_galleryblockplacement_block_id_eb1f8255; Type: INDEX; Schema: public; Owner: postgresuser
--

CREATE INDEX contents_galleryblockplacement_block_id_eb1f8255 ON public.contents_galleryblockplacement USING btree (block_id);


--
-- Name: contents_galleryblockplacement_page_content_type_id_6c3e01df; Type: INDEX; Schema: public; Owner: postgresuser
--

CREATE INDEX contents_galleryblockplacement_page_content_type_id_6c3e01df ON public.contents_galleryblockplacement USING btree (page_content_type_id);


--
-- Name: contents_galleryitem_block_id_003d8248; Type: INDEX; Schema: public; Owner: postgresuser
--

CREATE INDEX contents_galleryitem_block_id_003d8248 ON public.contents_galleryitem USING btree (block_id);


--
-- Name: contents_menu_slug_9f510d6b_like; Type: INDEX; Schema: public; Owner: postgresuser
--

CREATE INDEX contents_menu_slug_9f510d6b_like ON public.contents_menu USING btree (slug varchar_pattern_ops);


--
-- Name: contents_menuitem_menu_id_a8859212; Type: INDEX; Schema: public; Owner: postgresuser
--

CREATE INDEX contents_menuitem_menu_id_a8859212 ON public.contents_menuitem USING btree (menu_id);


--
-- Name: contents_partnerlogo_block_id_6cfbd155; Type: INDEX; Schema: public; Owner: postgresuser
--

CREATE INDEX contents_partnerlogo_block_id_6cfbd155 ON public.contents_partnerlogo USING btree (block_id);


--
-- Name: contents_partnersblock_slug_e6d4d95c_like; Type: INDEX; Schema: public; Owner: postgresuser
--

CREATE INDEX contents_partnersblock_slug_e6d4d95c_like ON public.contents_partnersblock USING btree (slug varchar_pattern_ops);


--
-- Name: contents_partnersblockplacement_block_id_88c30f8c; Type: INDEX; Schema: public; Owner: postgresuser
--

CREATE INDEX contents_partnersblockplacement_block_id_88c30f8c ON public.contents_partnersblockplacement USING btree (block_id);


--
-- Name: contents_partnersblockplacement_page_content_type_id_68a4f3c3; Type: INDEX; Schema: public; Owner: postgresuser
--

CREATE INDEX contents_partnersblockplacement_page_content_type_id_68a4f3c3 ON public.contents_partnersblockplacement USING btree (page_content_type_id);


--
-- Name: contents_serviceadvantage_page_id_e7224648; Type: INDEX; Schema: public; Owner: postgresuser
--

CREATE INDEX contents_serviceadvantage_page_id_e7224648 ON public.contents_serviceadvantage USING btree (page_id);


--
-- Name: contents_servicebenefit_page_id_f20df3d3; Type: INDEX; Schema: public; Owner: postgresuser
--

CREATE INDEX contents_servicebenefit_page_id_f20df3d3 ON public.contents_servicebenefit USING btree (page_id);


--
-- Name: contents_servicepage_services_order_f4c935df; Type: INDEX; Schema: public; Owner: postgresuser
--

CREATE INDEX contents_servicepage_services_order_f4c935df ON public.contents_servicepage USING btree (services_order);


--
-- Name: contents_servicepage_show_b958f0a1; Type: INDEX; Schema: public; Owner: postgresuser
--

CREATE INDEX contents_servicepage_show_b958f0a1 ON public.contents_servicepage USING btree (show);


--
-- Name: contents_servicepage_slug_161f9d9d_like; Type: INDEX; Schema: public; Owner: postgresuser
--

CREATE INDEX contents_servicepage_slug_161f9d9d_like ON public.contents_servicepage USING btree (slug varchar_pattern_ops);


--
-- Name: contents_serviceprogramitem_anchor_f5cd8a3b; Type: INDEX; Schema: public; Owner: postgresuser
--

CREATE INDEX contents_serviceprogramitem_anchor_f5cd8a3b ON public.contents_serviceprogramitem USING btree (anchor);


--
-- Name: contents_serviceprogramitem_anchor_f5cd8a3b_like; Type: INDEX; Schema: public; Owner: postgresuser
--

CREATE INDEX contents_serviceprogramitem_anchor_f5cd8a3b_like ON public.contents_serviceprogramitem USING btree (anchor varchar_pattern_ops);


--
-- Name: contents_serviceprogramitem_page_id_6577be56; Type: INDEX; Schema: public; Owner: postgresuser
--

CREATE INDEX contents_serviceprogramitem_page_id_6577be56 ON public.contents_serviceprogramitem USING btree (page_id);


--
-- Name: contents_serviceslide_page_id_986f2fe8; Type: INDEX; Schema: public; Owner: postgresuser
--

CREATE INDEX contents_serviceslide_page_id_986f2fe8 ON public.contents_serviceslide USING btree (page_id);


--
-- Name: contents_sociallinkitem_block_id_78d3b484; Type: INDEX; Schema: public; Owner: postgresuser
--

CREATE INDEX contents_sociallinkitem_block_id_78d3b484 ON public.contents_sociallinkitem USING btree (block_id);


--
-- Name: contents_sociallinksblock_slug_d37ec3e4_like; Type: INDEX; Schema: public; Owner: postgresuser
--

CREATE INDEX contents_sociallinksblock_slug_d37ec3e4_like ON public.contents_sociallinksblock USING btree (slug varchar_pattern_ops);


--
-- Name: contents_sociallinksblockp_page_content_type_id_fb679269; Type: INDEX; Schema: public; Owner: postgresuser
--

CREATE INDEX contents_sociallinksblockp_page_content_type_id_fb679269 ON public.contents_sociallinksblockplacement USING btree (page_content_type_id);


--
-- Name: contents_sociallinksblockplacement_block_id_b6b4ff72; Type: INDEX; Schema: public; Owner: postgresuser
--

CREATE INDEX contents_sociallinksblockplacement_block_id_b6b4ff72 ON public.contents_sociallinksblockplacement USING btree (block_id);


--
-- Name: contents_teamblock_slug_36757545_like; Type: INDEX; Schema: public; Owner: postgresuser
--

CREATE INDEX contents_teamblock_slug_36757545_like ON public.contents_teamblock USING btree (slug varchar_pattern_ops);


--
-- Name: contents_teamblockplacement_block_id_455fb341; Type: INDEX; Schema: public; Owner: postgresuser
--

CREATE INDEX contents_teamblockplacement_block_id_455fb341 ON public.contents_teamblockplacement USING btree (block_id);


--
-- Name: contents_teamblockplacement_page_content_type_id_8063b5c5; Type: INDEX; Schema: public; Owner: postgresuser
--

CREATE INDEX contents_teamblockplacement_page_content_type_id_8063b5c5 ON public.contents_teamblockplacement USING btree (page_content_type_id);


--
-- Name: contents_teammember_block_id_f9fdae94; Type: INDEX; Schema: public; Owner: postgresuser
--

CREATE INDEX contents_teammember_block_id_f9fdae94 ON public.contents_teammember USING btree (block_id);


--
-- Name: django_admin_log_content_type_id_c4bce8eb; Type: INDEX; Schema: public; Owner: postgresuser
--

CREATE INDEX django_admin_log_content_type_id_c4bce8eb ON public.django_admin_log USING btree (content_type_id);


--
-- Name: django_admin_log_user_id_c564eba6; Type: INDEX; Schema: public; Owner: postgresuser
--

CREATE INDEX django_admin_log_user_id_c564eba6 ON public.django_admin_log USING btree (user_id);


--
-- Name: django_session_expire_date_a5c62663; Type: INDEX; Schema: public; Owner: postgresuser
--

CREATE INDEX django_session_expire_date_a5c62663 ON public.django_session USING btree (expire_date);


--
-- Name: django_session_session_key_c0390e0f_like; Type: INDEX; Schema: public; Owner: postgresuser
--

CREATE INDEX django_session_session_key_c0390e0f_like ON public.django_session USING btree (session_key varchar_pattern_ops);


--
-- Name: django_site_domain_a2e37b91_like; Type: INDEX; Schema: public; Owner: postgresuser
--

CREATE INDEX django_site_domain_a2e37b91_like ON public.django_site USING btree (domain varchar_pattern_ops);


--
-- Name: feedback_feedbackaction_slug_88bbf279_like; Type: INDEX; Schema: public; Owner: postgresuser
--

CREATE INDEX feedback_feedbackaction_slug_88bbf279_like ON public.feedback_feedbackaction USING btree (slug varchar_pattern_ops);


--
-- Name: feedback_feedbacksubmission_action_id_7f395317; Type: INDEX; Schema: public; Owner: postgresuser
--

CREATE INDEX feedback_feedbacksubmission_action_id_7f395317 ON public.feedback_feedbacksubmission USING btree (action_id);


--
-- Name: auth_group_permissions auth_group_permissio_permission_id_84c5c92e_fk_auth_perm; Type: FK CONSTRAINT; Schema: public; Owner: postgresuser
--

ALTER TABLE ONLY public.auth_group_permissions
    ADD CONSTRAINT auth_group_permissio_permission_id_84c5c92e_fk_auth_perm FOREIGN KEY (permission_id) REFERENCES public.auth_permission(id) DEFERRABLE INITIALLY DEFERRED;


--
-- Name: auth_group_permissions auth_group_permissions_group_id_b120cbf9_fk_auth_group_id; Type: FK CONSTRAINT; Schema: public; Owner: postgresuser
--

ALTER TABLE ONLY public.auth_group_permissions
    ADD CONSTRAINT auth_group_permissions_group_id_b120cbf9_fk_auth_group_id FOREIGN KEY (group_id) REFERENCES public.auth_group(id) DEFERRABLE INITIALLY DEFERRED;


--
-- Name: auth_permission auth_permission_content_type_id_2f476e4b_fk_django_co; Type: FK CONSTRAINT; Schema: public; Owner: postgresuser
--

ALTER TABLE ONLY public.auth_permission
    ADD CONSTRAINT auth_permission_content_type_id_2f476e4b_fk_django_co FOREIGN KEY (content_type_id) REFERENCES public.django_content_type(id) DEFERRABLE INITIALLY DEFERRED;


--
-- Name: auth_user_groups auth_user_groups_group_id_97559544_fk_auth_group_id; Type: FK CONSTRAINT; Schema: public; Owner: postgresuser
--

ALTER TABLE ONLY public.auth_user_groups
    ADD CONSTRAINT auth_user_groups_group_id_97559544_fk_auth_group_id FOREIGN KEY (group_id) REFERENCES public.auth_group(id) DEFERRABLE INITIALLY DEFERRED;


--
-- Name: auth_user_groups auth_user_groups_user_id_6a12ed8b_fk_auth_user_id; Type: FK CONSTRAINT; Schema: public; Owner: postgresuser
--

ALTER TABLE ONLY public.auth_user_groups
    ADD CONSTRAINT auth_user_groups_user_id_6a12ed8b_fk_auth_user_id FOREIGN KEY (user_id) REFERENCES public.auth_user(id) DEFERRABLE INITIALLY DEFERRED;


--
-- Name: auth_user_user_permissions auth_user_user_permi_permission_id_1fbb5f2c_fk_auth_perm; Type: FK CONSTRAINT; Schema: public; Owner: postgresuser
--

ALTER TABLE ONLY public.auth_user_user_permissions
    ADD CONSTRAINT auth_user_user_permi_permission_id_1fbb5f2c_fk_auth_perm FOREIGN KEY (permission_id) REFERENCES public.auth_permission(id) DEFERRABLE INITIALLY DEFERRED;


--
-- Name: auth_user_user_permissions auth_user_user_permissions_user_id_a95ead1b_fk_auth_user_id; Type: FK CONSTRAINT; Schema: public; Owner: postgresuser
--

ALTER TABLE ONLY public.auth_user_user_permissions
    ADD CONSTRAINT auth_user_user_permissions_user_id_a95ead1b_fk_auth_user_id FOREIGN KEY (user_id) REFERENCES public.auth_user(id) DEFERRABLE INITIALLY DEFERRED;


--
-- Name: contents_benefititem contents_benefititem_section_id_b82164bd_fk_contents_; Type: FK CONSTRAINT; Schema: public; Owner: postgresuser
--

ALTER TABLE ONLY public.contents_benefititem
    ADD CONSTRAINT contents_benefititem_section_id_b82164bd_fk_contents_ FOREIGN KEY (section_id) REFERENCES public.contents_benefitsection(id) DEFERRABLE INITIALLY DEFERRED;


--
-- Name: contents_faqitem contents_faqitem_block_id_631a6de1_fk_contents_faqblock_id; Type: FK CONSTRAINT; Schema: public; Owner: postgresuser
--

ALTER TABLE ONLY public.contents_faqitem
    ADD CONSTRAINT contents_faqitem_block_id_631a6de1_fk_contents_faqblock_id FOREIGN KEY (block_id) REFERENCES public.contents_faqblock(id) DEFERRABLE INITIALLY DEFERRED;


--
-- Name: contents_fleetitem contents_fleetitem_block_id_9545e7d4_fk_contents_fleetblock_id; Type: FK CONSTRAINT; Schema: public; Owner: postgresuser
--

ALTER TABLE ONLY public.contents_fleetitem
    ADD CONSTRAINT contents_fleetitem_block_id_9545e7d4_fk_contents_fleetblock_id FOREIGN KEY (block_id) REFERENCES public.contents_fleetblock(id) DEFERRABLE INITIALLY DEFERRED;


--
-- Name: contents_fleetspec contents_fleetspec_item_id_ca3e797c_fk_contents_fleetitem_id; Type: FK CONSTRAINT; Schema: public; Owner: postgresuser
--

ALTER TABLE ONLY public.contents_fleetspec
    ADD CONSTRAINT contents_fleetspec_item_id_ca3e797c_fk_contents_fleetitem_id FOREIGN KEY (item_id) REFERENCES public.contents_fleetitem(id) DEFERRABLE INITIALLY DEFERRED;


--
-- Name: contents_galleryblockplacement contents_gallerybloc_block_id_eb1f8255_fk_contents_; Type: FK CONSTRAINT; Schema: public; Owner: postgresuser
--

ALTER TABLE ONLY public.contents_galleryblockplacement
    ADD CONSTRAINT contents_gallerybloc_block_id_eb1f8255_fk_contents_ FOREIGN KEY (block_id) REFERENCES public.contents_galleryblock(id) DEFERRABLE INITIALLY DEFERRED;


--
-- Name: contents_galleryblockplacement contents_gallerybloc_page_content_type_id_6c3e01df_fk_django_co; Type: FK CONSTRAINT; Schema: public; Owner: postgresuser
--

ALTER TABLE ONLY public.contents_galleryblockplacement
    ADD CONSTRAINT contents_gallerybloc_page_content_type_id_6c3e01df_fk_django_co FOREIGN KEY (page_content_type_id) REFERENCES public.django_content_type(id) DEFERRABLE INITIALLY DEFERRED;


--
-- Name: contents_galleryitem contents_galleryitem_block_id_003d8248_fk_contents_; Type: FK CONSTRAINT; Schema: public; Owner: postgresuser
--

ALTER TABLE ONLY public.contents_galleryitem
    ADD CONSTRAINT contents_galleryitem_block_id_003d8248_fk_contents_ FOREIGN KEY (block_id) REFERENCES public.contents_galleryblock(id) DEFERRABLE INITIALLY DEFERRED;


--
-- Name: contents_menuitem contents_menuitem_menu_id_a8859212_fk_contents_menu_id; Type: FK CONSTRAINT; Schema: public; Owner: postgresuser
--

ALTER TABLE ONLY public.contents_menuitem
    ADD CONSTRAINT contents_menuitem_menu_id_a8859212_fk_contents_menu_id FOREIGN KEY (menu_id) REFERENCES public.contents_menu(id) DEFERRABLE INITIALLY DEFERRED;


--
-- Name: contents_partnerlogo contents_partnerlogo_block_id_6cfbd155_fk_contents_; Type: FK CONSTRAINT; Schema: public; Owner: postgresuser
--

ALTER TABLE ONLY public.contents_partnerlogo
    ADD CONSTRAINT contents_partnerlogo_block_id_6cfbd155_fk_contents_ FOREIGN KEY (block_id) REFERENCES public.contents_partnersblock(id) DEFERRABLE INITIALLY DEFERRED;


--
-- Name: contents_partnersblockplacement contents_partnersblo_block_id_88c30f8c_fk_contents_; Type: FK CONSTRAINT; Schema: public; Owner: postgresuser
--

ALTER TABLE ONLY public.contents_partnersblockplacement
    ADD CONSTRAINT contents_partnersblo_block_id_88c30f8c_fk_contents_ FOREIGN KEY (block_id) REFERENCES public.contents_partnersblock(id) DEFERRABLE INITIALLY DEFERRED;


--
-- Name: contents_partnersblockplacement contents_partnersblo_page_content_type_id_68a4f3c3_fk_django_co; Type: FK CONSTRAINT; Schema: public; Owner: postgresuser
--

ALTER TABLE ONLY public.contents_partnersblockplacement
    ADD CONSTRAINT contents_partnersblo_page_content_type_id_68a4f3c3_fk_django_co FOREIGN KEY (page_content_type_id) REFERENCES public.django_content_type(id) DEFERRABLE INITIALLY DEFERRED;


--
-- Name: contents_serviceadvantage contents_serviceadva_page_id_e7224648_fk_contents_; Type: FK CONSTRAINT; Schema: public; Owner: postgresuser
--

ALTER TABLE ONLY public.contents_serviceadvantage
    ADD CONSTRAINT contents_serviceadva_page_id_e7224648_fk_contents_ FOREIGN KEY (page_id) REFERENCES public.contents_servicepage(id) DEFERRABLE INITIALLY DEFERRED;


--
-- Name: contents_servicebenefit contents_servicebene_page_id_f20df3d3_fk_contents_; Type: FK CONSTRAINT; Schema: public; Owner: postgresuser
--

ALTER TABLE ONLY public.contents_servicebenefit
    ADD CONSTRAINT contents_servicebene_page_id_f20df3d3_fk_contents_ FOREIGN KEY (page_id) REFERENCES public.contents_servicepage(id) DEFERRABLE INITIALLY DEFERRED;


--
-- Name: contents_serviceprogramitem contents_serviceprog_page_id_6577be56_fk_contents_; Type: FK CONSTRAINT; Schema: public; Owner: postgresuser
--

ALTER TABLE ONLY public.contents_serviceprogramitem
    ADD CONSTRAINT contents_serviceprog_page_id_6577be56_fk_contents_ FOREIGN KEY (page_id) REFERENCES public.contents_servicepage(id) DEFERRABLE INITIALLY DEFERRED;


--
-- Name: contents_serviceslide contents_serviceslid_page_id_986f2fe8_fk_contents_; Type: FK CONSTRAINT; Schema: public; Owner: postgresuser
--

ALTER TABLE ONLY public.contents_serviceslide
    ADD CONSTRAINT contents_serviceslid_page_id_986f2fe8_fk_contents_ FOREIGN KEY (page_id) REFERENCES public.contents_servicepage(id) DEFERRABLE INITIALLY DEFERRED;


--
-- Name: contents_sociallinkitem contents_sociallinki_block_id_78d3b484_fk_contents_; Type: FK CONSTRAINT; Schema: public; Owner: postgresuser
--

ALTER TABLE ONLY public.contents_sociallinkitem
    ADD CONSTRAINT contents_sociallinki_block_id_78d3b484_fk_contents_ FOREIGN KEY (block_id) REFERENCES public.contents_sociallinksblock(id) DEFERRABLE INITIALLY DEFERRED;


--
-- Name: contents_sociallinksblockplacement contents_sociallinks_block_id_b6b4ff72_fk_contents_; Type: FK CONSTRAINT; Schema: public; Owner: postgresuser
--

ALTER TABLE ONLY public.contents_sociallinksblockplacement
    ADD CONSTRAINT contents_sociallinks_block_id_b6b4ff72_fk_contents_ FOREIGN KEY (block_id) REFERENCES public.contents_sociallinksblock(id) DEFERRABLE INITIALLY DEFERRED;


--
-- Name: contents_sociallinksblockplacement contents_sociallinks_page_content_type_id_fb679269_fk_django_co; Type: FK CONSTRAINT; Schema: public; Owner: postgresuser
--

ALTER TABLE ONLY public.contents_sociallinksblockplacement
    ADD CONSTRAINT contents_sociallinks_page_content_type_id_fb679269_fk_django_co FOREIGN KEY (page_content_type_id) REFERENCES public.django_content_type(id) DEFERRABLE INITIALLY DEFERRED;


--
-- Name: contents_teamblockplacement contents_teamblockpl_block_id_455fb341_fk_contents_; Type: FK CONSTRAINT; Schema: public; Owner: postgresuser
--

ALTER TABLE ONLY public.contents_teamblockplacement
    ADD CONSTRAINT contents_teamblockpl_block_id_455fb341_fk_contents_ FOREIGN KEY (block_id) REFERENCES public.contents_teamblock(id) DEFERRABLE INITIALLY DEFERRED;


--
-- Name: contents_teamblockplacement contents_teamblockpl_page_content_type_id_8063b5c5_fk_django_co; Type: FK CONSTRAINT; Schema: public; Owner: postgresuser
--

ALTER TABLE ONLY public.contents_teamblockplacement
    ADD CONSTRAINT contents_teamblockpl_page_content_type_id_8063b5c5_fk_django_co FOREIGN KEY (page_content_type_id) REFERENCES public.django_content_type(id) DEFERRABLE INITIALLY DEFERRED;


--
-- Name: contents_teammember contents_teammember_block_id_f9fdae94_fk_contents_teamblock_id; Type: FK CONSTRAINT; Schema: public; Owner: postgresuser
--

ALTER TABLE ONLY public.contents_teammember
    ADD CONSTRAINT contents_teammember_block_id_f9fdae94_fk_contents_teamblock_id FOREIGN KEY (block_id) REFERENCES public.contents_teamblock(id) DEFERRABLE INITIALLY DEFERRED;


--
-- Name: django_admin_log django_admin_log_content_type_id_c4bce8eb_fk_django_co; Type: FK CONSTRAINT; Schema: public; Owner: postgresuser
--

ALTER TABLE ONLY public.django_admin_log
    ADD CONSTRAINT django_admin_log_content_type_id_c4bce8eb_fk_django_co FOREIGN KEY (content_type_id) REFERENCES public.django_content_type(id) DEFERRABLE INITIALLY DEFERRED;


--
-- Name: django_admin_log django_admin_log_user_id_c564eba6_fk_auth_user_id; Type: FK CONSTRAINT; Schema: public; Owner: postgresuser
--

ALTER TABLE ONLY public.django_admin_log
    ADD CONSTRAINT django_admin_log_user_id_c564eba6_fk_auth_user_id FOREIGN KEY (user_id) REFERENCES public.auth_user(id) DEFERRABLE INITIALLY DEFERRED;


--
-- Name: feedback_feedbacksubmission feedback_feedbacksub_action_id_7f395317_fk_feedback_; Type: FK CONSTRAINT; Schema: public; Owner: postgresuser
--

ALTER TABLE ONLY public.feedback_feedbacksubmission
    ADD CONSTRAINT feedback_feedbacksub_action_id_7f395317_fk_feedback_ FOREIGN KEY (action_id) REFERENCES public.feedback_feedbackaction(id) DEFERRABLE INITIALLY DEFERRED;


--
-- Name: SCHEMA public; Type: ACL; Schema: -; Owner: postgresuser
--

REVOKE USAGE ON SCHEMA public FROM PUBLIC;


--
-- PostgreSQL database dump complete
--

\unrestrict sBUOemE40gH5JQVo5flDUju9wEobihkK64CV6EhFBhhSCHCUjtpONs1NuJfJmrz

