--
-- PostgreSQL database dump
--

\restrict TxsOZ0sxxziyEsrZpxVXyFixQhnq9CXJXEKUlKhmxBlOzE93ALmwaOFuDmkzild

-- Dumped from database version 16.10
-- Dumped by pg_dump version 16.10

SET statement_timeout = 0;
SET lock_timeout = 0;
SET idle_in_transaction_session_timeout = 0;
SET client_encoding = 'UTF8';
SET standard_conforming_strings = on;
SELECT pg_catalog.set_config('search_path', '', false);
SET check_function_bodies = false;
SET xmloption = content;
SET client_min_messages = warning;
SET row_security = off;

SET default_tablespace = '';

SET default_table_access_method = heap;

--
-- Name: assignments_assignmentcomment; Type: TABLE; Schema: public; Owner: postgresuser
--

CREATE TABLE public.assignments_assignmentcomment (
    id bigint NOT NULL,
    message text NOT NULL,
    is_instructor boolean NOT NULL,
    is_read boolean NOT NULL,
    created_at timestamp with time zone NOT NULL,
    author_id bigint NOT NULL,
    submission_id bigint NOT NULL
);


ALTER TABLE public.assignments_assignmentcomment OWNER TO postgresuser;

--
-- Name: assignments_assignmentcomment_id_seq; Type: SEQUENCE; Schema: public; Owner: postgresuser
--

ALTER TABLE public.assignments_assignmentcomment ALTER COLUMN id ADD GENERATED BY DEFAULT AS IDENTITY (
    SEQUENCE NAME public.assignments_assignmentcomment_id_seq
    START WITH 1
    INCREMENT BY 1
    NO MINVALUE
    NO MAXVALUE
    CACHE 1
);


--
-- Name: assignments_assignmentlesson; Type: TABLE; Schema: public; Owner: postgresuser
--

CREATE TABLE public.assignments_assignmentlesson (
    id bigint NOT NULL,
    instructions text NOT NULL,
    require_text boolean NOT NULL,
    require_file boolean NOT NULL,
    max_score integer NOT NULL,
    deadline_days integer NOT NULL,
    allow_late_submission boolean NOT NULL,
    allow_resubmission boolean NOT NULL,
    lesson_id bigint NOT NULL,
    CONSTRAINT assignments_assignmentlesson_deadline_days_check CHECK ((deadline_days >= 0)),
    CONSTRAINT assignments_assignmentlesson_max_score_check CHECK ((max_score >= 0))
);


ALTER TABLE public.assignments_assignmentlesson OWNER TO postgresuser;

--
-- Name: assignments_assignmentlesson_id_seq; Type: SEQUENCE; Schema: public; Owner: postgresuser
--

ALTER TABLE public.assignments_assignmentlesson ALTER COLUMN id ADD GENERATED BY DEFAULT AS IDENTITY (
    SEQUENCE NAME public.assignments_assignmentlesson_id_seq
    START WITH 1
    INCREMENT BY 1
    NO MINVALUE
    NO MAXVALUE
    CACHE 1
);


--
-- Name: assignments_assignmentsubmission; Type: TABLE; Schema: public; Owner: postgresuser
--

CREATE TABLE public.assignments_assignmentsubmission (
    id bigint NOT NULL,
    submission_number integer NOT NULL,
    submission_text text NOT NULL,
    submission_file character varying(100),
    status character varying(20) NOT NULL,
    score integer,
    feedback text NOT NULL,
    submitted_at timestamp with time zone NOT NULL,
    reviewed_at timestamp with time zone,
    assignment_id bigint NOT NULL,
    reviewed_by_id bigint,
    user_id bigint NOT NULL,
    CONSTRAINT assignments_assignmentsubmission_score_check CHECK ((score >= 0)),
    CONSTRAINT assignments_assignmentsubmission_submission_number_check CHECK ((submission_number >= 0))
);


ALTER TABLE public.assignments_assignmentsubmission OWNER TO postgresuser;

--
-- Name: assignments_assignmentsubmission_id_seq; Type: SEQUENCE; Schema: public; Owner: postgresuser
--

ALTER TABLE public.assignments_assignmentsubmission ALTER COLUMN id ADD GENERATED BY DEFAULT AS IDENTITY (
    SEQUENCE NAME public.assignments_assignmentsubmission_id_seq
    START WITH 1
    INCREMENT BY 1
    NO MINVALUE
    NO MAXVALUE
    CACHE 1
);


--
-- Name: auth_group; Type: TABLE; Schema: public; Owner: postgresuser
--

CREATE TABLE public.auth_group (
    id integer NOT NULL,
    name character varying(150) NOT NULL
);


ALTER TABLE public.auth_group OWNER TO postgresuser;

--
-- Name: auth_group_id_seq; Type: SEQUENCE; Schema: public; Owner: postgresuser
--

ALTER TABLE public.auth_group ALTER COLUMN id ADD GENERATED BY DEFAULT AS IDENTITY (
    SEQUENCE NAME public.auth_group_id_seq
    START WITH 1
    INCREMENT BY 1
    NO MINVALUE
    NO MAXVALUE
    CACHE 1
);


--
-- Name: auth_group_permissions; Type: TABLE; Schema: public; Owner: postgresuser
--

CREATE TABLE public.auth_group_permissions (
    id bigint NOT NULL,
    group_id integer NOT NULL,
    permission_id integer NOT NULL
);


ALTER TABLE public.auth_group_permissions OWNER TO postgresuser;

--
-- Name: auth_group_permissions_id_seq; Type: SEQUENCE; Schema: public; Owner: postgresuser
--

ALTER TABLE public.auth_group_permissions ALTER COLUMN id ADD GENERATED BY DEFAULT AS IDENTITY (
    SEQUENCE NAME public.auth_group_permissions_id_seq
    START WITH 1
    INCREMENT BY 1
    NO MINVALUE
    NO MAXVALUE
    CACHE 1
);


--
-- Name: auth_permission; Type: TABLE; Schema: public; Owner: postgresuser
--

CREATE TABLE public.auth_permission (
    id integer NOT NULL,
    name character varying(255) NOT NULL,
    content_type_id integer NOT NULL,
    codename character varying(100) NOT NULL
);


ALTER TABLE public.auth_permission OWNER TO postgresuser;

--
-- Name: auth_permission_id_seq; Type: SEQUENCE; Schema: public; Owner: postgresuser
--

ALTER TABLE public.auth_permission ALTER COLUMN id ADD GENERATED BY DEFAULT AS IDENTITY (
    SEQUENCE NAME public.auth_permission_id_seq
    START WITH 1
    INCREMENT BY 1
    NO MINVALUE
    NO MAXVALUE
    CACHE 1
);


--
-- Name: content_course; Type: TABLE; Schema: public; Owner: postgresuser
--

CREATE TABLE public.content_course (
    id bigint NOT NULL,
    title character varying(255) NOT NULL,
    label character varying(100) NOT NULL,
    duration character varying(100) NOT NULL,
    description text NOT NULL,
    is_active boolean NOT NULL,
    created_at timestamp with time zone NOT NULL,
    updated_at timestamp with time zone NOT NULL,
    created_by_id bigint
);


ALTER TABLE public.content_course OWNER TO postgresuser;

--
-- Name: content_course_id_seq; Type: SEQUENCE; Schema: public; Owner: postgresuser
--

ALTER TABLE public.content_course ALTER COLUMN id ADD GENERATED BY DEFAULT AS IDENTITY (
    SEQUENCE NAME public.content_course_id_seq
    START WITH 1
    INCREMENT BY 1
    NO MINVALUE
    NO MAXVALUE
    CACHE 1
);


--
-- Name: content_lesson; Type: TABLE; Schema: public; Owner: postgresuser
--

CREATE TABLE public.content_lesson (
    id bigint NOT NULL,
    lesson_type character varying(20) NOT NULL,
    title character varying(255) NOT NULL,
    description text NOT NULL,
    "order" integer NOT NULL,
    access_delay_hours integer NOT NULL,
    requires_previous_completion boolean NOT NULL,
    created_at timestamp with time zone NOT NULL,
    updated_at timestamp with time zone NOT NULL,
    module_id bigint NOT NULL,
    CONSTRAINT content_lesson_access_delay_hours_check CHECK ((access_delay_hours >= 0)),
    CONSTRAINT content_lesson_order_check CHECK (("order" >= 0))
);


ALTER TABLE public.content_lesson OWNER TO postgresuser;

--
-- Name: content_lesson_id_seq; Type: SEQUENCE; Schema: public; Owner: postgresuser
--

ALTER TABLE public.content_lesson ALTER COLUMN id ADD GENERATED BY DEFAULT AS IDENTITY (
    SEQUENCE NAME public.content_lesson_id_seq
    START WITH 1
    INCREMENT BY 1
    NO MINVALUE
    NO MAXVALUE
    CACHE 1
);


--
-- Name: content_lessonmaterial; Type: TABLE; Schema: public; Owner: postgresuser
--

CREATE TABLE public.content_lessonmaterial (
    id bigint NOT NULL,
    title character varying(255) NOT NULL,
    description text NOT NULL,
    file character varying(100),
    url character varying(200) NOT NULL,
    "order" integer NOT NULL,
    created_at timestamp with time zone NOT NULL,
    lesson_id bigint NOT NULL,
    CONSTRAINT content_lessonmaterial_order_check CHECK (("order" >= 0))
);


ALTER TABLE public.content_lessonmaterial OWNER TO postgresuser;

--
-- Name: content_lessonmaterial_id_seq; Type: SEQUENCE; Schema: public; Owner: postgresuser
--

ALTER TABLE public.content_lessonmaterial ALTER COLUMN id ADD GENERATED BY DEFAULT AS IDENTITY (
    SEQUENCE NAME public.content_lessonmaterial_id_seq
    START WITH 1
    INCREMENT BY 1
    NO MINVALUE
    NO MAXVALUE
    CACHE 1
);


--
-- Name: content_module; Type: TABLE; Schema: public; Owner: postgresuser
--

CREATE TABLE public.content_module (
    id bigint NOT NULL,
    title character varying(255) NOT NULL,
    description text NOT NULL,
    "order" integer NOT NULL,
    requires_previous_module boolean NOT NULL,
    created_at timestamp with time zone NOT NULL,
    updated_at timestamp with time zone NOT NULL,
    course_id bigint NOT NULL,
    CONSTRAINT content_module_order_check CHECK (("order" >= 0))
);


ALTER TABLE public.content_module OWNER TO postgresuser;

--
-- Name: content_module_id_seq; Type: SEQUENCE; Schema: public; Owner: postgresuser
--

ALTER TABLE public.content_module ALTER COLUMN id ADD GENERATED BY DEFAULT AS IDENTITY (
    SEQUENCE NAME public.content_module_id_seq
    START WITH 1
    INCREMENT BY 1
    NO MINVALUE
    NO MAXVALUE
    CACHE 1
);


--
-- Name: content_textlesson; Type: TABLE; Schema: public; Owner: postgresuser
--

CREATE TABLE public.content_textlesson (
    id bigint NOT NULL,
    content text NOT NULL,
    estimated_reading_time integer NOT NULL,
    lesson_id bigint NOT NULL,
    CONSTRAINT content_textlesson_estimated_reading_time_check CHECK ((estimated_reading_time >= 0))
);


ALTER TABLE public.content_textlesson OWNER TO postgresuser;

--
-- Name: content_textlesson_id_seq; Type: SEQUENCE; Schema: public; Owner: postgresuser
--

ALTER TABLE public.content_textlesson ALTER COLUMN id ADD GENERATED BY DEFAULT AS IDENTITY (
    SEQUENCE NAME public.content_textlesson_id_seq
    START WITH 1
    INCREMENT BY 1
    NO MINVALUE
    NO MAXVALUE
    CACHE 1
);


--
-- Name: content_videolesson; Type: TABLE; Schema: public; Owner: postgresuser
--

CREATE TABLE public.content_videolesson (
    id bigint NOT NULL,
    vimeo_video_id character varying(100) NOT NULL,
    video_duration integer NOT NULL,
    completion_threshold integer NOT NULL,
    timecodes jsonb NOT NULL,
    lesson_id bigint NOT NULL,
    CONSTRAINT content_videolesson_completion_threshold_check CHECK ((completion_threshold >= 0)),
    CONSTRAINT content_videolesson_video_duration_check CHECK ((video_duration >= 0))
);


ALTER TABLE public.content_videolesson OWNER TO postgresuser;

--
-- Name: content_videolesson_id_seq; Type: SEQUENCE; Schema: public; Owner: postgresuser
--

ALTER TABLE public.content_videolesson ALTER COLUMN id ADD GENERATED BY DEFAULT AS IDENTITY (
    SEQUENCE NAME public.content_videolesson_id_seq
    START WITH 1
    INCREMENT BY 1
    NO MINVALUE
    NO MAXVALUE
    CACHE 1
);


--
-- Name: courses; Type: TABLE; Schema: public; Owner: postgresuser
--

CREATE TABLE public.courses (
    id bigint NOT NULL,
    title character varying(255) NOT NULL,
    description text NOT NULL,
    is_active boolean NOT NULL,
    created_at timestamp with time zone NOT NULL,
    updated_at timestamp with time zone NOT NULL,
    created_by_id bigint,
    duration numeric(5,2),
    label character varying(50) NOT NULL
);


ALTER TABLE public.courses OWNER TO postgresuser;

--
-- Name: courses_id_seq; Type: SEQUENCE; Schema: public; Owner: postgresuser
--

ALTER TABLE public.courses ALTER COLUMN id ADD GENERATED BY DEFAULT AS IDENTITY (
    SEQUENCE NAME public.courses_id_seq
    START WITH 1
    INCREMENT BY 1
    NO MINVALUE
    NO MAXVALUE
    CACHE 1
);


--
-- Name: django_admin_log; Type: TABLE; Schema: public; Owner: postgresuser
--

CREATE TABLE public.django_admin_log (
    id integer NOT NULL,
    action_time timestamp with time zone NOT NULL,
    object_id text,
    object_repr character varying(200) NOT NULL,
    action_flag smallint NOT NULL,
    change_message text NOT NULL,
    content_type_id integer,
    user_id bigint NOT NULL,
    CONSTRAINT django_admin_log_action_flag_check CHECK ((action_flag >= 0))
);


ALTER TABLE public.django_admin_log OWNER TO postgresuser;

--
-- Name: django_admin_log_id_seq; Type: SEQUENCE; Schema: public; Owner: postgresuser
--

ALTER TABLE public.django_admin_log ALTER COLUMN id ADD GENERATED BY DEFAULT AS IDENTITY (
    SEQUENCE NAME public.django_admin_log_id_seq
    START WITH 1
    INCREMENT BY 1
    NO MINVALUE
    NO MAXVALUE
    CACHE 1
);


--
-- Name: django_content_type; Type: TABLE; Schema: public; Owner: postgresuser
--

CREATE TABLE public.django_content_type (
    id integer NOT NULL,
    app_label character varying(100) NOT NULL,
    model character varying(100) NOT NULL
);


ALTER TABLE public.django_content_type OWNER TO postgresuser;

--
-- Name: django_content_type_id_seq; Type: SEQUENCE; Schema: public; Owner: postgresuser
--

ALTER TABLE public.django_content_type ALTER COLUMN id ADD GENERATED BY DEFAULT AS IDENTITY (
    SEQUENCE NAME public.django_content_type_id_seq
    START WITH 1
    INCREMENT BY 1
    NO MINVALUE
    NO MAXVALUE
    CACHE 1
);


--
-- Name: django_migrations; Type: TABLE; Schema: public; Owner: postgresuser
--

CREATE TABLE public.django_migrations (
    id bigint NOT NULL,
    app character varying(255) NOT NULL,
    name character varying(255) NOT NULL,
    applied timestamp with time zone NOT NULL
);


ALTER TABLE public.django_migrations OWNER TO postgresuser;

--
-- Name: django_migrations_id_seq; Type: SEQUENCE; Schema: public; Owner: postgresuser
--

ALTER TABLE public.django_migrations ALTER COLUMN id ADD GENERATED BY DEFAULT AS IDENTITY (
    SEQUENCE NAME public.django_migrations_id_seq
    START WITH 1
    INCREMENT BY 1
    NO MINVALUE
    NO MAXVALUE
    CACHE 1
);


--
-- Name: django_session; Type: TABLE; Schema: public; Owner: postgresuser
--

CREATE TABLE public.django_session (
    session_key character varying(40) NOT NULL,
    session_data text NOT NULL,
    expire_date timestamp with time zone NOT NULL
);


ALTER TABLE public.django_session OWNER TO postgresuser;

--
-- Name: email_verification_tokens; Type: TABLE; Schema: public; Owner: postgresuser
--

CREATE TABLE public.email_verification_tokens (
    id bigint NOT NULL,
    token uuid NOT NULL,
    created_at timestamp with time zone NOT NULL,
    expires_at timestamp with time zone NOT NULL,
    is_used boolean NOT NULL,
    user_id bigint NOT NULL
);


ALTER TABLE public.email_verification_tokens OWNER TO postgresuser;

--
-- Name: email_verification_tokens_id_seq; Type: SEQUENCE; Schema: public; Owner: postgresuser
--

ALTER TABLE public.email_verification_tokens ALTER COLUMN id ADD GENERATED BY DEFAULT AS IDENTITY (
    SEQUENCE NAME public.email_verification_tokens_id_seq
    START WITH 1
    INCREMENT BY 1
    NO MINVALUE
    NO MAXVALUE
    CACHE 1
);


--
-- Name: graduates_graduate; Type: TABLE; Schema: public; Owner: postgresuser
--

CREATE TABLE public.graduates_graduate (
    id bigint NOT NULL,
    graduated_at timestamp with time zone,
    final_score numeric(5,2) NOT NULL,
    total_lessons_completed integer NOT NULL,
    average_quiz_score numeric(5,2) NOT NULL,
    total_study_days integer NOT NULL,
    certificate_number character varying(50),
    certificate_file character varying(100),
    certificate_issued_at timestamp with time zone,
    notes text NOT NULL,
    course_id bigint NOT NULL,
    group_id bigint,
    user_id bigint NOT NULL,
    completed_at timestamp with time zone NOT NULL,
    completion_details jsonb NOT NULL,
    graduated_by_id bigint,
    status character varying(20) NOT NULL,
    CONSTRAINT graduates_graduate_total_lessons_completed_check CHECK ((total_lessons_completed >= 0)),
    CONSTRAINT graduates_graduate_total_study_days_check CHECK ((total_study_days >= 0))
);


ALTER TABLE public.graduates_graduate OWNER TO postgresuser;

--
-- Name: graduates_graduate_id_seq; Type: SEQUENCE; Schema: public; Owner: postgresuser
--

ALTER TABLE public.graduates_graduate ALTER COLUMN id ADD GENERATED BY DEFAULT AS IDENTITY (
    SEQUENCE NAME public.graduates_graduate_id_seq
    START WITH 1
    INCREMENT BY 1
    NO MINVALUE
    NO MAXVALUE
    CACHE 1
);


--
-- Name: groups_group; Type: TABLE; Schema: public; Owner: postgresuser
--

CREATE TABLE public.groups_group (
    id bigint NOT NULL,
    name character varying(255) NOT NULL,
    description text NOT NULL,
    is_default boolean NOT NULL,
    max_students integer NOT NULL,
    is_active boolean NOT NULL,
    created_at timestamp with time zone NOT NULL,
    updated_at timestamp with time zone NOT NULL,
    course_id bigint NOT NULL,
    deadline_days integer NOT NULL,
    is_paid boolean NOT NULL,
    referral_token uuid NOT NULL,
    deadline_date timestamp with time zone,
    deadline_type character varying(20) NOT NULL,
    CONSTRAINT groups_group_deadline_days_check CHECK ((deadline_days >= 0)),
    CONSTRAINT groups_group_max_students_check CHECK ((max_students >= 0))
);


ALTER TABLE public.groups_group OWNER TO postgresuser;

--
-- Name: groups_group_id_seq; Type: SEQUENCE; Schema: public; Owner: postgresuser
--

ALTER TABLE public.groups_group ALTER COLUMN id ADD GENERATED BY DEFAULT AS IDENTITY (
    SEQUENCE NAME public.groups_group_id_seq
    START WITH 1
    INCREMENT BY 1
    NO MINVALUE
    NO MAXVALUE
    CACHE 1
);


--
-- Name: groups_groupinstructor; Type: TABLE; Schema: public; Owner: postgresuser
--

CREATE TABLE public.groups_groupinstructor (
    id bigint NOT NULL,
    is_active boolean NOT NULL,
    can_grade boolean NOT NULL,
    can_view_progress boolean NOT NULL,
    assigned_at timestamp with time zone NOT NULL,
    group_id bigint NOT NULL,
    instructor_id bigint NOT NULL
);


ALTER TABLE public.groups_groupinstructor OWNER TO postgresuser;

--
-- Name: groups_groupinstructor_id_seq; Type: SEQUENCE; Schema: public; Owner: postgresuser
--

ALTER TABLE public.groups_groupinstructor ALTER COLUMN id ADD GENERATED BY DEFAULT AS IDENTITY (
    SEQUENCE NAME public.groups_groupinstructor_id_seq
    START WITH 1
    INCREMENT BY 1
    NO MINVALUE
    NO MAXVALUE
    CACHE 1
);


--
-- Name: groups_groupmembership; Type: TABLE; Schema: public; Owner: postgresuser
--

CREATE TABLE public.groups_groupmembership (
    id bigint NOT NULL,
    is_active boolean NOT NULL,
    joined_at timestamp with time zone NOT NULL,
    left_at timestamp with time zone,
    group_id bigint NOT NULL,
    user_id bigint NOT NULL,
    enrolled_via_referral boolean NOT NULL,
    personal_deadline_at timestamp with time zone
);


ALTER TABLE public.groups_groupmembership OWNER TO postgresuser;

--
-- Name: groups_groupmembership_id_seq; Type: SEQUENCE; Schema: public; Owner: postgresuser
--

ALTER TABLE public.groups_groupmembership ALTER COLUMN id ADD GENERATED BY DEFAULT AS IDENTITY (
    SEQUENCE NAME public.groups_groupmembership_id_seq
    START WITH 1
    INCREMENT BY 1
    NO MINVALUE
    NO MAXVALUE
    CACHE 1
);


--
-- Name: invitations_invitation; Type: TABLE; Schema: public; Owner: postgresuser
--

CREATE TABLE public.invitations_invitation (
    id bigint NOT NULL,
    email character varying(254) NOT NULL,
    first_name character varying(150) NOT NULL,
    last_name character varying(150) NOT NULL,
    middle_name character varying(150),
    iin character varying(12) NOT NULL,
    phone character varying(20),
    token uuid NOT NULL,
    status character varying(20) NOT NULL,
    delivery_error text NOT NULL,
    send_attempts integer NOT NULL,
    created_at timestamp with time zone NOT NULL,
    sent_at timestamp with time zone,
    accepted_at timestamp with time zone,
    expires_at timestamp with time zone NOT NULL,
    created_user_id bigint,
    group_id bigint NOT NULL,
    invited_by_id bigint,
    CONSTRAINT invitations_invitation_send_attempts_check CHECK ((send_attempts >= 0))
);


ALTER TABLE public.invitations_invitation OWNER TO postgresuser;

--
-- Name: invitations_invitation_id_seq; Type: SEQUENCE; Schema: public; Owner: postgresuser
--

ALTER TABLE public.invitations_invitation ALTER COLUMN id ADD GENERATED BY DEFAULT AS IDENTITY (
    SEQUENCE NAME public.invitations_invitation_id_seq
    START WITH 1
    INCREMENT BY 1
    NO MINVALUE
    NO MAXVALUE
    CACHE 1
);


--
-- Name: notifications_emaillog; Type: TABLE; Schema: public; Owner: postgresuser
--

CREATE TABLE public.notifications_emaillog (
    id bigint NOT NULL,
    recipient character varying(254) NOT NULL,
    email_type character varying(50) NOT NULL,
    subject character varying(255) NOT NULL,
    status character varying(20) NOT NULL,
    error_message text NOT NULL,
    sendpulse_response jsonb,
    created_at timestamp with time zone NOT NULL,
    sent_at timestamp with time zone,
    user_id bigint
);


ALTER TABLE public.notifications_emaillog OWNER TO postgresuser;

--
-- Name: notifications_emaillog_id_seq; Type: SEQUENCE; Schema: public; Owner: postgresuser
--

ALTER TABLE public.notifications_emaillog ALTER COLUMN id ADD GENERATED BY DEFAULT AS IDENTITY (
    SEQUENCE NAME public.notifications_emaillog_id_seq
    START WITH 1
    INCREMENT BY 1
    NO MINVALUE
    NO MAXVALUE
    CACHE 1
);


--
-- Name: password_reset_tokens; Type: TABLE; Schema: public; Owner: postgresuser
--

CREATE TABLE public.password_reset_tokens (
    id bigint NOT NULL,
    token uuid NOT NULL,
    created_at timestamp with time zone NOT NULL,
    expires_at timestamp with time zone NOT NULL,
    is_used boolean NOT NULL,
    user_id bigint NOT NULL
);


ALTER TABLE public.password_reset_tokens OWNER TO postgresuser;

--
-- Name: password_reset_tokens_id_seq; Type: SEQUENCE; Schema: public; Owner: postgresuser
--

ALTER TABLE public.password_reset_tokens ALTER COLUMN id ADD GENERATED BY DEFAULT AS IDENTITY (
    SEQUENCE NAME public.password_reset_tokens_id_seq
    START WITH 1
    INCREMENT BY 1
    NO MINVALUE
    NO MAXVALUE
    CACHE 1
);


--
-- Name: progress_courseenrollment; Type: TABLE; Schema: public; Owner: postgresuser
--

CREATE TABLE public.progress_courseenrollment (
    id bigint NOT NULL,
    enrolled_at timestamp with time zone NOT NULL,
    progress_percentage numeric(5,2) NOT NULL,
    completed_lessons_count integer NOT NULL,
    last_activity_at timestamp with time zone,
    is_active boolean NOT NULL,
    course_id bigint NOT NULL,
    group_id bigint,
    user_id bigint NOT NULL,
    CONSTRAINT progress_courseenrollment_completed_lessons_count_check CHECK ((completed_lessons_count >= 0))
);


ALTER TABLE public.progress_courseenrollment OWNER TO postgresuser;

--
-- Name: progress_courseenrollment_id_seq; Type: SEQUENCE; Schema: public; Owner: postgresuser
--

ALTER TABLE public.progress_courseenrollment ALTER COLUMN id ADD GENERATED BY DEFAULT AS IDENTITY (
    SEQUENCE NAME public.progress_courseenrollment_id_seq
    START WITH 1
    INCREMENT BY 1
    NO MINVALUE
    NO MAXVALUE
    CACHE 1
);


--
-- Name: progress_lessonprogress; Type: TABLE; Schema: public; Owner: postgresuser
--

CREATE TABLE public.progress_lessonprogress (
    id bigint NOT NULL,
    is_completed boolean NOT NULL,
    started_at timestamp with time zone,
    completed_at timestamp with time zone,
    available_at timestamp with time zone,
    completion_data jsonb NOT NULL,
    lesson_id bigint NOT NULL,
    user_id bigint NOT NULL
);


ALTER TABLE public.progress_lessonprogress OWNER TO postgresuser;

--
-- Name: progress_lessonprogress_id_seq; Type: SEQUENCE; Schema: public; Owner: postgresuser
--

ALTER TABLE public.progress_lessonprogress ALTER COLUMN id ADD GENERATED BY DEFAULT AS IDENTITY (
    SEQUENCE NAME public.progress_lessonprogress_id_seq
    START WITH 1
    INCREMENT BY 1
    NO MINVALUE
    NO MAXVALUE
    CACHE 1
);


--
-- Name: progress_videoprogress; Type: TABLE; Schema: public; Owner: postgresuser
--

CREATE TABLE public.progress_videoprogress (
    id bigint NOT NULL,
    watch_percentage numeric(5,2) NOT NULL,
    last_watched_at timestamp with time zone NOT NULL,
    user_id bigint NOT NULL,
    video_lesson_id bigint NOT NULL,
    started_at timestamp with time zone
);


ALTER TABLE public.progress_videoprogress OWNER TO postgresuser;

--
-- Name: progress_videoprogress_id_seq; Type: SEQUENCE; Schema: public; Owner: postgresuser
--

ALTER TABLE public.progress_videoprogress ALTER COLUMN id ADD GENERATED BY DEFAULT AS IDENTITY (
    SEQUENCE NAME public.progress_videoprogress_id_seq
    START WITH 1
    INCREMENT BY 1
    NO MINVALUE
    NO MAXVALUE
    CACHE 1
);


--
-- Name: quiz_responses_selected_answers; Type: TABLE; Schema: public; Owner: postgresuser
--

CREATE TABLE public.quiz_responses_selected_answers (
    id bigint NOT NULL,
    quizresponse_id bigint NOT NULL,
    quizanswer_id bigint NOT NULL
);


ALTER TABLE public.quiz_responses_selected_answers OWNER TO postgresuser;

--
-- Name: quiz_responses_selected_answers_id_seq; Type: SEQUENCE; Schema: public; Owner: postgresuser
--

ALTER TABLE public.quiz_responses_selected_answers ALTER COLUMN id ADD GENERATED BY DEFAULT AS IDENTITY (
    SEQUENCE NAME public.quiz_responses_selected_answers_id_seq
    START WITH 1
    INCREMENT BY 1
    NO MINVALUE
    NO MAXVALUE
    CACHE 1
);


--
-- Name: quizzes_quizanswer; Type: TABLE; Schema: public; Owner: postgresuser
--

CREATE TABLE public.quizzes_quizanswer (
    id bigint NOT NULL,
    answer_text text NOT NULL,
    is_correct boolean NOT NULL,
    "order" integer NOT NULL,
    question_id bigint NOT NULL,
    CONSTRAINT quizzes_quizanswer_order_check CHECK (("order" >= 0))
);


ALTER TABLE public.quizzes_quizanswer OWNER TO postgresuser;

--
-- Name: quizzes_quizanswer_id_seq; Type: SEQUENCE; Schema: public; Owner: postgresuser
--

ALTER TABLE public.quizzes_quizanswer ALTER COLUMN id ADD GENERATED BY DEFAULT AS IDENTITY (
    SEQUENCE NAME public.quizzes_quizanswer_id_seq
    START WITH 1
    INCREMENT BY 1
    NO MINVALUE
    NO MAXVALUE
    CACHE 1
);


--
-- Name: quizzes_quizattempt; Type: TABLE; Schema: public; Owner: postgresuser
--

CREATE TABLE public.quizzes_quizattempt (
    id bigint NOT NULL,
    attempt_number integer NOT NULL,
    status character varying(20) NOT NULL,
    score_percentage numeric(5,2),
    started_at timestamp with time zone NOT NULL,
    completed_at timestamp with time zone,
    user_id bigint NOT NULL,
    quiz_id bigint NOT NULL,
    CONSTRAINT quizzes_quizattempt_attempt_number_check CHECK ((attempt_number >= 0))
);


ALTER TABLE public.quizzes_quizattempt OWNER TO postgresuser;

--
-- Name: quizzes_quizattempt_id_seq; Type: SEQUENCE; Schema: public; Owner: postgresuser
--

ALTER TABLE public.quizzes_quizattempt ALTER COLUMN id ADD GENERATED BY DEFAULT AS IDENTITY (
    SEQUENCE NAME public.quizzes_quizattempt_id_seq
    START WITH 1
    INCREMENT BY 1
    NO MINVALUE
    NO MAXVALUE
    CACHE 1
);


--
-- Name: quizzes_quizlesson; Type: TABLE; Schema: public; Owner: postgresuser
--

CREATE TABLE public.quizzes_quizlesson (
    id bigint NOT NULL,
    passing_score integer NOT NULL,
    max_attempts integer NOT NULL,
    retry_delay_hours integer NOT NULL,
    time_limit_minutes integer NOT NULL,
    show_correct_answers boolean NOT NULL,
    shuffle_questions boolean NOT NULL,
    shuffle_answers boolean NOT NULL,
    lesson_id bigint NOT NULL,
    CONSTRAINT quizzes_quizlesson_max_attempts_check CHECK ((max_attempts >= 0)),
    CONSTRAINT quizzes_quizlesson_passing_score_check CHECK ((passing_score >= 0)),
    CONSTRAINT quizzes_quizlesson_retry_delay_hours_check CHECK ((retry_delay_hours >= 0)),
    CONSTRAINT quizzes_quizlesson_time_limit_minutes_check CHECK ((time_limit_minutes >= 0))
);


ALTER TABLE public.quizzes_quizlesson OWNER TO postgresuser;

--
-- Name: quizzes_quizlesson_id_seq; Type: SEQUENCE; Schema: public; Owner: postgresuser
--

ALTER TABLE public.quizzes_quizlesson ALTER COLUMN id ADD GENERATED BY DEFAULT AS IDENTITY (
    SEQUENCE NAME public.quizzes_quizlesson_id_seq
    START WITH 1
    INCREMENT BY 1
    NO MINVALUE
    NO MAXVALUE
    CACHE 1
);


--
-- Name: quizzes_quizquestion; Type: TABLE; Schema: public; Owner: postgresuser
--

CREATE TABLE public.quizzes_quizquestion (
    id bigint NOT NULL,
    question_type character varying(20) NOT NULL,
    question_text text NOT NULL,
    explanation text NOT NULL,
    points integer NOT NULL,
    "order" integer NOT NULL,
    created_at timestamp with time zone NOT NULL,
    updated_at timestamp with time zone NOT NULL,
    quiz_id bigint NOT NULL,
    CONSTRAINT quizzes_quizquestion_order_check CHECK (("order" >= 0)),
    CONSTRAINT quizzes_quizquestion_points_check CHECK ((points >= 0))
);


ALTER TABLE public.quizzes_quizquestion OWNER TO postgresuser;

--
-- Name: quizzes_quizquestion_id_seq; Type: SEQUENCE; Schema: public; Owner: postgresuser
--

ALTER TABLE public.quizzes_quizquestion ALTER COLUMN id ADD GENERATED BY DEFAULT AS IDENTITY (
    SEQUENCE NAME public.quizzes_quizquestion_id_seq
    START WITH 1
    INCREMENT BY 1
    NO MINVALUE
    NO MAXVALUE
    CACHE 1
);


--
-- Name: quizzes_quizresponse; Type: TABLE; Schema: public; Owner: postgresuser
--

CREATE TABLE public.quizzes_quizresponse (
    id bigint NOT NULL,
    is_correct boolean NOT NULL,
    points_earned integer NOT NULL,
    answered_at timestamp with time zone NOT NULL,
    attempt_id bigint NOT NULL,
    question_id bigint NOT NULL,
    CONSTRAINT quizzes_quizresponse_points_earned_check CHECK ((points_earned >= 0))
);


ALTER TABLE public.quizzes_quizresponse OWNER TO postgresuser;

--
-- Name: quizzes_quizresponse_id_seq; Type: SEQUENCE; Schema: public; Owner: postgresuser
--

ALTER TABLE public.quizzes_quizresponse ALTER COLUMN id ADD GENERATED BY DEFAULT AS IDENTITY (
    SEQUENCE NAME public.quizzes_quizresponse_id_seq
    START WITH 1
    INCREMENT BY 1
    NO MINVALUE
    NO MAXVALUE
    CACHE 1
);


--
-- Name: quizzes_quizresponse_selected_answers; Type: TABLE; Schema: public; Owner: postgresuser
--

CREATE TABLE public.quizzes_quizresponse_selected_answers (
    id bigint NOT NULL,
    quizresponse_id bigint NOT NULL,
    quizanswer_id bigint NOT NULL
);


ALTER TABLE public.quizzes_quizresponse_selected_answers OWNER TO postgresuser;

--
-- Name: quizzes_quizresponse_selected_answers_id_seq; Type: SEQUENCE; Schema: public; Owner: postgresuser
--

ALTER TABLE public.quizzes_quizresponse_selected_answers ALTER COLUMN id ADD GENERATED BY DEFAULT AS IDENTITY (
    SEQUENCE NAME public.quizzes_quizresponse_selected_answers_id_seq
    START WITH 1
    INCREMENT BY 1
    NO MINVALUE
    NO MAXVALUE
    CACHE 1
);


--
-- Name: users; Type: TABLE; Schema: public; Owner: postgresuser
--

CREATE TABLE public.users (
    id bigint NOT NULL,
    password character varying(128) NOT NULL,
    is_superuser boolean NOT NULL,
    email character varying(254) NOT NULL,
    iin character varying(12) NOT NULL,
    first_name character varying(150) NOT NULL,
    last_name character varying(150) NOT NULL,
    middle_name character varying(150),
    phone character varying(20),
    is_active boolean NOT NULL,
    is_staff boolean NOT NULL,
    is_verified boolean NOT NULL,
    date_joined timestamp with time zone NOT NULL,
    last_login timestamp with time zone
);


ALTER TABLE public.users OWNER TO postgresuser;

--
-- Name: users_groups; Type: TABLE; Schema: public; Owner: postgresuser
--

CREATE TABLE public.users_groups (
    id bigint NOT NULL,
    user_id bigint NOT NULL,
    group_id integer NOT NULL
);


ALTER TABLE public.users_groups OWNER TO postgresuser;

--
-- Name: users_groups_id_seq; Type: SEQUENCE; Schema: public; Owner: postgresuser
--

ALTER TABLE public.users_groups ALTER COLUMN id ADD GENERATED BY DEFAULT AS IDENTITY (
    SEQUENCE NAME public.users_groups_id_seq
    START WITH 1
    INCREMENT BY 1
    NO MINVALUE
    NO MAXVALUE
    CACHE 1
);


--
-- Name: users_id_seq; Type: SEQUENCE; Schema: public; Owner: postgresuser
--

ALTER TABLE public.users ALTER COLUMN id ADD GENERATED BY DEFAULT AS IDENTITY (
    SEQUENCE NAME public.users_id_seq
    START WITH 1
    INCREMENT BY 1
    NO MINVALUE
    NO MAXVALUE
    CACHE 1
);


--
-- Name: users_user_permissions; Type: TABLE; Schema: public; Owner: postgresuser
--

CREATE TABLE public.users_user_permissions (
    id bigint NOT NULL,
    user_id bigint NOT NULL,
    permission_id integer NOT NULL
);


ALTER TABLE public.users_user_permissions OWNER TO postgresuser;

--
-- Name: users_user_permissions_id_seq; Type: SEQUENCE; Schema: public; Owner: postgresuser
--

ALTER TABLE public.users_user_permissions ALTER COLUMN id ADD GENERATED BY DEFAULT AS IDENTITY (
    SEQUENCE NAME public.users_user_permissions_id_seq
    START WITH 1
    INCREMENT BY 1
    NO MINVALUE
    NO MAXVALUE
    CACHE 1
);


--
-- Data for Name: assignments_assignmentcomment; Type: TABLE DATA; Schema: public; Owner: postgresuser
--

COPY public.assignments_assignmentcomment (id, message, is_instructor, is_read, created_at, author_id, submission_id) FROM stdin;
\.


--
-- Data for Name: assignments_assignmentlesson; Type: TABLE DATA; Schema: public; Owner: postgresuser
--

COPY public.assignments_assignmentlesson (id, instructions, require_text, require_file, max_score, deadline_days, allow_late_submission, allow_resubmission, lesson_id) FROM stdin;
2	dasdsa	t	f	100	7	t	t	4
\.


--
-- Data for Name: assignments_assignmentsubmission; Type: TABLE DATA; Schema: public; Owner: postgresuser
--

COPY public.assignments_assignmentsubmission (id, submission_number, submission_text, submission_file, status, score, feedback, submitted_at, reviewed_at, assignment_id, reviewed_by_id, user_id) FROM stdin;
\.


--
-- Data for Name: auth_group; Type: TABLE DATA; Schema: public; Owner: postgresuser
--

COPY public.auth_group (id, name) FROM stdin;
\.


--
-- Data for Name: auth_group_permissions; Type: TABLE DATA; Schema: public; Owner: postgresuser
--

COPY public.auth_group_permissions (id, group_id, permission_id) FROM stdin;
\.


--
-- Data for Name: auth_permission; Type: TABLE DATA; Schema: public; Owner: postgresuser
--

COPY public.auth_permission (id, name, content_type_id, codename) FROM stdin;
1	Can add log entry	1	add_logentry
2	Can change log entry	1	change_logentry
3	Can delete log entry	1	delete_logentry
4	Can view log entry	1	view_logentry
5	Can add permission	2	add_permission
6	Can change permission	2	change_permission
7	Can delete permission	2	delete_permission
8	Can view permission	2	view_permission
9	Can add group	3	add_group
10	Can change group	3	change_group
11	Can delete group	3	delete_group
12	Can view group	3	view_group
13	Can add content type	4	add_contenttype
14	Can change content type	4	change_contenttype
15	Can delete content type	4	delete_contenttype
16	Can view content type	4	view_contenttype
17	Can add session	5	add_session
18	Can change session	5	change_session
19	Can delete session	5	delete_session
20	Can view session	5	view_session
21	Can add Пользователь	6	add_user
22	Can change Пользователь	6	change_user
23	Can delete Пользователь	6	delete_user
24	Can view Пользователь	6	view_user
25	Can add Токен подтверждения email	7	add_emailverificationtoken
26	Can change Токен подтверждения email	7	change_emailverificationtoken
27	Can delete Токен подтверждения email	7	delete_emailverificationtoken
28	Can view Токен подтверждения email	7	view_emailverificationtoken
29	Can add Токен сброса пароля	8	add_passwordresettoken
30	Can change Токен сброса пароля	8	change_passwordresettoken
31	Can delete Токен сброса пароля	8	delete_passwordresettoken
32	Can view Токен сброса пароля	8	view_passwordresettoken
33	Can add Курс	9	add_course
34	Can change Курс	9	change_course
35	Can delete Курс	9	delete_course
36	Can view Курс	9	view_course
37	Can add Урок	10	add_lesson
38	Can change Урок	10	change_lesson
39	Can delete Урок	10	delete_lesson
40	Can view Урок	10	view_lesson
41	Can add Запись на курс	11	add_courseenrollment
42	Can change Запись на курс	11	change_courseenrollment
43	Can delete Запись на курс	11	delete_courseenrollment
44	Can view Запись на курс	11	view_courseenrollment
45	Can add Прогресс по уроку	12	add_lessonprogress
46	Can change Прогресс по уроку	12	change_lessonprogress
47	Can delete Прогресс по уроку	12	delete_lessonprogress
48	Can view Прогресс по уроку	12	view_lessonprogress
49	Can add Материал урока	13	add_lessonmaterial
50	Can change Материал урока	13	change_lessonmaterial
51	Can delete Материал урока	13	delete_lessonmaterial
52	Can view Материал урока	13	view_lessonmaterial
53	Can add Лог отправки email	14	add_emaillog
54	Can change Лог отправки email	14	change_emaillog
55	Can delete Лог отправки email	14	delete_emaillog
56	Can view Лог отправки email	14	view_emaillog
57	Can add Домашнее задание	15	add_assignmentlesson
58	Can change Домашнее задание	15	change_assignmentlesson
59	Can delete Домашнее задание	15	delete_assignmentlesson
60	Can view Домашнее задание	15	view_assignmentlesson
61	Can add Сдача ДЗ	16	add_assignmentsubmission
62	Can change Сдача ДЗ	16	change_assignmentsubmission
63	Can delete Сдача ДЗ	16	delete_assignmentsubmission
64	Can view Сдача ДЗ	16	view_assignmentsubmission
65	Can add Комментарий к ДЗ	17	add_assignmentcomment
66	Can change Комментарий к ДЗ	17	change_assignmentcomment
67	Can delete Комментарий к ДЗ	17	delete_assignmentcomment
68	Can view Комментарий к ДЗ	17	view_assignmentcomment
69	Can add Тест	18	add_quizlesson
70	Can change Тест	18	change_quizlesson
71	Can delete Тест	18	delete_quizlesson
72	Can view Тест	18	view_quizlesson
73	Can add Попытка теста	19	add_quizattempt
74	Can change Попытка теста	19	change_quizattempt
75	Can delete Попытка теста	19	delete_quizattempt
76	Can view Попытка теста	19	view_quizattempt
77	Can add Вопрос теста	20	add_quizquestion
78	Can change Вопрос теста	20	change_quizquestion
79	Can delete Вопрос теста	20	delete_quizquestion
80	Can view Вопрос теста	20	view_quizquestion
81	Can add Вариант ответа	21	add_quizanswer
82	Can change Вариант ответа	21	change_quizanswer
83	Can delete Вариант ответа	21	delete_quizanswer
84	Can view Вариант ответа	21	view_quizanswer
85	Can add Ответ на вопрос	22	add_quizresponse
86	Can change Ответ на вопрос	22	change_quizresponse
87	Can delete Ответ на вопрос	22	delete_quizresponse
88	Can view Ответ на вопрос	22	view_quizresponse
89	Can add Текстовый урок	23	add_textlesson
90	Can change Текстовый урок	23	change_textlesson
91	Can delete Текстовый урок	23	delete_textlesson
92	Can view Текстовый урок	23	view_textlesson
93	Can add Видео урок	24	add_videolesson
94	Can change Видео урок	24	change_videolesson
95	Can delete Видео урок	24	delete_videolesson
96	Can view Видео урок	24	view_videolesson
97	Can add Прогресс видео	25	add_videoprogress
98	Can change Прогресс видео	25	change_videoprogress
99	Can delete Прогресс видео	25	delete_videoprogress
100	Can view Прогресс видео	25	view_videoprogress
101	Can add Модуль	26	add_module
102	Can change Модуль	26	change_module
103	Can delete Модуль	26	delete_module
104	Can view Модуль	26	view_module
105	Can add Группа	27	add_group
106	Can change Группа	27	change_group
107	Can delete Группа	27	delete_group
108	Can view Группа	27	view_group
109	Can add Инструктор группы	28	add_groupinstructor
110	Can change Инструктор группы	28	change_groupinstructor
111	Can delete Инструктор группы	28	delete_groupinstructor
112	Can view Инструктор группы	28	view_groupinstructor
113	Can add Участник группы	29	add_groupmembership
114	Can change Участник группы	29	change_groupmembership
115	Can delete Участник группы	29	delete_groupmembership
116	Can view Участник группы	29	view_groupmembership
117	Can add Приглашение	30	add_invitation
118	Can change Приглашение	30	change_invitation
119	Can delete Приглашение	30	delete_invitation
120	Can view Приглашение	30	view_invitation
121	Can add Урок	31	add_lesson
122	Can change Урок	31	change_lesson
123	Can delete Урок	31	delete_lesson
124	Can view Урок	31	view_lesson
125	Can add Курс	32	add_course
126	Can change Курс	32	change_course
127	Can delete Курс	32	delete_course
128	Can view Курс	32	view_course
129	Can add Материал к уроку	33	add_lessonmaterial
130	Can change Материал к уроку	33	change_lessonmaterial
131	Can delete Материал к уроку	33	delete_lessonmaterial
132	Can view Материал к уроку	33	view_lessonmaterial
133	Can add Модуль	34	add_module
134	Can change Модуль	34	change_module
135	Can delete Модуль	34	delete_module
136	Can view Модуль	34	view_module
137	Can add Текстовый урок	35	add_textlesson
138	Can change Текстовый урок	35	change_textlesson
139	Can delete Текстовый урок	35	delete_textlesson
140	Can view Текстовый урок	35	view_textlesson
141	Can add Видео-урок	36	add_videolesson
142	Can change Видео-урок	36	change_videolesson
143	Can delete Видео-урок	36	delete_videolesson
144	Can view Видео-урок	36	view_videolesson
145	Can add Тест	37	add_quizlesson
146	Can change Тест	37	change_quizlesson
147	Can delete Тест	37	delete_quizlesson
148	Can view Тест	37	view_quizlesson
149	Can add Попытка прохождения теста	38	add_quizattempt
150	Can change Попытка прохождения теста	38	change_quizattempt
151	Can delete Попытка прохождения теста	38	delete_quizattempt
152	Can view Попытка прохождения теста	38	view_quizattempt
153	Can add Вопрос	39	add_quizquestion
154	Can change Вопрос	39	change_quizquestion
155	Can delete Вопрос	39	delete_quizquestion
156	Can view Вопрос	39	view_quizquestion
157	Can add Вариант ответа	40	add_quizanswer
158	Can change Вариант ответа	40	change_quizanswer
159	Can delete Вариант ответа	40	delete_quizanswer
160	Can view Вариант ответа	40	view_quizanswer
161	Can add Ответ на вопрос	41	add_quizresponse
162	Can change Ответ на вопрос	41	change_quizresponse
163	Can delete Ответ на вопрос	41	delete_quizresponse
164	Can view Ответ на вопрос	41	view_quizresponse
165	Can add Домашнее задание	42	add_assignmentlesson
166	Can change Домашнее задание	42	change_assignmentlesson
167	Can delete Домашнее задание	42	delete_assignmentlesson
168	Can view Домашнее задание	42	view_assignmentlesson
169	Can add Сдача задания	43	add_assignmentsubmission
170	Can change Сдача задания	43	change_assignmentsubmission
171	Can delete Сдача задания	43	delete_assignmentsubmission
172	Can view Сдача задания	43	view_assignmentsubmission
173	Can add Комментарий	44	add_assignmentcomment
174	Can change Комментарий	44	change_assignmentcomment
175	Can delete Комментарий	44	delete_assignmentcomment
176	Can view Комментарий	44	view_assignmentcomment
177	Can add Группа	45	add_group
178	Can change Группа	45	change_group
179	Can delete Группа	45	delete_group
180	Can view Группа	45	view_group
181	Can add Инструктор группы	46	add_groupinstructor
182	Can change Инструктор группы	46	change_groupinstructor
183	Can delete Инструктор группы	46	delete_groupinstructor
184	Can view Инструктор группы	46	view_groupinstructor
185	Can add Членство в группе	47	add_groupmembership
186	Can change Членство в группе	47	change_groupmembership
187	Can delete Членство в группе	47	delete_groupmembership
188	Can view Членство в группе	47	view_groupmembership
189	Can add Прогресс видео	48	add_videoprogress
190	Can change Прогресс видео	48	change_videoprogress
191	Can delete Прогресс видео	48	delete_videoprogress
192	Can view Прогресс видео	48	view_videoprogress
193	Can add Зачисление на курс	49	add_courseenrollment
194	Can change Зачисление на курс	49	change_courseenrollment
195	Can delete Зачисление на курс	49	delete_courseenrollment
196	Can view Зачисление на курс	49	view_courseenrollment
197	Can add Прогресс по уроку	50	add_lessonprogress
198	Can change Прогресс по уроку	50	change_lessonprogress
199	Can delete Прогресс по уроку	50	delete_lessonprogress
200	Can view Прогресс по уроку	50	view_lessonprogress
201	Can add Приглашение	51	add_invitation
202	Can change Приглашение	51	change_invitation
203	Can delete Приглашение	51	delete_invitation
204	Can view Приглашение	51	view_invitation
205	Can add Выпускник	52	add_graduate
206	Can change Выпускник	52	change_graduate
207	Can delete Выпускник	52	delete_graduate
208	Can view Выпускник	52	view_graduate
209	Can add Достижение	53	add_graduateachievement
210	Can change Достижение	53	change_graduateachievement
211	Can delete Достижение	53	delete_graduateachievement
212	Can view Достижение	53	view_graduateachievement
\.


--
-- Data for Name: content_course; Type: TABLE DATA; Schema: public; Owner: postgresuser
--

COPY public.content_course (id, title, label, duration, description, is_active, created_at, updated_at, created_by_id) FROM stdin;
2	Вторая категория	II	3	descr	t	2025-11-09 10:26:10.948107+00	2025-11-09 10:26:10.948124+00	1
1	Базовый курс пилотов дронов	i	25	для пилотов дрона весом до 259 грамм	t	2025-11-06 11:27:31.41234+00	2025-11-09 23:03:04.245802+00	1
\.


--
-- Data for Name: content_lesson; Type: TABLE DATA; Schema: public; Owner: postgresuser
--

COPY public.content_lesson (id, lesson_type, title, description, "order", access_delay_hours, requires_previous_completion, created_at, updated_at, module_id) FROM stdin;
3	quiz	3 тест на знание воздушного права	тут описание	0	0	t	2025-11-06 11:46:52.932606+00	2025-11-10 07:29:24.506003+00	2
4	assignment	4 ДЗ по заявке	описание	1	0	t	2025-11-06 12:14:13.331463+00	2025-11-10 12:39:32.392568+00	2
1	video	Вводный урок по пилотированию дронов	Познакомьтесь с миром беспилотных технологий и сделайте первый шаг к уверённому управлению дроном. В этом уроке вы узнаете, как устроен современный БПЛА, какие системы безопасности помогают пилоту, и как правильно подготовить технику к полёту. Мы разберём базовые элементы управления, покажем типовые ошибки новичков и научим безопасно выполнять первые манёвры.	0	0	f	2025-11-06 11:28:31.695161+00	2025-11-14 11:36:44.023981+00	1
2	text	Основы безопасности при полётах дронов	Безопасность — главный принцип работы пилота. В этом уроке вы разберёте ключевые правила, которые позволяют предотвращать аварии, сохранять технику и не нарушать законодательство. Мы подробно рассмотрим работу систем отказоустойчивости, оценку окружающей обстановки и правила поведения в потенциально опасных ситуациях.	1	2	t	2025-11-06 11:31:01.027886+00	2025-11-14 11:38:24.025987+00	1
\.


--
-- Data for Name: content_lessonmaterial; Type: TABLE DATA; Schema: public; Owner: postgresuser
--

COPY public.content_lessonmaterial (id, title, description, file, url, "order", created_at, lesson_id) FROM stdin;
2	тут файл		lesson_materials/2025/11/_СЧЕТ_7_ТОО_МИИ_Лаиф_без_договора.xlsx_-_Счет_на_оплату_2.pdf		0	2025-11-10 06:51:15.781579+00	2
3	test		lesson_materials/2025/11/66614bc08620da0001aa641e_OVsgrJ7.pdf		0	2025-11-10 06:59:50.722827+00	2
1	5 советов перед полетом		lesson_materials/2025/11/66614bc08620da0001aa641e.pdf		0	2025-11-09 22:19:16.213224+00	1
\.


--
-- Data for Name: content_module; Type: TABLE DATA; Schema: public; Owner: postgresuser
--

COPY public.content_module (id, title, description, "order", requires_previous_module, created_at, updated_at, course_id) FROM stdin;
1	Вводный модуль		0	f	2025-11-06 11:27:31.414695+00	2025-11-14 11:42:30.49708+00	1
2	Теория пилотирования дронов		1	t	2025-11-06 11:27:31.416276+00	2025-11-14 11:42:42.124971+00	1
\.


--
-- Data for Name: content_textlesson; Type: TABLE DATA; Schema: public; Owner: postgresuser
--

COPY public.content_textlesson (id, content, estimated_reading_time, lesson_id) FROM stdin;
1	Пишем полноценный текст который будет основным источником информации для чтения	5	2
\.


--
-- Data for Name: content_videolesson; Type: TABLE DATA; Schema: public; Owner: postgresuser
--

COPY public.content_videolesson (id, vimeo_video_id, video_duration, completion_threshold, timecodes, lesson_id) FROM stdin;
1	1132490912	155	10	[{"time": 0, "label": "Введение в курс"}, {"time": 45, "label": "Что такое дрон"}, {"time": 120, "label": "Основные части дрона"}, {"time": 180, "label": "Безопасность полетов"}, {"time": 240, "label": "Практические упражнения"}]	1
\.


--
-- Data for Name: courses; Type: TABLE DATA; Schema: public; Owner: postgresuser
--

COPY public.courses (id, title, description, is_active, created_at, updated_at, created_by_id, duration, label) FROM stdin;
2	Категория 2	дроны от 500 гр	t	2025-10-31 06:05:42.051622+00	2025-10-31 06:05:42.051639+00	1	\N	
3	Основы пилотирования дронов	Полный курс для начинающих	t	2025-10-31 06:53:17.847978+00	2025-11-05 11:44:58.394444+00	1	40.00	I
\.


--
-- Data for Name: django_admin_log; Type: TABLE DATA; Schema: public; Owner: postgresuser
--

COPY public.django_admin_log (id, action_time, object_id, object_repr, action_flag, change_message, content_type_id, user_id) FROM stdin;
1	2025-10-27 02:23:09.863779+00	2	pobiz@inbox.ru	1	[{"added": {}}]	6	1
2	2025-10-27 03:26:53.466665+00	2	pobiz@inbox.ru	2	[{"changed": {"fields": ["password"]}}]	6	1
3	2025-10-29 13:46:12.01181+00	12	test20@mail.ru	3		6	1
4	2025-10-29 13:46:12.01184+00	11	test5@mail.ru	3		6	1
5	2025-10-29 13:46:12.011851+00	10	test4@mail.ru	3		6	1
6	2025-10-29 13:46:12.011859+00	9	test3@mail.ru	3		6	1
7	2025-10-29 13:46:12.011868+00	8	test2@mail.ru	3		6	1
8	2025-10-29 13:46:12.011877+00	7	test@test1.com	3		6	1
9	2025-10-29 13:46:12.011886+00	6	test12@mail.ru	3		6	1
10	2025-10-29 13:46:12.011899+00	5	testor@test.ru	3		6	1
11	2025-10-29 13:46:12.011908+00	4	asd@test.ru	3		6	1
12	2025-10-29 13:46:12.011917+00	3	test@test.com	3		6	1
13	2025-10-29 13:46:12.011925+00	2	pobiz@inbox.ru	3		6	1
14	2025-10-30 12:23:37.42571+00	19	pobiz@inbox.ru	3		6	1
15	2025-10-30 12:38:22.626867+00	20	pobiz@inbox.ru	3		6	1
16	2025-10-30 12:53:56.434915+00	21	pobiz@inbox.ru	3		6	1
17	2025-10-30 12:57:27.815412+00	22	pobiz@inbox.ru	3		6	1
18	2025-10-30 13:00:39.878937+00	23	pobiz@inbox.ru	3		6	1
19	2025-10-30 13:06:20.474487+00	25	zholamanoff@gmail.com	3		6	1
20	2025-10-30 13:06:26.342394+00	9	Подтверждение email → zholamanoff@gmail.com (Ошибка)	3		14	1
21	2025-10-30 13:06:26.342415+00	8	Подтверждение email → pobiz@inbox.ru (Ошибка)	3		14	1
22	2025-10-30 13:06:26.342426+00	7	Подтверждение email → pobiz@inbox.ru (Ошибка)	3		14	1
23	2025-10-30 13:06:26.342436+00	6	Подтверждение email → pobiz@inbox.ru (Ошибка)	3		14	1
24	2025-10-30 13:06:26.342447+00	5	Подтверждение email → pobiz@inbox.ru (Ошибка)	3		14	1
25	2025-10-30 13:06:26.342458+00	4	Подтверждение email → pobiz@inbox.ru (Ошибка)	3		14	1
26	2025-10-30 13:06:26.342469+00	3	Подтверждение email → pobiz@inbox.ru (Ошибка)	3		14	1
27	2025-10-30 13:06:26.342479+00	2	Сброс пароля → test@example.com (Ошибка)	3		14	1
28	2025-10-30 13:06:26.342489+00	1	Подтверждение email → test@example.com (Ошибка)	3		14	1
29	2025-10-30 13:06:31.824661+00	24	pobiz@inbox.ru	3		6	1
30	2025-10-30 13:09:07.435485+00	26	pobiz@inbox.ru	3		6	1
31	2025-10-30 15:34:42.968919+00	27	pobiz@inbox.ru	3		6	1
32	2025-10-30 15:42:52.610524+00	28	pobiz@inbox.ru	3		6	1
33	2025-10-30 16:42:34.747903+00	29	pobiz@inbox.ru	3		6	1
34	2025-10-30 16:57:39.680442+00	31	pobiz@inbox.ru	3		6	1
35	2025-10-30 17:00:31.385889+00	32	pobiz@inbox.ru	3		6	1
36	2025-10-30 17:06:53.532099+00	35	zholamanoff@gmail.com	3		6	1
37	2025-10-30 17:06:53.53213+00	34	pobiz@inbox.ru	3		6	1
38	2025-10-31 05:34:07.06472+00	36	pobiz@inbox.ru	2	[{"changed": {"fields": ["\\u0418\\u043c\\u044f", "\\u0424\\u0430\\u043c\\u0438\\u043b\\u0438\\u044f"]}}]	6	1
39	2025-10-31 05:35:13.385832+00	36	pobiz@inbox.ru	2	[{"changed": {"fields": ["\\u0418\\u043c\\u044f", "\\u0424\\u0430\\u043c\\u0438\\u043b\\u0438\\u044f"]}}]	6	1
40	2025-10-31 06:05:01.74291+00	1	Категория 1	1	[{"added": {}}, {"added": {"name": "\\u0423\\u0440\\u043e\\u043a", "object": "\\u041a\\u0430\\u0442\\u0435\\u0433\\u043e\\u0440\\u0438\\u044f 1 - 0. \\u041f\\u0435\\u0440\\u0432\\u044b\\u0439 \\u0443\\u0440\\u043e\\u043a"}}, {"added": {"name": "\\u0423\\u0440\\u043e\\u043a", "object": "\\u041a\\u0430\\u0442\\u0435\\u0433\\u043e\\u0440\\u0438\\u044f 1 - 1. \\u0412\\u0442\\u043e\\u0440\\u043e\\u0439 \\u0443\\u0440\\u043e\\u043a"}}]	9	1
41	2025-10-31 06:05:42.054397+00	2	Категория 2	1	[{"added": {}}, {"added": {"name": "\\u0423\\u0440\\u043e\\u043a", "object": "\\u041a\\u0430\\u0442\\u0435\\u0433\\u043e\\u0440\\u0438\\u044f 2 - 0. \\u0412\\u0442\\u043e\\u0440\\u0430\\u044f \\u043a\\u0430\\u0442\\u0435\\u0433\\u043e\\u0440\\u0438\\u044f \\u0443\\u0440\\u043e\\u043a \\u043f\\u0435\\u0440\\u0432\\u044b\\u0439"}}, {"added": {"name": "\\u0423\\u0440\\u043e\\u043a", "object": "\\u041a\\u0430\\u0442\\u0435\\u0433\\u043e\\u0440\\u0438\\u044f 2 - 1. 2 \\u0443\\u0440\\u043e\\u043a"}}]	9	1
42	2025-10-31 06:23:26.252049+00	1	Категория 1	2	[{"added": {"name": "\\u0417\\u0430\\u043f\\u0438\\u0441\\u044c \\u043d\\u0430 \\u043a\\u0443\\u0440\\u0441", "object": "\\u0416\\u043e\\u043b\\u0430\\u043c\\u0430\\u043d\\u043e\\u0432 \\u0410\\u0439\\u0434\\u0430\\u0440\\u0431\\u0435\\u043a - \\u041a\\u0430\\u0442\\u0435\\u0433\\u043e\\u0440\\u0438\\u044f 1"}}]	9	1
43	2025-10-31 06:47:33.794961+00	1	Категория 1	2	[{"deleted": {"name": "\\u0417\\u0430\\u043f\\u0438\\u0441\\u044c \\u043d\\u0430 \\u043a\\u0443\\u0440\\u0441", "object": "\\u0416\\u043e\\u043b\\u0430\\u043c\\u0430\\u043d\\u043e\\u0432 \\u0410\\u0439\\u0434\\u0430\\u0440\\u0431\\u0435\\u043a - \\u041a\\u0430\\u0442\\u0435\\u0433\\u043e\\u0440\\u0438\\u044f 1"}}]	9	1
44	2025-10-31 06:48:33.77145+00	1	Категория 1	2	[{"added": {"name": "\\u0417\\u0430\\u043f\\u0438\\u0441\\u044c \\u043d\\u0430 \\u043a\\u0443\\u0440\\u0441", "object": "\\u0416\\u043e\\u043b\\u0430\\u043c\\u0430\\u043d\\u043e\\u0432 \\u0410\\u0439\\u0434\\u0430\\u0440\\u0431\\u0435\\u043a - \\u041a\\u0430\\u0442\\u0435\\u0433\\u043e\\u0440\\u0438\\u044f 1"}}]	9	1
45	2025-10-31 06:52:49.746639+00	1	Категория 1	3		9	1
46	2025-10-31 06:53:17.850496+00	3	категория 1	1	[{"added": {}}, {"added": {"name": "\\u0423\\u0440\\u043e\\u043a", "object": "\\u043a\\u0430\\u0442\\u0435\\u0433\\u043e\\u0440\\u0438\\u044f 1 - 0. \\u043f\\u0435\\u0440\\u0432\\u044b\\u0439"}}]	9	1
47	2025-10-31 06:53:28.861688+00	3	категория 1	2	[{"changed": {"fields": ["\\u041e\\u043f\\u0438\\u0441\\u0430\\u043d\\u0438\\u0435 \\u043a\\u0443\\u0440\\u0441\\u0430"]}}]	9	1
48	2025-10-31 06:53:38.545345+00	3	категория 1	2	[{"added": {"name": "\\u0417\\u0430\\u043f\\u0438\\u0441\\u044c \\u043d\\u0430 \\u043a\\u0443\\u0440\\u0441", "object": "\\u0416\\u043e\\u043b\\u0430\\u043c\\u0430\\u043d\\u043e\\u0432 \\u0410\\u0439\\u0434\\u0430\\u0440\\u0431\\u0435\\u043a - \\u043a\\u0430\\u0442\\u0435\\u0433\\u043e\\u0440\\u0438\\u044f 1"}}]	9	1
49	2025-10-31 06:53:46.436111+00	3	категория 1	2	[{"deleted": {"name": "\\u0417\\u0430\\u043f\\u0438\\u0441\\u044c \\u043d\\u0430 \\u043a\\u0443\\u0440\\u0441", "object": "\\u0416\\u043e\\u043b\\u0430\\u043c\\u0430\\u043d\\u043e\\u0432 \\u0410\\u0439\\u0434\\u0430\\u0440\\u0431\\u0435\\u043a - \\u043a\\u0430\\u0442\\u0435\\u0433\\u043e\\u0440\\u0438\\u044f 1"}}]	9	1
50	2025-10-31 06:54:08.07013+00	3	категория 1	2	[{"added": {"name": "\\u0417\\u0430\\u043f\\u0438\\u0441\\u044c \\u043d\\u0430 \\u043a\\u0443\\u0440\\u0441", "object": "\\u0416\\u043e\\u043b\\u0430\\u043c\\u0430\\u043d\\u043e\\u0432 \\u0410\\u0439\\u0434\\u0430\\u0440\\u0431\\u0435\\u043a - \\u043a\\u0430\\u0442\\u0435\\u0433\\u043e\\u0440\\u0438\\u044f 1"}}]	9	1
51	2025-10-31 06:54:12.62308+00	3	категория 1	2	[{"deleted": {"name": "\\u0417\\u0430\\u043f\\u0438\\u0441\\u044c \\u043d\\u0430 \\u043a\\u0443\\u0440\\u0441", "object": "\\u0416\\u043e\\u043b\\u0430\\u043c\\u0430\\u043d\\u043e\\u0432 \\u0410\\u0439\\u0434\\u0430\\u0440\\u0431\\u0435\\u043a - \\u043a\\u0430\\u0442\\u0435\\u0433\\u043e\\u0440\\u0438\\u044f 1"}}]	9	1
165	2025-11-09 08:44:26.122033+00	15	⏳ Zholamanov Aidarbek - 2 тестовый урок	3		50	1
52	2025-10-31 06:54:37.77772+00	3	категория 1	2	[{"added": {"name": "\\u0423\\u0440\\u043e\\u043a", "object": "\\u043a\\u0430\\u0442\\u0435\\u0433\\u043e\\u0440\\u0438\\u044f 1 - 1. \\u0432\\u0442\\u043e\\u0440\\u043e\\u0439"}}, {"added": {"name": "\\u0417\\u0430\\u043f\\u0438\\u0441\\u044c \\u043d\\u0430 \\u043a\\u0443\\u0440\\u0441", "object": "\\u0416\\u043e\\u043b\\u0430\\u043c\\u0430\\u043d\\u043e\\u0432 \\u0410\\u0439\\u0434\\u0430\\u0440\\u0431\\u0435\\u043a - \\u043a\\u0430\\u0442\\u0435\\u0433\\u043e\\u0440\\u0438\\u044f 1"}}]	9	1
53	2025-10-31 06:55:43.961644+00	3	категория 1	2	[{"added": {"name": "\\u0423\\u0440\\u043e\\u043a", "object": "\\u043a\\u0430\\u0442\\u0435\\u0433\\u043e\\u0440\\u0438\\u044f 1 - 2. \\u0442\\u0435\\u0440\\u0442\\u044c\\u044f"}}]	9	1
54	2025-10-31 11:07:47.144504+00	3	категория 1	2	[{"added": {"name": "\\u0423\\u0440\\u043e\\u043a", "object": "\\u043a\\u0430\\u0442\\u0435\\u0433\\u043e\\u0440\\u0438\\u044f 1 - 3. \\u0447\\u0435\\u0442\\u0432\\u0440\\u043a\\u0442\\u044b\\u0439"}}, {"added": {"name": "\\u0423\\u0440\\u043e\\u043a", "object": "\\u043a\\u0430\\u0442\\u0435\\u0433\\u043e\\u0440\\u0438\\u044f 1 - 4. \\u043f\\u044f\\u0442\\u044b\\u0439"}}, {"added": {"name": "\\u0423\\u0440\\u043e\\u043a", "object": "\\u043a\\u0430\\u0442\\u0435\\u0433\\u043e\\u0440\\u0438\\u044f 1 - 6. \\u0448\\u0435\\u0441\\u0442\\u044c"}}, {"added": {"name": "\\u0423\\u0440\\u043e\\u043a", "object": "\\u043a\\u0430\\u0442\\u0435\\u0433\\u043e\\u0440\\u0438\\u044f 1 - 7. \\u0441\\u0435\\u043c\\u044c"}}, {"added": {"name": "\\u0423\\u0440\\u043e\\u043a", "object": "\\u043a\\u0430\\u0442\\u0435\\u0433\\u043e\\u0440\\u0438\\u044f 1 - 8. \\u0432\\u043e\\u0441\\u0435\\u043c\\u044c"}}, {"added": {"name": "\\u0423\\u0440\\u043e\\u043a", "object": "\\u043a\\u0430\\u0442\\u0435\\u0433\\u043e\\u0440\\u0438\\u044f 1 - 9. \\u0434\\u0435\\u0432\\u044f\\u0442\\u044c"}}, {"added": {"name": "\\u0423\\u0440\\u043e\\u043a", "object": "\\u043a\\u0430\\u0442\\u0435\\u0433\\u043e\\u0440\\u0438\\u044f 1 - 10. \\u0434\\u0435\\u0441\\u044f\\u0442\\u044c"}}]	9	1
55	2025-10-31 11:08:11.379528+00	3	категория 1	2	[{"changed": {"fields": ["Label", "\\u0414\\u043b\\u0438\\u0442\\u0435\\u043b\\u044c\\u043d\\u043e\\u0441\\u0442\\u044c (\\u0447\\u0430\\u0441\\u044b)"]}}]	9	1
56	2025-10-31 11:08:25.471256+00	3	Категория 1	2	[{"changed": {"fields": ["\\u041d\\u0430\\u0437\\u0432\\u0430\\u043d\\u0438\\u0435 \\u043a\\u0443\\u0440\\u0441\\u0430"]}}]	9	1
57	2025-10-31 11:11:42.067713+00	3	Категория 1	2	[{"changed": {"fields": ["\\u0414\\u043b\\u0438\\u0442\\u0435\\u043b\\u044c\\u043d\\u043e\\u0441\\u0442\\u044c (\\u0447\\u0430\\u0441\\u044b)"]}}]	9	1
58	2025-10-31 11:11:51.828718+00	3	Категория 1	2	[{"changed": {"fields": ["\\u0414\\u043b\\u0438\\u0442\\u0435\\u043b\\u044c\\u043d\\u043e\\u0441\\u0442\\u044c (\\u0447\\u0430\\u0441\\u044b)"]}}]	9	1
59	2025-11-03 07:04:49.855253+00	36	pobiz@inbox.ru	3		6	1
60	2025-11-03 07:12:03.621867+00	3	Категория 1	2	[{"added": {"name": "\\u0417\\u0430\\u043f\\u0438\\u0441\\u044c \\u043d\\u0430 \\u043a\\u0443\\u0440\\u0441", "object": "\\u0416\\u043e\\u043b\\u0430\\u043c\\u0430\\u043d\\u043e\\u0432 \\u0410\\u0439\\u0434\\u0430\\u0440\\u0431\\u0435\\u043a \\u0416\\u043e\\u043b\\u0430\\u043c\\u0430\\u043d\\u043e\\u0432\\u0438\\u0447 - \\u041a\\u0430\\u0442\\u0435\\u0433\\u043e\\u0440\\u0438\\u044f 1"}}]	9	1
61	2025-11-03 10:58:19.477773+00	1	Видео: первый	1	[{"added": {}}]	24	1
62	2025-11-05 11:39:20.972983+00	3	Категория 1	2	[{"added": {"name": "\\u041c\\u043e\\u0434\\u0443\\u043b\\u044c", "object": "\\u041a\\u0430\\u0442\\u0435\\u0433\\u043e\\u0440\\u0438\\u044f 1 - \\u041c\\u043e\\u0434\\u0443\\u043b\\u044c 0: \\u0412\\u043e\\u0437\\u0434\\u0443\\u0448\\u043d\\u043e\\u0435 \\u043f\\u0440\\u0430\\u0432\\u043e"}}, {"added": {"name": "\\u041c\\u043e\\u0434\\u0443\\u043b\\u044c", "object": "\\u041a\\u0430\\u0442\\u0435\\u0433\\u043e\\u0440\\u0438\\u044f 1 - \\u041c\\u043e\\u0434\\u0443\\u043b\\u044c 1: \\u0412\\u0442\\u043e\\u0440\\u043e\\u0439 \\u043c\\u043e\\u0434\\u0443\\u043b\\u044c"}}]	9	1
63	2025-11-05 11:44:58.395417+00	3	Основы пилотирования дронов	2	[{"changed": {"fields": ["\\u041d\\u0430\\u0437\\u0432\\u0430\\u043d\\u0438\\u0435 \\u043a\\u0443\\u0440\\u0441\\u0430", "\\u0414\\u043b\\u0438\\u0442\\u0435\\u043b\\u044c\\u043d\\u043e\\u0441\\u0442\\u044c (\\u0447\\u0430\\u0441\\u044b)", "\\u041e\\u043f\\u0438\\u0441\\u0430\\u043d\\u0438\\u0435 \\u043a\\u0443\\u0440\\u0441\\u0430"]}}]	9	1
64	2025-11-05 11:48:39.990424+00	15	Основы пилотирования дронов - Модуль 1 - 1. Урок 1: Что такое дрон	1	[{"added": {}}]	10	1
65	2025-11-05 11:48:51.885841+00	16	Основы пилотирования дронов - Модуль 1 - 2. Урок 1: Что такое дрон	1	[{"added": {}}]	10	1
66	2025-11-05 12:03:09.403492+00	2	Видео: Основы пилотирования дронов - Урок 1: Что такое дрон	2	[{"changed": {"fields": ["Vimeo Video ID", "\\u0414\\u043b\\u0438\\u0442\\u0435\\u043b\\u044c\\u043d\\u043e\\u0441\\u0442\\u044c \\u0432\\u0438\\u0434\\u0435\\u043e (\\u0441\\u0435\\u043a\\u0443\\u043d\\u0434\\u044b)"]}}]	24	1
67	2025-11-05 12:03:50.41427+00	2	Видео: Основы пилотирования дронов - Урок 1: Что такое дрон	2	[{"changed": {"fields": ["\\u0414\\u043b\\u0438\\u0442\\u0435\\u043b\\u044c\\u043d\\u043e\\u0441\\u0442\\u044c \\u0432\\u0438\\u0434\\u0435\\u043e (\\u0441\\u0435\\u043a\\u0443\\u043d\\u0434\\u044b)", "\\u0422\\u0430\\u0439\\u043c\\u043a\\u043e\\u0434\\u044b"]}}]	24	1
68	2025-11-05 12:04:53.065193+00	16	Основы пилотирования дронов - Модуль 1 - 2. Урок 1: Что такое дрон	3		10	1
69	2025-11-05 12:05:25.97871+00	1	Основы пилотирования дронов - Модуль 0: Воздушное право	3		26	1
70	2025-11-05 12:07:12.659948+00	17	Основы пилотирования дронов - Модуль 1 - 2. Урок 2: История дронов	1	[{"added": {}}]	10	1
71	2025-11-05 12:08:00.781274+00	1	Текст: Основы пилотирования дронов - Урок 2: История дронов	2	[{"changed": {"fields": ["\\u0422\\u0435\\u043a\\u0441\\u0442\\u043e\\u0432\\u044b\\u0439 \\u043a\\u043e\\u043d\\u0442\\u0435\\u043d\\u0442"]}}]	23	1
72	2025-11-05 12:09:37.117819+00	18	Основы пилотирования дронов - Модуль 1 - 0. Урок 3: Тест по теории	1	[{"added": {}}]	10	1
73	2025-11-05 12:13:10.775965+00	1	Тест: Основы пилотирования дронов - Урок 3: Тест по теории	2	[{"changed": {"fields": ["\\u0412\\u0440\\u0435\\u043c\\u044f \\u043d\\u0430 \\u0442\\u0435\\u0441\\u0442 (\\u043c\\u0438\\u043d\\u0443\\u0442\\u044b)", "\\u041f\\u043e\\u043a\\u0430\\u0437\\u044b\\u0432\\u0430\\u0442\\u044c \\u0440\\u0435\\u0437\\u0443\\u043b\\u044c\\u0442\\u0430\\u0442 \\u0441\\u0440\\u0430\\u0437\\u0443"]}}, {"added": {"name": "\\u0412\\u043e\\u043f\\u0440\\u043e\\u0441 \\u0442\\u0435\\u0441\\u0442\\u0430", "object": "\\u0423\\u0440\\u043e\\u043a 3: \\u0422\\u0435\\u0441\\u0442 \\u043f\\u043e \\u0442\\u0435\\u043e\\u0440\\u0438\\u0438 - \\u0412\\u043e\\u043f\\u0440\\u043e\\u0441 1: \\u0427\\u0442\\u043e \\u043e\\u0437\\u043d\\u0430\\u0447\\u0430\\u0435\\u0442 \\u0430\\u0431\\u0431\\u0440\\u0435\\u0432\\u0438\\u0430\\u0442\\u0443\\u0440\\u0430 \\"\\u0411\\u041b\\u0410\\"?"}}]	18	1
91	2025-11-05 18:50:36.903506+00	1	Приглашение zholamanoff@gmail.com в Группа 1 (Ожидает)	1	[{"added": {}}]	30	1
92	2025-11-05 18:51:35.939626+00	2	Приглашение zholamanoff@gmail.com в Общая группа (Ожидает)	1	[{"added": {}}]	30	1
93	2025-11-05 18:51:49.270901+00	3	Приглашение zholamanoff@gmail.com в Общая группа (Ожидает)	1	[{"added": {}}]	30	1
74	2025-11-05 12:14:14.186092+00	1	Урок 3: Тест по теории - Вопрос 1: Что означает аббревиатура "БЛА"?	2	[{"added": {"name": "\\u0412\\u0430\\u0440\\u0438\\u0430\\u043d\\u0442 \\u043e\\u0442\\u0432\\u0435\\u0442\\u0430", "object": "[\\u2713] \\u0411\\u0435\\u0441\\u043f\\u0438\\u043b\\u043e\\u0442\\u043d\\u044b\\u0439 \\u043b\\u0435\\u0442\\u0430\\u0442\\u0435\\u043b\\u044c\\u043d\\u044b\\u0439 \\u0430\\u043f\\u043f\\u0430\\u0440\\u0430"}}, {"added": {"name": "\\u0412\\u0430\\u0440\\u0438\\u0430\\u043d\\u0442 \\u043e\\u0442\\u0432\\u0435\\u0442\\u0430", "object": "[\\u2717] \\u0411\\u043e\\u043b\\u044c\\u0448\\u043e\\u0439 \\u043b\\u0435\\u0442\\u0430\\u044e\\u0449\\u0438\\u0439 \\u0430\\u043f\\u043f\\u0430\\u0440\\u0430\\u0442"}}, {"added": {"name": "\\u0412\\u0430\\u0440\\u0438\\u0430\\u043d\\u0442 \\u043e\\u0442\\u0432\\u0435\\u0442\\u0430", "object": "[\\u2717] \\u0411\\u044b\\u0441\\u0442\\u0440\\u044b\\u0439 \\u043b\\u0435\\u0442\\u0430\\u0442\\u0435\\u043b\\u044c\\u043d\\u044b\\u0439 \\u0430\\u043f\\u043f\\u0430\\u0440\\u0430\\u0442"}}, {"added": {"name": "\\u0412\\u0430\\u0440\\u0438\\u0430\\u043d\\u0442 \\u043e\\u0442\\u0432\\u0435\\u0442\\u0430", "object": "[\\u2717] \\u0411\\u0435\\u0437\\u043e\\u043f\\u0430\\u0441\\u043d\\u044b\\u0439 \\u043b\\u0435\\u0442\\u0430\\u0442\\u0435\\u043b\\u044c\\u043d\\u044b\\u0439 \\u0430\\u043f\\u043f\\u0430\\u0440\\u0430\\u0442"}}]	20	1
75	2025-11-05 12:26:04.681623+00	1	Урок 3: Тест по теории - Вопрос 1: Что означает аббревиатура "БЛА"?	2	[]	20	1
76	2025-11-05 12:27:03.628807+00	1	Тест: Основы пилотирования дронов - Урок 3: Тест по теории	2	[{"added": {"name": "\\u0412\\u043e\\u043f\\u0440\\u043e\\u0441 \\u0442\\u0435\\u0441\\u0442\\u0430", "object": "\\u0423\\u0440\\u043e\\u043a 3: \\u0422\\u0435\\u0441\\u0442 \\u043f\\u043e \\u0442\\u0435\\u043e\\u0440\\u0438\\u0438 - \\u0412\\u043e\\u043f\\u0440\\u043e\\u0441 2: \\u0412\\u044b\\u0431\\u0435\\u0440\\u0438\\u0442\\u0435 \\u043f\\u0440\\u0438\\u043c\\u0435\\u043d\\u0435\\u043d\\u0438\\u044f \\u0434\\u0440\\u043e\\u043d\\u043e\\u0432 (\\u043d\\u0435\\u0441\\u043a\\u043e\\u043b\\u044c\\u043a\\u043e \\u0432\\u0430\\u0440\\u0438\\u0430\\u043d\\u0442\\u043e\\u0432)"}}]	18	1
77	2025-11-05 12:28:01.050609+00	2	Урок 3: Тест по теории - Вопрос 2: Выберите применения дронов (несколько вариантов)	2	[{"added": {"name": "\\u0412\\u0430\\u0440\\u0438\\u0430\\u043d\\u0442 \\u043e\\u0442\\u0432\\u0435\\u0442\\u0430", "object": "[\\u2713] \\u0424\\u043e\\u0442\\u043e\\u0433\\u0440\\u0430\\u0444\\u0438\\u044f"}}, {"added": {"name": "\\u0412\\u0430\\u0440\\u0438\\u0430\\u043d\\u0442 \\u043e\\u0442\\u0432\\u0435\\u0442\\u0430", "object": "[\\u2713] \\u0414\\u043e\\u0441\\u0442\\u0430\\u0432\\u043a\\u0430 \\u043f\\u043e\\u0441\\u044b\\u043b\\u043e\\u043a"}}, {"added": {"name": "\\u0412\\u0430\\u0440\\u0438\\u0430\\u043d\\u0442 \\u043e\\u0442\\u0432\\u0435\\u0442\\u0430", "object": "[\\u2717] \\u0413\\u043e\\u0442\\u043e\\u0432\\u043a\\u0430 \\u0435\\u0434\\u044b"}}, {"added": {"name": "\\u0412\\u0430\\u0440\\u0438\\u0430\\u043d\\u0442 \\u043e\\u0442\\u0432\\u0435\\u0442\\u0430", "object": "[\\u2713] \\u0435\\u043b\\u044c\\u0441\\u043a\\u043e\\u0435 \\u0445\\u043e\\u0437\\u044f\\u0439\\u0441\\u0442\\u0432\\u043e"}}]	20	1
78	2025-11-05 12:28:51.782807+00	1	Тест: Основы пилотирования дронов - Урок 3: Тест по теории	2	[{"added": {"name": "\\u0412\\u043e\\u043f\\u0440\\u043e\\u0441 \\u0442\\u0435\\u0441\\u0442\\u0430", "object": "\\u0423\\u0440\\u043e\\u043a 3: \\u0422\\u0435\\u0441\\u0442 \\u043f\\u043e \\u0442\\u0435\\u043e\\u0440\\u0438\\u0438 - \\u0412\\u043e\\u043f\\u0440\\u043e\\u0441 3: \\u041a\\u0430\\u043a\\u0430\\u044f \\u043c\\u0430\\u043a\\u0441\\u0438\\u043c\\u0430\\u043b\\u044c\\u043d\\u0430\\u044f \\u0432\\u044b\\u0441\\u043e\\u0442\\u0430 \\u043f\\u043e\\u043b\\u0435\\u0442\\u0430 \\u0434\\u043b\\u044f \\u043b\\u044e\\u0431\\u0438\\u0442\\u0435\\u043b\\u044c\\u0441\\u043a\\u0438\\u0445 "}}]	18	1
79	2025-11-05 12:34:07.20602+00	3	Урок 3: Тест по теории - Вопрос 3: Какая максимальная высота полета для любительских 	2	[{"added": {"name": "\\u0412\\u0430\\u0440\\u0438\\u0430\\u043d\\u0442 \\u043e\\u0442\\u0432\\u0435\\u0442\\u0430", "object": "[\\u2717] 50 \\u043c\\u0435\\u0442\\u0440\\u043e\\u0432"}}, {"added": {"name": "\\u0412\\u0430\\u0440\\u0438\\u0430\\u043d\\u0442 \\u043e\\u0442\\u0432\\u0435\\u0442\\u0430", "object": "[\\u2713] 150 \\u043c\\u0435\\u0442\\u0440\\u043e\\u0432"}}, {"added": {"name": "\\u0412\\u0430\\u0440\\u0438\\u0430\\u043d\\u0442 \\u043e\\u0442\\u0432\\u0435\\u0442\\u0430", "object": "[\\u2717] 300 \\u043c\\u0435\\u0442\\u0440\\u043e\\u0432"}}, {"added": {"name": "\\u0412\\u0430\\u0440\\u0438\\u0430\\u043d\\u0442 \\u043e\\u0442\\u0432\\u0435\\u0442\\u0430", "object": "[\\u2717] \\u0411\\u0435\\u0437 \\u043e\\u0433\\u0440\\u0430\\u043d\\u0438\\u0447\\u0435\\u043d\\u0438\\u0439"}}]	20	1
80	2025-11-05 12:35:33.814246+00	19	Основы пилотирования дронов - Модуль 1 - 4. Практическое задание	1	[{"added": {}}]	10	1
81	2025-11-05 12:41:29.543666+00	1	ДЗ: Основы пилотирования дронов - Практическое задание	2	[{"changed": {"fields": ["\\u0418\\u043d\\u0441\\u0442\\u0440\\u0443\\u043a\\u0446\\u0438\\u0438 \\u043a \\u0437\\u0430\\u0434\\u0430\\u043d\\u0438\\u044e", "\\u0422\\u0435\\u043a\\u0441\\u0442 \\u043e\\u0431\\u044f\\u0437\\u0430\\u0442\\u0435\\u043b\\u0435\\u043d"]}}]	15	1
82	2025-11-05 12:47:17.655343+00	1	Жоламанов Айдарбек Жоламанович - Урок 1: Что такое дрон (Завершен)	1	[{"added": {}}]	12	1
83	2025-11-05 12:50:15.306783+00	1	Жоламанов Айдарбек Жоламанович - Практическое задание (попытка 1)	1	[{"added": {}}]	16	1
84	2025-11-05 12:51:10.8555+00	1	Жоламанов Айдарбек Жоламанович - Практическое задание (попытка 1)	2	[{"changed": {"fields": ["\\u0421\\u0442\\u0430\\u0442\\u0443\\u0441"]}}]	16	1
85	2025-11-05 12:52:10.235668+00	1	Жоламанов Айдарбек Жоламанович - Практическое задание (попытка 1)	2	[{"changed": {"fields": ["\\u041e\\u0442\\u0437\\u044b\\u0432 \\u0438\\u043d\\u0441\\u0442\\u0440\\u0443\\u043a\\u0442\\u043e\\u0440\\u0430", "\\u041f\\u0440\\u043e\\u0432\\u0435\\u0440\\u0438\\u043b"]}}]	16	1
86	2025-11-05 12:52:30.958757+00	1	Жоламанов Айдарбек Жоламанович - Практическое задание (попытка 1)	2	[{"changed": {"fields": ["\\u041e\\u0446\\u0435\\u043d\\u043a\\u0430"]}}]	16	1
87	2025-11-05 12:58:03.76993+00	1	Жоламанов Айдарбек Жоламанович - Практическое задание (попытка 1)	2	[{"changed": {"fields": ["\\u0421\\u0442\\u0430\\u0442\\u0443\\u0441"]}}]	16	1
88	2025-11-05 13:14:34.063024+00	1	Жоламанов Айдарбек Жоламанович - Урок 3: Тест по теории (попытка 1)	1	[{"added": {}}]	19	1
89	2025-11-05 18:48:01.22205+00	2	Категория 2 - Общая группа [По умолчанию]	2	[{"added": {"name": "\\u0418\\u043d\\u0441\\u0442\\u0440\\u0443\\u043a\\u0442\\u043e\\u0440 \\u0433\\u0440\\u0443\\u043f\\u043f\\u044b", "object": "  \\u2192 \\u041e\\u0431\\u0449\\u0430\\u044f \\u0433\\u0440\\u0443\\u043f\\u043f\\u0430"}}, {"added": {"name": "\\u0423\\u0447\\u0430\\u0441\\u0442\\u043d\\u0438\\u043a \\u0433\\u0440\\u0443\\u043f\\u043f\\u044b", "object": "\\u0416\\u043e\\u043b\\u0430\\u043c\\u0430\\u043d\\u043e\\u0432 \\u0410\\u0439\\u0434\\u0430\\u0440\\u0431\\u0435\\u043a \\u0416\\u043e\\u043b\\u0430\\u043c\\u0430\\u043d\\u043e\\u0432\\u0438\\u0447 \\u2192 \\u041e\\u0431\\u0449\\u0430\\u044f \\u0433\\u0440\\u0443\\u043f\\u043f\\u0430"}}]	27	1
90	2025-11-05 18:48:47.336692+00	2	Категория 2 - Группа 1 [По умолчанию]	2	[{"changed": {"fields": ["\\u041d\\u0430\\u0437\\u0432\\u0430\\u043d\\u0438\\u0435 \\u0433\\u0440\\u0443\\u043f\\u043f\\u044b"]}}]	27	1
94	2025-11-05 19:41:41.652176+00	2	tfgh trs (zholamanoff@gmail.com) → Общая группа [Ожидает отправки]	3		30	1
95	2025-11-05 19:41:41.652215+00	1	test Test (zholamanoff@gmail.com) → Группа 1 [Ожидает отправки]	3		30	1
96	2025-11-05 19:41:46.153535+00	3	tfgh trs (zholamanoff@gmail.com) → Общая группа [Отправлено]	3		30	1
97	2025-11-05 19:42:28.712068+00	4	test Test (zholamanoff@gmail.com) → Группа 1 [Ожидает отправки]	1	[{"added": {}}]	30	1
98	2025-11-05 19:48:26.848547+00	38	zholamanoff@gmail.com	3		6	1
99	2025-11-05 19:48:43.817477+00	4	test Test (zholamanoff@gmail.com) → Группа 1 [Отправлено]	3		30	1
100	2025-11-05 19:49:18.832126+00	5	test Test (zholamanoff@gmail.com) → Группа 1 [Ожидает отправки]	1	[{"added": {}}]	30	1
101	2025-11-05 19:55:16.545527+00	39	zholamanoff@gmail.com	3		6	1
102	2025-11-05 19:57:12.347132+00	5	test Test (zholamanoff@gmail.com) → Группа 1 [Отправлено]	2	[{"changed": {"fields": ["\\u0418\\u0418\\u041d"]}}]	30	1
103	2025-11-05 19:57:14.509028+00	5	test Test (zholamanoff@gmail.com) → Группа 1 [Отправлено]	2	[]	30	1
104	2025-11-05 19:57:30.842294+00	5	test Test (zholamanoff@gmail.com) → Группа 1 [Отправлено]	3		30	1
105	2025-11-05 19:58:01.635522+00	6	dassada dasdas (zholamanoff@gmail.com) → Группа 1 [Ожидает отправки]	1	[{"added": {}}]	30	1
106	2025-11-05 19:58:06.932247+00	6	dassada dasdas (zholamanoff@gmail.com) → Группа 1 [Ожидает отправки]	2	[]	30	1
107	2025-11-06 08:45:18.345388+00	40	zholamanoff@gmail.com	3		6	1
108	2025-11-06 08:45:18.345414+00	37	pobiz@inbox.ru	3		6	1
109	2025-11-06 11:27:31.416917+00	1	Первая категория	1	[{"added": {}}, {"added": {"name": "\\u041c\\u043e\\u0434\\u0443\\u043b\\u044c", "object": "\\u041f\\u0435\\u0440\\u0432\\u0430\\u044f \\u043a\\u0430\\u0442\\u0435\\u0433\\u043e\\u0440\\u0438\\u044f - \\u043f\\u0435\\u0440\\u0432\\u044b\\u0439 \\u043c\\u043e\\u0434\\u0443\\u043b\\u044c"}}, {"added": {"name": "\\u041c\\u043e\\u0434\\u0443\\u043b\\u044c", "object": "\\u041f\\u0435\\u0440\\u0432\\u0430\\u044f \\u043a\\u0430\\u0442\\u0435\\u0433\\u043e\\u0440\\u0438\\u044f - \\u0432\\u0442\\u043e\\u0440\\u043e\\u0439 \\u043c\\u043e\\u0434\\u0443\\u043b\\u044c"}}]	32	1
110	2025-11-06 11:28:31.696701+00	1	📹 Видео - видео для первого урока	1	[{"added": {}}]	31	1
111	2025-11-06 11:31:01.028923+00	2	📄 Текст - тестовый урок	1	[{"added": {}}]	31	1
112	2025-11-06 11:32:46.808798+00	1	Видео: видео для первого урока	1	[{"added": {}}]	36	1
113	2025-11-06 11:33:07.257234+00	1	Текст: тестовый урок	1	[{"added": {}}]	35	1
114	2025-11-06 11:46:52.933828+00	3	❓ Тест - тест на знание воздушного права	1	[{"added": {}}]	31	1
115	2025-11-06 11:48:04.025336+00	1	Тест: тест на знание воздушного права	1	[{"added": {}}, {"added": {"name": "\\u0412\\u043e\\u043f\\u0440\\u043e\\u0441", "object": "\\u0442\\u0435\\u0441\\u0442 \\u043d\\u0430 \\u0437\\u043d\\u0430\\u043d\\u0438\\u0435 \\u0432\\u043e\\u0437\\u0434\\u0443\\u0448\\u043d\\u043e\\u0433\\u043e \\u043f\\u0440\\u0430\\u0432\\u0430 - \\u0432\\u043e\\u043f\\u0440\\u043e\\u0441 \\u043a\\u043e\\u0442\\u043e\\u0440\\u044b\\u0439 \\u0437\\u0430\\u0441\\u0442\\u0430\\u0432\\u0438\\u0442 \\u0434\\u0443\\u043c\\u0430\\u0442\\u044c"}}, {"added": {"name": "\\u0412\\u043e\\u043f\\u0440\\u043e\\u0441", "object": "\\u0442\\u0435\\u0441\\u0442 \\u043d\\u0430 \\u0437\\u043d\\u0430\\u043d\\u0438\\u0435 \\u0432\\u043e\\u0437\\u0434\\u0443\\u0448\\u043d\\u043e\\u0433\\u043e \\u043f\\u0440\\u0430\\u0432\\u0430 - \\u0432\\u0442\\u043e\\u0440\\u043e\\u0439 \\u0432\\u043e\\u043f\\u0440\\u043e\\u0441"}}]	37	1
116	2025-11-06 11:48:52.409063+00	1	❌ ответ на вопрос который дает пояснение	1	[{"added": {}}]	40	1
117	2025-11-06 11:50:30.016429+00	1	тест на знание воздушного права - вопрос который заставит думать	2	[{"changed": {"name": "\\u0412\\u0430\\u0440\\u0438\\u0430\\u043d\\u0442 \\u043e\\u0442\\u0432\\u0435\\u0442\\u0430", "object": "\\u2705 \\u043e\\u0442\\u0432\\u0435\\u0442 \\u043d\\u0430 \\u0432\\u043e\\u043f\\u0440\\u043e\\u0441 \\u043a\\u043e\\u0442\\u043e\\u0440\\u044b\\u0439 \\u0434\\u0430\\u0435\\u0442 \\u043f\\u043e\\u044f\\u0441\\u043d\\u0435\\u043d\\u0438\\u0435", "fields": ["\\u041f\\u0440\\u0430\\u0432\\u0438\\u043b\\u044c\\u043d\\u044b\\u0439 \\u043e\\u0442\\u0432\\u0435\\u0442"]}}]	39	1
118	2025-11-06 12:14:13.331948+00	4	📝 Домашнее задание - ДЗ по заявке	1	[{"added": {}}]	31	1
119	2025-11-06 12:19:45.395323+00	1	Задание: ДЗ по заявке	1	[{"added": {}}]	42	1
120	2025-11-06 12:23:56.89278+00	1	Первая категория - Общая группа [ДЕФОЛТ]	1	[{"added": {}}, {"added": {"name": "\\u0418\\u043d\\u0441\\u0442\\u0440\\u0443\\u043a\\u0442\\u043e\\u0440 \\u0433\\u0440\\u0443\\u043f\\u043f\\u044b", "object": "\\u2705   \\u2192 \\u041e\\u0431\\u0449\\u0430\\u044f \\u0433\\u0440\\u0443\\u043f\\u043f\\u0430"}}]	45	1
121	2025-11-06 12:24:42.018903+00	2	Первая категория - Первая категория: КазМунайГаз	1	[{"added": {}}, {"added": {"name": "\\u0418\\u043d\\u0441\\u0442\\u0440\\u0443\\u043a\\u0442\\u043e\\u0440 \\u0433\\u0440\\u0443\\u043f\\u043f\\u044b", "object": "\\u2705   \\u2192 \\u041f\\u0435\\u0440\\u0432\\u0430\\u044f \\u043a\\u0430\\u0442\\u0435\\u0433\\u043e\\u0440\\u0438\\u044f: \\u041a\\u0430\\u0437\\u041c\\u0443\\u043d\\u0430\\u0439\\u0413\\u0430\\u0437"}}]	45	1
122	2025-11-06 12:24:44.979797+00	2	Первая категория - Первая категория: КазМунайГаз [ДЕФОЛТ]	2	[{"changed": {"fields": ["\\u0414\\u0435\\u0444\\u043e\\u043b\\u0442\\u043d\\u0430\\u044f \\u0433\\u0440\\u0443\\u043f\\u043f\\u0430"]}}]	45	1
123	2025-11-06 12:24:48.847865+00	2	Первая категория - Первая категория: КазМунайГаз	2	[{"changed": {"fields": ["\\u0414\\u0435\\u0444\\u043e\\u043b\\u0442\\u043d\\u0430\\u044f \\u0433\\u0440\\u0443\\u043f\\u043f\\u0430"]}}]	45	1
124	2025-11-06 13:05:26.6295+00	1	Zholamanov Aidarbek → Первая категория	1	[{"added": {}}]	49	1
125	2025-11-06 13:05:57.43151+00	1	✅ Zholamanov Aidarbek - видео для первого урока	1	[{"added": {}}]	50	1
126	2025-11-06 13:14:28.680722+00	1	Первая категория - Общая группа [ДЕФОЛТ]	2	[{"added": {"name": "\\u0427\\u043b\\u0435\\u043d\\u0441\\u0442\\u0432\\u043e \\u0432 \\u0433\\u0440\\u0443\\u043f\\u043f\\u0435", "object": "\\u2705 Zholamanov Aidarbek \\u2192 \\u041e\\u0431\\u0449\\u0430\\u044f \\u0433\\u0440\\u0443\\u043f\\u043f\\u0430"}}]	45	1
127	2025-11-06 13:54:32.184938+00	3	Первая категория - казмунайгаз [ДЕФОЛТ/ВЫПУСКНИКИ]	1	[{"added": {}}, {"added": {"name": "\\u0427\\u043b\\u0435\\u043d\\u0441\\u0442\\u0432\\u043e \\u0432 \\u0433\\u0440\\u0443\\u043f\\u043f\\u0435", "object": "\\u2705 Zholamanov Aidarbek \\u2192 \\u043a\\u0430\\u0437\\u043c\\u0443\\u043d\\u0430\\u0439\\u0433\\u0430\\u0437"}}]	45	1
128	2025-11-06 13:56:15.864981+00	3	Первая категория - казмунайгаз [ДЕФОЛТ/ВЫПУСКНИКИ]	2	[{"added": {"name": "\\u0418\\u043d\\u0441\\u0442\\u0440\\u0443\\u043a\\u0442\\u043e\\u0440 \\u0433\\u0440\\u0443\\u043f\\u043f\\u044b", "object": "\\u2705   \\u2192 \\u043a\\u0430\\u0437\\u043c\\u0443\\u043d\\u0430\\u0439\\u0433\\u0430\\u0437"}}]	45	1
129	2025-11-06 13:59:08.926246+00	3	Первая категория - казмунайгаз [ДЕФОЛТ/ВЫПУСКНИКИ]	2	[{"changed": {"fields": ["\\u0420\\u043e\\u0434\\u0438\\u0442\\u0435\\u043b\\u044c\\u0441\\u043a\\u0430\\u044f \\u0433\\u0440\\u0443\\u043f\\u043f\\u0430"]}}]	45	1
130	2025-11-06 14:45:48.941662+00	3	Первая категория - казмунайгаз [ДЕФОЛТ]	2	[{"deleted": {"name": "\\u0427\\u043b\\u0435\\u043d\\u0441\\u0442\\u0432\\u043e \\u0432 \\u0433\\u0440\\u0443\\u043f\\u043f\\u0435", "object": "\\u2705 Zholamanov Aidarbek \\u2192 \\u043a\\u0430\\u0437\\u043c\\u0443\\u043d\\u0430\\u0439\\u0433\\u0430\\u0437"}}]	45	1
131	2025-11-07 08:51:36.933985+00	3	Первая категория - казмунайгаз [ДЕФОЛТ]	3		45	1
132	2025-11-07 08:52:17.428727+00	4	Первая категория - казумнайгаз	1	[{"added": {}}, {"added": {"name": "\\u0418\\u043d\\u0441\\u0442\\u0440\\u0443\\u043a\\u0442\\u043e\\u0440 \\u0433\\u0440\\u0443\\u043f\\u043f\\u044b", "object": "\\u2705   \\u2192 \\u043a\\u0430\\u0437\\u0443\\u043c\\u043d\\u0430\\u0439\\u0433\\u0430\\u0437"}}]	45	1
133	2025-11-07 09:18:39.130716+00	2	Zholamanov Aidarbek → Первая категория	3		49	1
134	2025-11-07 09:20:54.67941+00	3	Zholamanov Aidarbek → Первая категория	2	[{"changed": {"fields": ["\\u0421\\u0442\\u0430\\u0442\\u0443\\u0441 \\u043e\\u043f\\u043b\\u0430\\u0442\\u044b"]}}]	49	1
135	2025-11-07 10:20:28.33492+00	1	Базовый курс пилотов дронов	2	[{"changed": {"fields": ["\\u041d\\u0430\\u0437\\u0432\\u0430\\u043d\\u0438\\u0435 \\u043a\\u0443\\u0440\\u0441\\u0430"]}}]	32	1
136	2025-11-07 10:21:35.358141+00	5	Базовый курс пилотов дронов - Общая группа (самооплата) [B2C]	1	[{"added": {}}, {"added": {"name": "\\u0418\\u043d\\u0441\\u0442\\u0440\\u0443\\u043a\\u0442\\u043e\\u0440 \\u0433\\u0440\\u0443\\u043f\\u043f\\u044b", "object": "\\u2705   \\u2192 \\u041e\\u0431\\u0449\\u0430\\u044f \\u0433\\u0440\\u0443\\u043f\\u043f\\u0430 (\\u0441\\u0430\\u043c\\u043e\\u043e\\u043f\\u043b\\u0430\\u0442\\u0430)"}}]	45	1
137	2025-11-07 10:21:38.836032+00	5	Базовый курс пилотов дронов - Общая группа (самооплата) [B2C]	2	[]	45	1
138	2025-11-07 10:22:27.863713+00	6	Базовый курс пилотов дронов - Корпорация X [B2B]	1	[{"added": {}}, {"added": {"name": "\\u0418\\u043d\\u0441\\u0442\\u0440\\u0443\\u043a\\u0442\\u043e\\u0440 \\u0433\\u0440\\u0443\\u043f\\u043f\\u044b", "object": "\\u2705   \\u2192 \\u041a\\u043e\\u0440\\u043f\\u043e\\u0440\\u0430\\u0446\\u0438\\u044f X"}}]	45	1
139	2025-11-07 12:19:27.074488+00	6	Базовый курс пилотов дронов - Корпорация X [B2B]	3		45	1
140	2025-11-07 12:19:46.744328+00	4	Базовый курс пилотов дронов - казумнайгаз [B2B]	2	[{"deleted": {"name": "\\u0427\\u043b\\u0435\\u043d\\u0441\\u0442\\u0432\\u043e \\u0432 \\u0433\\u0440\\u0443\\u043f\\u043f\\u0435", "object": "\\u274c Zholamanov Aidarbek \\u2192 \\u043a\\u0430\\u0437\\u0443\\u043c\\u043d\\u0430\\u0439\\u0433\\u0430\\u0437"}}]	45	1
141	2025-11-07 12:37:01.204795+00	42	zholamanoff@gmail.com	3		6	1
142	2025-11-07 12:38:52.895995+00	4	Базовый курс пилотов дронов - казумнайгаз [B2B]	2	[{"deleted": {"name": "\\u0427\\u043b\\u0435\\u043d\\u0441\\u0442\\u0432\\u043e \\u0432 \\u0433\\u0440\\u0443\\u043f\\u043f\\u0435", "object": "\\u2705 Test Testsj \\u2192 \\u043a\\u0430\\u0437\\u0443\\u043c\\u043d\\u0430\\u0439\\u0433\\u0430\\u0437"}}]	45	1
143	2025-11-07 12:42:30.590196+00	5	Test Testsj → Базовый курс пилотов дронов	3		49	1
144	2025-11-07 12:42:30.590234+00	3	Zholamanov Aidarbek → Базовый курс пилотов дронов	3		49	1
145	2025-11-08 12:58:13.729406+00	2	📄 Текст - тестовый урок	2	[{"changed": {"fields": ["\\u0417\\u0430\\u0434\\u0435\\u0440\\u0436\\u043a\\u0430 \\u0434\\u043e\\u0441\\u0442\\u0443\\u043f\\u0430 (\\u0447\\u0430\\u0441\\u044b)"]}}]	31	1
146	2025-11-08 12:58:19.891652+00	3	❓ Тест - тест на знание воздушного права	2	[{"changed": {"fields": ["\\u0417\\u0430\\u0434\\u0435\\u0440\\u0436\\u043a\\u0430 \\u0434\\u043e\\u0441\\u0442\\u0443\\u043f\\u0430 (\\u0447\\u0430\\u0441\\u044b)"]}}]	31	1
147	2025-11-08 13:03:10.658335+00	4	Базовый курс пилотов дронов - казумнайгаз [B2B]	2	[{"deleted": {"name": "\\u0427\\u043b\\u0435\\u043d\\u0441\\u0442\\u0432\\u043e \\u0432 \\u0433\\u0440\\u0443\\u043f\\u043f\\u0435", "object": "\\u2705 Zholamanov Aidarbek \\u2192 \\u043a\\u0430\\u0437\\u0443\\u043c\\u043d\\u0430\\u0439\\u0433\\u0430\\u0437"}}]	45	1
148	2025-11-08 18:50:29.92612+00	1	Zholamanov Aidarbek - видео для первого урока (90%)	2	[{"changed": {"fields": ["\\u041f\\u0440\\u043e\\u0446\\u0435\\u043d\\u0442 \\u043f\\u0440\\u043e\\u0441\\u043c\\u043e\\u0442\\u0440\\u0430"]}}]	48	1
149	2025-11-09 08:14:08.17651+00	1	Видео: видео для первого урока	2	[{"changed": {"fields": ["\\u041f\\u043e\\u0440\\u043e\\u0433 \\u0437\\u0430\\u0432\\u0435\\u0440\\u0448\\u0435\\u043d\\u0438\\u044f (%)"]}}]	36	1
150	2025-11-09 08:40:30.035484+00	10	⏳ Test Testsj - видео для первого урока	3		50	1
151	2025-11-09 08:40:30.035508+00	2	✅ Zholamanov Aidarbek - видео для первого урока	3		50	1
152	2025-11-09 08:40:30.03552+00	11	⏳ Test Testsj - тестовый урок	3		50	1
153	2025-11-09 08:40:30.035532+00	3	✅ Zholamanov Aidarbek - тестовый урок	3		50	1
154	2025-11-09 08:40:30.035543+00	12	⏳ Test Testsj - тест на знание воздушного права	3		50	1
155	2025-11-09 08:40:30.035553+00	4	⏳ Zholamanov Aidarbek - тест на знание воздушного права	3		50	1
156	2025-11-09 08:40:30.035563+00	13	⏳ Test Testsj - ДЗ по заявке	3		50	1
157	2025-11-09 08:40:30.035573+00	5	⏳ Zholamanov Aidarbek - ДЗ по заявке	3		50	1
158	2025-11-09 08:41:05.533838+00	1	📹 Видео - 1 видео для первого урока	2	[{"changed": {"fields": ["\\u041d\\u0430\\u0437\\u0432\\u0430\\u043d\\u0438\\u0435 \\u0443\\u0440\\u043e\\u043a\\u0430"]}}]	31	1
159	2025-11-09 08:41:16.29372+00	2	📄 Текст - 2 тестовый урок	2	[{"changed": {"fields": ["\\u041d\\u0430\\u0437\\u0432\\u0430\\u043d\\u0438\\u0435 \\u0443\\u0440\\u043e\\u043a\\u0430"]}}]	31	1
160	2025-11-09 08:41:23.052974+00	3	❓ Тест - 3 тест на знание воздушного права	2	[{"changed": {"fields": ["\\u041d\\u0430\\u0437\\u0432\\u0430\\u043d\\u0438\\u0435 \\u0443\\u0440\\u043e\\u043a\\u0430"]}}]	31	1
161	2025-11-09 08:41:28.90479+00	4	📝 Домашнее задание - 4 ДЗ по заявке	2	[{"changed": {"fields": ["\\u041d\\u0430\\u0437\\u0432\\u0430\\u043d\\u0438\\u0435 \\u0443\\u0440\\u043e\\u043a\\u0430"]}}]	31	1
162	2025-11-09 08:42:25.963819+00	1	Видео: 1 видео для первого урока	2	[{"changed": {"fields": ["\\u041f\\u043e\\u0440\\u043e\\u0433 \\u0437\\u0430\\u0432\\u0435\\u0440\\u0448\\u0435\\u043d\\u0438\\u044f (%)"]}}]	36	1
163	2025-11-09 08:42:39.223071+00	14	✅ Zholamanov Aidarbek - 1 видео для первого урока	2	[{"changed": {"fields": ["\\u0417\\u0430\\u0432\\u0435\\u0440\\u0448\\u0435\\u043d"]}}]	50	1
164	2025-11-09 08:44:26.122+00	14	✅ Zholamanov Aidarbek - 1 видео для первого урока	3		50	1
166	2025-11-09 08:44:47.712203+00	1	Zholamanov Aidarbek - 1 видео для первого урока (90.00%)	3		48	1
167	2025-11-09 08:45:23.780699+00	2	Zholamanov Aidarbek - 1 видео для первого урока (90%)	2	[{"changed": {"fields": ["\\u041f\\u0440\\u043e\\u0446\\u0435\\u043d\\u0442 \\u043f\\u0440\\u043e\\u0441\\u043c\\u043e\\u0442\\u0440\\u0430"]}}]	48	1
168	2025-11-09 08:46:15.284489+00	2	Zholamanov Aidarbek - 1 видео для первого урока (90.00%)	3		48	1
169	2025-11-09 08:46:22.201592+00	16	⏳ Zholamanov Aidarbek - 1 видео для первого урока	3		50	1
170	2025-11-09 08:46:53.92633+00	17	✅ Zholamanov Aidarbek - 1 видео для первого урока	2	[{"changed": {"fields": ["\\u0417\\u0430\\u0432\\u0435\\u0440\\u0448\\u0435\\u043d"]}}]	50	1
171	2025-11-09 08:48:43.329205+00	3	Zholamanov Aidarbek - 1 видео для первого урока (0.00%)	3		48	1
172	2025-11-09 08:48:50.12062+00	17	✅ Zholamanov Aidarbek - 1 видео для первого урока	3		50	1
173	2025-11-09 08:48:50.120642+00	18	⏳ Zholamanov Aidarbek - 2 тестовый урок	3		50	1
174	2025-11-09 08:49:22.016584+00	4	Zholamanov Aidarbek - 1 видео для первого урока (90%)	2	[{"changed": {"fields": ["\\u041f\\u0440\\u043e\\u0446\\u0435\\u043d\\u0442 \\u043f\\u0440\\u043e\\u0441\\u043c\\u043e\\u0442\\u0440\\u0430"]}}]	48	1
175	2025-11-09 08:49:29.437506+00	19	✅ Zholamanov Aidarbek - 1 видео для первого урока	2	[{"changed": {"fields": ["\\u0417\\u0430\\u0432\\u0435\\u0440\\u0448\\u0435\\u043d"]}}]	50	1
176	2025-11-09 10:26:10.950373+00	2	Вторая категория	1	[{"added": {}}]	32	1
177	2025-11-09 10:30:56.123622+00	19	✅ Zholamanov Aidarbek - 1 видео для первого урока	3		50	1
178	2025-11-09 10:30:56.123652+00	20	⏳ Zholamanov Aidarbek - 2 тестовый урок	3		50	1
179	2025-11-09 10:31:08.024629+00	7	✅ Zholamanov Aidarbek → Базовый курс пилотов дронов (казумнайгаз)	3		49	1
180	2025-11-09 10:31:42.800877+00	4	Базовый курс пилотов дронов - казумнайгаз [B2B]	2	[{"deleted": {"name": "\\u0427\\u043b\\u0435\\u043d\\u0441\\u0442\\u0432\\u043e \\u0432 \\u0433\\u0440\\u0443\\u043f\\u043f\\u0435", "object": "\\u2705 Zholamanov Aidarbek \\u2192 \\u043a\\u0430\\u0437\\u0443\\u043c\\u043d\\u0430\\u0439\\u0433\\u0430\\u0437"}}]	45	1
181	2025-11-09 10:31:51.286731+00	4	Базовый курс пилотов дронов - казумнайгаз [B2B]	2	[{"added": {"name": "\\u0427\\u043b\\u0435\\u043d\\u0441\\u0442\\u0432\\u043e \\u0432 \\u0433\\u0440\\u0443\\u043f\\u043f\\u0435", "object": "\\u2705 Zholamanov Aidarbek \\u2192 \\u043a\\u0430\\u0437\\u0443\\u043c\\u043d\\u0430\\u0439\\u0433\\u0430\\u0437"}}]	45	1
182	2025-11-09 10:33:11.528256+00	4	Базовый курс пилотов дронов - казумнайгаз [B2B]	2	[{"deleted": {"name": "\\u0427\\u043b\\u0435\\u043d\\u0441\\u0442\\u0432\\u043e \\u0432 \\u0433\\u0440\\u0443\\u043f\\u043f\\u0435", "object": "\\u2705 Zholamanov Aidarbek \\u2192 \\u043a\\u0430\\u0437\\u0443\\u043c\\u043d\\u0430\\u0439\\u0433\\u0430\\u0437"}}]	45	1
183	2025-11-09 10:45:20.573378+00	2	📄 Текст - 2 тестовый урок	2	[{"changed": {"fields": ["\\u0417\\u0430\\u0434\\u0435\\u0440\\u0436\\u043a\\u0430 \\u0434\\u043e\\u0441\\u0442\\u0443\\u043f\\u0430 (\\u0447\\u0430\\u0441\\u044b)"]}}]	31	1
184	2025-11-09 10:51:17.402782+00	21	✅ Zholamanov Aidarbek - 1 видео для первого урока	3		50	1
185	2025-11-09 10:51:17.402859+00	22	✅ Zholamanov Aidarbek - 2 тестовый урок	3		50	1
186	2025-11-09 10:51:17.402954+00	23	⏳ Zholamanov Aidarbek - 3 тест на знание воздушного права	3		50	1
187	2025-11-09 10:51:17.402976+00	24	⏳ Zholamanov Aidarbek - 4 ДЗ по заявке	3		50	1
188	2025-11-09 10:51:23.302788+00	4	Zholamanov Aidarbek - 1 видео для первого урока (95.00%)	3		48	1
189	2025-11-09 10:51:45.084465+00	8	✅ Zholamanov Aidarbek → Базовый курс пилотов дронов (казумнайгаз)	3		49	1
190	2025-11-09 10:52:13.920329+00	4	Базовый курс пилотов дронов - казумнайгаз [B2B]	2	[{"deleted": {"name": "\\u0427\\u043b\\u0435\\u043d\\u0441\\u0442\\u0432\\u043e \\u0432 \\u0433\\u0440\\u0443\\u043f\\u043f\\u0435", "object": "\\u2705 Zholamanov Aidarbek \\u2192 \\u043a\\u0430\\u0437\\u0443\\u043c\\u043d\\u0430\\u0439\\u0433\\u0430\\u0437"}}]	45	1
191	2025-11-09 10:52:41.464411+00	25	✅ Zholamanov Aidarbek - 1 видео для первого урока	2	[{"changed": {"fields": ["\\u0417\\u0430\\u0432\\u0435\\u0440\\u0448\\u0435\\u043d"]}}]	50	1
192	2025-11-09 10:52:47.696639+00	25	✅ Zholamanov Aidarbek - 1 видео для первого урока	2	[]	50	1
193	2025-11-09 10:53:22.355235+00	5	Zholamanov Aidarbek - 1 видео для первого урока (100%)	1	[{"added": {}}]	48	1
194	2025-11-09 10:56:04.862346+00	25	⏳ Zholamanov Aidarbek - 1 видео для первого урока	2	[{"changed": {"fields": ["\\u0417\\u0430\\u0432\\u0435\\u0440\\u0448\\u0435\\u043d"]}}]	50	1
195	2025-11-09 11:02:13.701217+00	2	📄 Текст - 2 тестовый урок	2	[{"changed": {"fields": ["\\u0417\\u0430\\u0434\\u0435\\u0440\\u0436\\u043a\\u0430 \\u0434\\u043e\\u0441\\u0442\\u0443\\u043f\\u0430 (\\u0447\\u0430\\u0441\\u044b)"]}}]	31	1
196	2025-11-09 11:38:12.52923+00	41	pobiz@inbox.ru	2	[{"changed": {"fields": ["\\u0418\\u043c\\u044f"]}}]	6	1
197	2025-11-09 11:38:35.768406+00	41	pobiz@inbox.ru	2	[{"changed": {"fields": ["\\u0418\\u043c\\u044f"]}}]	6	1
198	2025-11-09 13:10:08.539073+00	1	📹 Видео - 1 видео для первого урока	2	[{"changed": {"fields": ["\\u0422\\u0440\\u0435\\u0431\\u0443\\u0435\\u0442 \\u0437\\u0430\\u0432\\u0435\\u0440\\u0448\\u0435\\u043d\\u0438\\u044f \\u043f\\u0440\\u0435\\u0434\\u044b\\u0434\\u0443\\u0449\\u0435\\u0433\\u043e \\u0443\\u0440\\u043e\\u043a\\u0430"]}}]	31	1
199	2025-11-09 13:42:30.406614+00	3	❓ Тест - 3 тест на знание воздушного права	2	[{"changed": {"fields": ["\\u0417\\u0430\\u0434\\u0435\\u0440\\u0436\\u043a\\u0430 \\u0434\\u043e\\u0441\\u0442\\u0443\\u043f\\u0430 (\\u0447\\u0430\\u0441\\u044b)"]}}]	31	1
200	2025-11-09 13:43:52.512175+00	3	❓ Тест - 3 тест на знание воздушного права	2	[{"changed": {"fields": ["\\u041f\\u043e\\u0440\\u044f\\u0434\\u043e\\u043a"]}}]	31	1
201	2025-11-09 13:52:49.772464+00	3	❓ Тест - 3 тест на знание воздушного права	2	[{"changed": {"fields": ["\\u041f\\u043e\\u0440\\u044f\\u0434\\u043e\\u043a"]}}]	31	1
202	2025-11-09 13:52:56.021529+00	4	📝 Домашнее задание - 4 ДЗ по заявке	2	[{"changed": {"fields": ["\\u041f\\u043e\\u0440\\u044f\\u0434\\u043e\\u043a"]}}]	31	1
203	2025-11-09 22:13:49.345641+00	1	Видео: 1 видео для первого урока	2	[{"changed": {"fields": ["ID \\u0432\\u0438\\u0434\\u0435\\u043e Vimeo"]}}]	36	1
204	2025-11-09 22:17:50.888618+00	1	Видео: 1 видео для первого урока	2	[{"changed": {"fields": ["ID \\u0432\\u0438\\u0434\\u0435\\u043e Vimeo"]}}]	36	1
338	2025-11-14 13:40:31.761615+00	7	Базовый курс пилотов дронов - Группа #2093 [B2B]	3		45	1
205	2025-11-09 22:19:16.214803+00	1	📹 Видео - 1 видео для первого урока	2	[{"added": {"name": "\\u041c\\u0430\\u0442\\u0435\\u0440\\u0438\\u0430\\u043b \\u043a \\u0443\\u0440\\u043e\\u043a\\u0443", "object": "1 \\u0432\\u0438\\u0434\\u0435\\u043e \\u0434\\u043b\\u044f \\u043f\\u0435\\u0440\\u0432\\u043e\\u0433\\u043e \\u0443\\u0440\\u043e\\u043a\\u0430 - test"}}]	31	1
206	2025-11-09 22:28:49.014979+00	1	📹 Видео - 1 видео для первого урока	2	[{"changed": {"name": "\\u0412\\u0438\\u0434\\u0435\\u043e-\\u0443\\u0440\\u043e\\u043a", "object": "\\u0412\\u0438\\u0434\\u0435\\u043e: 1 \\u0432\\u0438\\u0434\\u0435\\u043e \\u0434\\u043b\\u044f \\u043f\\u0435\\u0440\\u0432\\u043e\\u0433\\u043e \\u0443\\u0440\\u043e\\u043a\\u0430", "fields": ["\\u0414\\u043b\\u0438\\u0442\\u0435\\u043b\\u044c\\u043d\\u043e\\u0441\\u0442\\u044c \\u0432\\u0438\\u0434\\u0435\\u043e (\\u0441\\u0435\\u043a\\u0443\\u043d\\u0434\\u044b)"]}}]	31	1
207	2025-11-09 22:57:30.815449+00	1	📹 Видео - 1 видео для первого урока	2	[{"changed": {"name": "\\u0412\\u0438\\u0434\\u0435\\u043e-\\u0443\\u0440\\u043e\\u043a", "object": "\\u0412\\u0438\\u0434\\u0435\\u043e: 1 \\u0432\\u0438\\u0434\\u0435\\u043e \\u0434\\u043b\\u044f \\u043f\\u0435\\u0440\\u0432\\u043e\\u0433\\u043e \\u0443\\u0440\\u043e\\u043a\\u0430", "fields": ["\\u041f\\u043e\\u0440\\u043e\\u0433 \\u0437\\u0430\\u0432\\u0435\\u0440\\u0448\\u0435\\u043d\\u0438\\u044f (%)"]}}]	31	1
208	2025-11-09 23:03:04.247168+00	1	Базовый курс пилотов дронов	2	[{"changed": {"fields": ["\\u0414\\u043b\\u0438\\u0442\\u0435\\u043b\\u044c\\u043d\\u043e\\u0441\\u0442\\u044c"]}}]	32	1
209	2025-11-09 23:24:42.773593+00	1	📹 Видео - 1 видео для первого урока	2	[{"changed": {"name": "\\u0412\\u0438\\u0434\\u0435\\u043e-\\u0443\\u0440\\u043e\\u043a", "object": "\\u0412\\u0438\\u0434\\u0435\\u043e: 1 \\u0432\\u0438\\u0434\\u0435\\u043e \\u0434\\u043b\\u044f \\u043f\\u0435\\u0440\\u0432\\u043e\\u0433\\u043e \\u0443\\u0440\\u043e\\u043a\\u0430", "fields": ["\\u041f\\u043e\\u0440\\u043e\\u0433 \\u0437\\u0430\\u0432\\u0435\\u0440\\u0448\\u0435\\u043d\\u0438\\u044f (%)"]}}]	31	1
210	2025-11-09 23:39:40.45516+00	1	📹 Видео - 1 видео для первого урока	2	[{"changed": {"name": "\\u0412\\u0438\\u0434\\u0435\\u043e-\\u0443\\u0440\\u043e\\u043a", "object": "\\u0412\\u0438\\u0434\\u0435\\u043e: 1 \\u0432\\u0438\\u0434\\u0435\\u043e \\u0434\\u043b\\u044f \\u043f\\u0435\\u0440\\u0432\\u043e\\u0433\\u043e \\u0443\\u0440\\u043e\\u043a\\u0430", "fields": ["\\u041f\\u043e\\u0440\\u043e\\u0433 \\u0437\\u0430\\u0432\\u0435\\u0440\\u0448\\u0435\\u043d\\u0438\\u044f (%)"]}}]	31	1
211	2025-11-09 23:40:43.951983+00	1	📹 Видео - 1 видео для первого урока	2	[]	31	1
212	2025-11-09 23:46:20.319835+00	5	Zholamanov Aidarbek - 1 видео для первого урока (100.00%)	3		48	1
213	2025-11-09 23:50:01.309099+00	6	Zholamanov Aidarbek - 1 видео для первого урока (75.78%)	3		48	1
214	2025-11-09 23:56:14.731363+00	1	📹 Видео - 1 видео для первого урока	2	[{"changed": {"name": "\\u0412\\u0438\\u0434\\u0435\\u043e-\\u0443\\u0440\\u043e\\u043a", "object": "\\u0412\\u0438\\u0434\\u0435\\u043e: 1 \\u0432\\u0438\\u0434\\u0435\\u043e \\u0434\\u043b\\u044f \\u043f\\u0435\\u0440\\u0432\\u043e\\u0433\\u043e \\u0443\\u0440\\u043e\\u043a\\u0430", "fields": ["\\u0422\\u0430\\u0439\\u043c\\u043a\\u043e\\u0434\\u044b"]}}]	31	1
215	2025-11-10 00:03:23.663058+00	7	Zholamanov Aidarbek - 1 видео для первого урока (56.85%)	3		48	1
216	2025-11-10 00:06:19.396127+00	1	📹 Видео - 1 видео для первого урока	2	[{"changed": {"name": "\\u0412\\u0438\\u0434\\u0435\\u043e-\\u0443\\u0440\\u043e\\u043a", "object": "\\u0412\\u0438\\u0434\\u0435\\u043e: 1 \\u0432\\u0438\\u0434\\u0435\\u043e \\u0434\\u043b\\u044f \\u043f\\u0435\\u0440\\u0432\\u043e\\u0433\\u043e \\u0443\\u0440\\u043e\\u043a\\u0430", "fields": ["ID \\u0432\\u0438\\u0434\\u0435\\u043e Vimeo"]}}]	31	1
217	2025-11-10 00:08:01.574727+00	1	📹 Видео - 1 видео для первого урока	2	[{"changed": {"name": "\\u0412\\u0438\\u0434\\u0435\\u043e-\\u0443\\u0440\\u043e\\u043a", "object": "\\u0412\\u0438\\u0434\\u0435\\u043e: 1 \\u0432\\u0438\\u0434\\u0435\\u043e \\u0434\\u043b\\u044f \\u043f\\u0435\\u0440\\u0432\\u043e\\u0433\\u043e \\u0443\\u0440\\u043e\\u043a\\u0430", "fields": ["\\u0414\\u043b\\u0438\\u0442\\u0435\\u043b\\u044c\\u043d\\u043e\\u0441\\u0442\\u044c \\u0432\\u0438\\u0434\\u0435\\u043e (\\u0441\\u0435\\u043a\\u0443\\u043d\\u0434\\u044b)"]}}]	31	1
218	2025-11-10 05:42:35.7765+00	41	pobiz@inbox.ru	3		6	1
219	2025-11-10 06:02:13.486094+00	4	Базовый курс пилотов дронов - казумнайгаз [B2B]	2	[{"added": {"name": "\\u0427\\u043b\\u0435\\u043d\\u0441\\u0442\\u0432\\u043e \\u0432 \\u0433\\u0440\\u0443\\u043f\\u043f\\u0435", "object": "\\u2705 zholamanov Aidarbek \\u2192 \\u043a\\u0430\\u0437\\u0443\\u043c\\u043d\\u0430\\u0439\\u0433\\u0430\\u0437"}}]	45	1
220	2025-11-10 06:02:25.992596+00	4	Базовый курс пилотов дронов - казумнайгаз [B2B]	2	[{"deleted": {"name": "\\u0427\\u043b\\u0435\\u043d\\u0441\\u0442\\u0432\\u043e \\u0432 \\u0433\\u0440\\u0443\\u043f\\u043f\\u0435", "object": "\\u2705 zholamanov Aidarbek \\u2192 \\u043a\\u0430\\u0437\\u0443\\u043c\\u043d\\u0430\\u0439\\u0433\\u0430\\u0437"}}]	45	1
221	2025-11-10 06:17:00.179376+00	2	📄 Текст - 2 тестовый урок	2	[{"changed": {"fields": ["\\u0417\\u0430\\u0434\\u0435\\u0440\\u0436\\u043a\\u0430 \\u0434\\u043e\\u0441\\u0442\\u0443\\u043f\\u0430 (\\u0447\\u0430\\u0441\\u044b)"]}}]	31	1
222	2025-11-10 06:32:04.828874+00	2	📄 Текст - 2 тестовый урок	2	[{"changed": {"fields": ["\\u041e\\u043f\\u0438\\u0441\\u0430\\u043d\\u0438\\u0435 \\u0443\\u0440\\u043e\\u043a\\u0430"]}}, {"changed": {"name": "\\u0422\\u0435\\u043a\\u0441\\u0442\\u043e\\u0432\\u044b\\u0439 \\u0443\\u0440\\u043e\\u043a", "object": "\\u0422\\u0435\\u043a\\u0441\\u0442: 2 \\u0442\\u0435\\u0441\\u0442\\u043e\\u0432\\u044b\\u0439 \\u0443\\u0440\\u043e\\u043a", "fields": ["\\u0421\\u043e\\u0434\\u0435\\u0440\\u0436\\u0438\\u043c\\u043e\\u0435 \\u0443\\u0440\\u043e\\u043a\\u0430"]}}]	31	1
223	2025-11-10 06:51:15.78294+00	2	📄 Текст - 2 тестовый урок	2	[{"added": {"name": "\\u041c\\u0430\\u0442\\u0435\\u0440\\u0438\\u0430\\u043b \\u043a \\u0443\\u0440\\u043e\\u043a\\u0443", "object": "2 \\u0442\\u0435\\u0441\\u0442\\u043e\\u0432\\u044b\\u0439 \\u0443\\u0440\\u043e\\u043a - \\u0442\\u0443\\u0442 \\u0444\\u0430\\u0439\\u043b"}}]	31	1
224	2025-11-10 06:59:50.723955+00	2	📄 Текст - 2 тестовый урок	2	[{"added": {"name": "\\u041c\\u0430\\u0442\\u0435\\u0440\\u0438\\u0430\\u043b \\u043a \\u0443\\u0440\\u043e\\u043a\\u0443", "object": "2 \\u0442\\u0435\\u0441\\u0442\\u043e\\u0432\\u044b\\u0439 \\u0443\\u0440\\u043e\\u043a - test"}}]	31	1
225	2025-11-10 07:29:24.507662+00	3	❓ Тест - 3 тест на знание воздушного права	2	[{"changed": {"fields": ["\\u0417\\u0430\\u0434\\u0435\\u0440\\u0436\\u043a\\u0430 \\u0434\\u043e\\u0441\\u0442\\u0443\\u043f\\u0430 (\\u0447\\u0430\\u0441\\u044b)"]}}]	31	1
226	2025-11-10 07:32:02.813188+00	2	❌ второй вариант	1	[{"added": {}}]	40	1
227	2025-11-10 07:32:06.062924+00	2	❌ второй вариант	2	[]	40	1
228	2025-11-10 07:32:20.230862+00	3	❌ третий ответ	1	[{"added": {}}]	40	1
229	2025-11-10 07:32:28.288391+00	4	❌ четвретый ответ	1	[{"added": {}}]	40	1
230	2025-11-10 07:32:38.562148+00	5	❌ второй ответ	1	[{"added": {}}]	40	1
231	2025-11-10 07:32:45.782198+00	6	❌ тест 2	1	[{"added": {}}]	40	1
232	2025-11-10 07:32:50.483225+00	7	❌ тест 3	1	[{"added": {}}]	40	1
233	2025-11-10 07:33:02.120617+00	8	✅ тест верный ответ	1	[{"added": {}}]	40	1
234	2025-11-10 07:34:14.878438+00	2	3 тест на знание воздушного права - второй вопрос	2	[{"changed": {"fields": ["\\u0422\\u0438\\u043f \\u0432\\u043e\\u043f\\u0440\\u043e\\u0441\\u0430"]}}, {"changed": {"name": "\\u0412\\u0430\\u0440\\u0438\\u0430\\u043d\\u0442 \\u043e\\u0442\\u0432\\u0435\\u0442\\u0430", "object": "\\u2705 \\u0442\\u0435\\u0441\\u0442 3", "fields": ["\\u041f\\u0440\\u0430\\u0432\\u0438\\u043b\\u044c\\u043d\\u044b\\u0439 \\u043e\\u0442\\u0432\\u0435\\u0442"]}}]	39	1
235	2025-11-10 07:45:37.53368+00	2	pobiz@inbox.ru - 3 тест на знание воздушного права (Попытка #2)	3		38	1
236	2025-11-10 07:45:37.533708+00	1	pobiz@inbox.ru - 3 тест на знание воздушного права (Попытка #1)	3		38	1
237	2025-11-10 07:45:58.595619+00	4	❌ четвретый ответ	3		40	1
238	2025-11-10 07:45:58.595648+00	3	❌ третий ответ	3		40	1
239	2025-11-10 07:45:58.59566+00	2	❌ второй вариант	3		40	1
240	2025-11-10 07:45:58.595672+00	1	✅ ответ на вопрос который дает пояснение	3		40	1
241	2025-11-10 07:45:58.595683+00	8	✅ тест верный ответ	3		40	1
242	2025-11-10 07:45:58.595693+00	7	✅ тест 3	3		40	1
243	2025-11-10 07:45:58.595703+00	6	❌ тест 2	3		40	1
244	2025-11-10 07:45:58.595713+00	5	❌ второй ответ	3		40	1
245	2025-11-10 07:46:23.852932+00	1	3 тест на знание воздушного права - вопрос который заставит думать	2	[{"added": {"name": "\\u0412\\u0430\\u0440\\u0438\\u0430\\u043d\\u0442 \\u043e\\u0442\\u0432\\u0435\\u0442\\u0430", "object": "\\u2705 \\u043e\\u0442\\u0432\\u0435\\u0442 1"}}, {"added": {"name": "\\u0412\\u0430\\u0440\\u0438\\u0430\\u043d\\u0442 \\u043e\\u0442\\u0432\\u0435\\u0442\\u0430", "object": "\\u274c \\u043e\\u0442\\u0432\\u0435\\u0442 2"}}, {"added": {"name": "\\u0412\\u0430\\u0440\\u0438\\u0430\\u043d\\u0442 \\u043e\\u0442\\u0432\\u0435\\u0442\\u0430", "object": "\\u274c \\u043e\\u0442\\u0432\\u0435\\u0442 3"}}]	39	1
246	2025-11-10 07:46:39.110072+00	2	3 тест на знание воздушного права - второй вопрос	2	[{"added": {"name": "\\u0412\\u0430\\u0440\\u0438\\u0430\\u043d\\u0442 \\u043e\\u0442\\u0432\\u0435\\u0442\\u0430", "object": "\\u2705 \\u043e\\u0442\\u0432\\u0435\\u0442 \\u043d\\u0430 2"}}, {"added": {"name": "\\u0412\\u0430\\u0440\\u0438\\u0430\\u043d\\u0442 \\u043e\\u0442\\u0432\\u0435\\u0442\\u0430", "object": "\\u274c \\u0432\\u044b\\u0432\\u0444\\u044b\\u0432\\u0444\\u044b"}}, {"added": {"name": "\\u0412\\u0430\\u0440\\u0438\\u0430\\u043d\\u0442 \\u043e\\u0442\\u0432\\u0435\\u0442\\u0430", "object": "\\u274c \\u0432\\u044b\\u0444\\u0432\\u0444"}}]	39	1
247	2025-11-10 07:53:43.53465+00	1	3 тест на знание воздушного права - вопрос который заставит думать	2	[{"changed": {"name": "\\u0412\\u0430\\u0440\\u0438\\u0430\\u043d\\u0442 \\u043e\\u0442\\u0432\\u0435\\u0442\\u0430", "object": "\\u2705 \\u043e\\u0442\\u0432\\u0435\\u0442 1 \\u043f\\u0440\\u0430\\u0432\\u0438\\u043b\\u044c\\u043d\\u044b\\u0439", "fields": ["\\u0422\\u0435\\u043a\\u0441\\u0442 \\u043e\\u0442\\u0432\\u0435\\u0442\\u0430"]}}]	39	1
248	2025-11-10 07:54:32.67945+00	2	3 тест на знание воздушного права - второй вопрос	2	[{"added": {"name": "\\u0412\\u0430\\u0440\\u0438\\u0430\\u043d\\u0442 \\u043e\\u0442\\u0432\\u0435\\u0442\\u0430", "object": "\\u2705 \\u043e\\u0442\\u0432\\u0435\\u0442 \\u043d\\u0430 3 \\u043f\\u0440\\u0430\\u0432\\u0438\\u043b\\u044c\\u043d\\u044b\\u0439"}}, {"changed": {"name": "\\u0412\\u0430\\u0440\\u0438\\u0430\\u043d\\u0442 \\u043e\\u0442\\u0432\\u0435\\u0442\\u0430", "object": "\\u2705 \\u043e\\u0442\\u0432\\u0435\\u0442 \\u043d\\u0430 2 \\u043f\\u0440\\u0430\\u0432\\u0438\\u043b\\u044c\\u043d\\u044b\\u0439", "fields": ["\\u0422\\u0435\\u043a\\u0441\\u0442 \\u043e\\u0442\\u0432\\u0435\\u0442\\u0430"]}}]	39	1
249	2025-11-10 09:36:25.854941+00	5	pobiz@inbox.ru - 3 тест на знание воздушного права (Попытка #3)	3		38	1
250	2025-11-10 09:36:25.854968+00	4	pobiz@inbox.ru - 3 тест на знание воздушного права (Попытка #2)	3		38	1
251	2025-11-10 09:36:25.854981+00	3	pobiz@inbox.ru - 3 тест на знание воздушного права (Попытка #1)	3		38	1
252	2025-11-10 09:41:14.397265+00	27	✅ pobiz@inbox.ru - вопрос который заставит думать	3		41	1
253	2025-11-10 09:41:14.397321+00	28	✅ pobiz@inbox.ru - второй вопрос	3		41	1
254	2025-11-10 09:41:14.397335+00	25	✅ pobiz@inbox.ru - вопрос который заставит думать	3		41	1
255	2025-11-10 09:41:14.39735+00	26	✅ pobiz@inbox.ru - второй вопрос	3		41	1
256	2025-11-10 09:41:14.397361+00	23	✅ pobiz@inbox.ru - вопрос который заставит думать	3		41	1
257	2025-11-10 09:41:14.397372+00	24	✅ pobiz@inbox.ru - второй вопрос	3		41	1
258	2025-11-10 09:43:53.199096+00	8	pobiz@inbox.ru - 3 тест на знание воздушного права (Попытка #3)	3		38	1
259	2025-11-10 09:43:53.199143+00	7	pobiz@inbox.ru - 3 тест на знание воздушного права (Попытка #2)	3		38	1
260	2025-11-10 09:43:53.199158+00	6	pobiz@inbox.ru - 3 тест на знание воздушного права (Попытка #1)	3		38	1
261	2025-11-10 09:52:33.553944+00	11	pobiz@inbox.ru - 3 тест на знание воздушного права (Попытка #3)	3		38	1
262	2025-11-10 09:52:33.553982+00	10	pobiz@inbox.ru - 3 тест на знание воздушного права (Попытка #2)	3		38	1
263	2025-11-10 09:52:33.553995+00	9	pobiz@inbox.ru - 3 тест на знание воздушного права (Попытка #1)	3		38	1
264	2025-11-10 10:17:23.59152+00	44	pobiz@inbox.ru	3		6	1
265	2025-11-10 10:27:22.996431+00	7	Вторая категория - Группа #2093 [B2B]	1	[{"added": {}}]	45	1
266	2025-11-10 10:28:04.421152+00	7	Базовый курс пилотов дронов - Группа #2093 [B2B]	2	[{"changed": {"fields": ["\\u041a\\u0443\\u0440\\u0441"]}}]	45	1
267	2025-11-10 10:28:16.361544+00	7	Базовый курс пилотов дронов - Группа #2093 [B2B]	2	[{"deleted": {"name": "\\u0427\\u043b\\u0435\\u043d\\u0441\\u0442\\u0432\\u043e \\u0432 \\u0433\\u0440\\u0443\\u043f\\u043f\\u0435", "object": "\\u2705 Aidarbek Samat \\u2192 \\u0413\\u0440\\u0443\\u043f\\u043f\\u0430 #2093"}}]	45	1
268	2025-11-10 10:40:15.775916+00	2	📄 Текст - 2 тестовый урок	2	[{"changed": {"fields": ["\\u0417\\u0430\\u0434\\u0435\\u0440\\u0436\\u043a\\u0430 \\u0434\\u043e\\u0441\\u0442\\u0443\\u043f\\u0430 (\\u0447\\u0430\\u0441\\u044b)"]}}]	31	1
269	2025-11-10 11:05:48.95167+00	16	pobiz@inbox.ru - 3 тест на знание воздушного права (Попытка #3)	3		38	1
270	2025-11-10 11:05:48.951713+00	15	pobiz@inbox.ru - 3 тест на знание воздушного права (Попытка #2)	3		38	1
271	2025-11-10 11:05:48.951726+00	14	pobiz@inbox.ru - 3 тест на знание воздушного права (Попытка #1)	3		38	1
272	2025-11-10 11:49:02.96292+00	4	📝 Домашнее задание - 4 ДЗ по заявке	2	[{"changed": {"fields": ["\\u0422\\u0440\\u0435\\u0431\\u0443\\u0435\\u0442 \\u0437\\u0430\\u0432\\u0435\\u0440\\u0448\\u0435\\u043d\\u0438\\u044f \\u043f\\u0440\\u0435\\u0434\\u044b\\u0434\\u0443\\u0449\\u0435\\u0433\\u043e \\u0443\\u0440\\u043e\\u043a\\u0430"]}}]	31	1
273	2025-11-10 11:51:05.520172+00	4	📝 Домашнее задание - 4 ДЗ по заявке	2	[{"changed": {"fields": ["\\u0422\\u0440\\u0435\\u0431\\u0443\\u0435\\u0442 \\u0437\\u0430\\u0432\\u0435\\u0440\\u0448\\u0435\\u043d\\u0438\\u044f \\u043f\\u0440\\u0435\\u0434\\u044b\\u0434\\u0443\\u0449\\u0435\\u0433\\u043e \\u0443\\u0440\\u043e\\u043a\\u0430"]}}]	31	1
274	2025-11-10 11:51:58.659087+00	4	📝 Домашнее задание - 4 ДЗ по заявке	2	[{"changed": {"fields": ["\\u0417\\u0430\\u0434\\u0435\\u0440\\u0436\\u043a\\u0430 \\u0434\\u043e\\u0441\\u0442\\u0443\\u043f\\u0430 (\\u0447\\u0430\\u0441\\u044b)"]}}]	31	1
275	2025-11-10 11:52:23.75075+00	4	📝 Домашнее задание - 4 ДЗ по заявке	2	[{"changed": {"fields": ["\\u0417\\u0430\\u0434\\u0435\\u0440\\u0436\\u043a\\u0430 \\u0434\\u043e\\u0441\\u0442\\u0443\\u043f\\u0430 (\\u0447\\u0430\\u0441\\u044b)"]}}]	31	1
276	2025-11-10 12:09:22.482582+00	1	pobiz@inbox.ru - 4 ДЗ по заявке (#1)	2	[{"changed": {"fields": ["\\u0421\\u0442\\u0430\\u0442\\u0443\\u0441", "\\u0411\\u0430\\u043b\\u043b", "\\u041e\\u0431\\u0440\\u0430\\u0442\\u043d\\u0430\\u044f \\u0441\\u0432\\u044f\\u0437\\u044c \\u043e\\u0442 \\u043f\\u0440\\u0435\\u043f\\u043e\\u0434\\u0430\\u0432\\u0430\\u0442\\u0435\\u043b\\u044f", "\\u041f\\u0440\\u043e\\u0432\\u0435\\u0440\\u0438\\u043b"]}}]	43	1
277	2025-11-10 12:13:54.701669+00	1	pobiz@inbox.ru - 4 ДЗ по заявке (#1)	2	[]	43	1
278	2025-11-10 12:14:07.406728+00	1	pobiz@inbox.ru - 4 ДЗ по заявке (#1)	2	[{"changed": {"fields": ["\\u0421\\u0442\\u0430\\u0442\\u0443\\u0441"]}}]	43	1
279	2025-11-10 12:14:25.084056+00	1	pobiz@inbox.ru - 4 ДЗ по заявке (#1)	2	[{"changed": {"fields": ["\\u0421\\u0442\\u0430\\u0442\\u0443\\u0441"]}}]	43	1
280	2025-11-10 12:39:16.064898+00	1	Задание: 4 ДЗ по заявке	3		42	1
281	2025-11-10 12:39:32.394179+00	4	📝 Домашнее задание - 4 ДЗ по заявке	2	[]	31	1
282	2025-11-10 12:40:07.701037+00	2	Задание: 4 ДЗ по заявке	1	[{"added": {}}]	42	1
283	2025-11-10 12:40:41.228718+00	2	pobiz@inbox.ru - 4 ДЗ по заявке (#1)	2	[{"changed": {"fields": ["\\u0421\\u0442\\u0430\\u0442\\u0443\\u0441", "\\u0411\\u0430\\u043b\\u043b", "\\u041e\\u0431\\u0440\\u0430\\u0442\\u043d\\u0430\\u044f \\u0441\\u0432\\u044f\\u0437\\u044c \\u043e\\u0442 \\u043f\\u0440\\u0435\\u043f\\u043e\\u0434\\u0430\\u0432\\u0430\\u0442\\u0435\\u043b\\u044f", "\\u041f\\u0440\\u043e\\u0432\\u0435\\u0440\\u0438\\u043b"]}}]	43	1
284	2025-11-10 12:41:22.460248+00	2	pobiz@inbox.ru - 4 ДЗ по заявке (#1)	2	[{"added": {"name": "\\u041a\\u043e\\u043c\\u043c\\u0435\\u043d\\u0442\\u0430\\u0440\\u0438\\u0439", "object": "\\ud83d\\udc68\\u200d\\ud83c\\udf93 root@root.com - 10.11.2025 12:41"}}]	43	1
285	2025-11-10 12:42:05.794064+00	2	pobiz@inbox.ru - 4 ДЗ по заявке (#1)	2	[{"changed": {"fields": ["\\u0421\\u0442\\u0430\\u0442\\u0443\\u0441"]}}]	43	1
286	2025-11-10 12:42:39.300949+00	2	pobiz@inbox.ru - 4 ДЗ по заявке (#1)	2	[{"changed": {"fields": ["\\u0411\\u0430\\u043b\\u043b"]}}]	43	1
287	2025-11-10 12:43:29.312555+00	3	pobiz@inbox.ru - 4 ДЗ по заявке (#2)	3		43	1
288	2025-11-10 12:43:29.312588+00	2	pobiz@inbox.ru - 4 ДЗ по заявке (#1)	3		43	1
289	2025-11-10 12:45:36.520735+00	4	pobiz@inbox.ru - 4 ДЗ по заявке (#1)	2	[{"changed": {"fields": ["\\u0421\\u0442\\u0430\\u0442\\u0443\\u0441", "\\u0411\\u0430\\u043b\\u043b", "\\u041e\\u0431\\u0440\\u0430\\u0442\\u043d\\u0430\\u044f \\u0441\\u0432\\u044f\\u0437\\u044c \\u043e\\u0442 \\u043f\\u0440\\u0435\\u043f\\u043e\\u0434\\u0430\\u0432\\u0430\\u0442\\u0435\\u043b\\u044f", "\\u041f\\u0440\\u043e\\u0432\\u0435\\u0440\\u0438\\u043b"]}}]	43	1
290	2025-11-12 14:30:19.716105+00	10	Aidarbek Samat - 1 видео для первого урока (12.87%)	3		48	1
291	2025-11-12 14:34:58.252092+00	19	pobiz@inbox.ru - 3 тест на знание воздушного права (Попытка #3)	3		38	1
292	2025-11-12 14:34:58.252123+00	18	pobiz@inbox.ru - 3 тест на знание воздушного права (Попытка #2)	3		38	1
293	2025-11-12 14:34:58.252135+00	17	pobiz@inbox.ru - 3 тест на знание воздушного права (Попытка #1)	3		38	1
294	2025-11-14 09:40:33.477571+00	1	Тест: 3 тест на знание воздушного права	3		37	1
295	2025-11-14 09:49:33.580173+00	4	Базовый курс пилотов дронов - казумнайгаз [B2B]	2	[]	45	1
296	2025-11-14 09:57:58.664091+00	4	Базовый курс пилотов дронов - казумнайгаз [B2B]	2	[{"changed": {"name": "\\u0427\\u043b\\u0435\\u043d\\u0441\\u0442\\u0432\\u043e \\u0432 \\u0433\\u0440\\u0443\\u043f\\u043f\\u0435", "object": "\\u2705 Aidarbek Samat \\u2192 \\u043a\\u0430\\u0437\\u0443\\u043c\\u043d\\u0430\\u0439\\u0433\\u0430\\u0437", "fields": ["\\u0410\\u043a\\u0442\\u0438\\u0432\\u043d\\u043e"]}}]	45	1
297	2025-11-14 09:58:07.675762+00	4	Базовый курс пилотов дронов - казумнайгаз [B2B]	2	[{"deleted": {"name": "\\u0427\\u043b\\u0435\\u043d\\u0441\\u0442\\u0432\\u043e \\u0432 \\u0433\\u0440\\u0443\\u043f\\u043f\\u0435", "object": "\\u2705 Aidarbek Samat \\u2192 \\u043a\\u0430\\u0437\\u0443\\u043c\\u043d\\u0430\\u0439\\u0433\\u0430\\u0437"}}]	45	1
298	2025-11-14 09:58:14.150611+00	45	pobiz@inbox.ru	3		6	1
299	2025-11-14 10:09:08.557547+00	2	Тест: 3 тест на знание воздушного права	1	[{"added": {}}, {"added": {"name": "\\u0412\\u043e\\u043f\\u0440\\u043e\\u0441", "object": "3 \\u0442\\u0435\\u0441\\u0442 \\u043d\\u0430 \\u0437\\u043d\\u0430\\u043d\\u0438\\u0435 \\u0432\\u043e\\u0437\\u0434\\u0443\\u0448\\u043d\\u043e\\u0433\\u043e \\u043f\\u0440\\u0430\\u0432\\u0430 - \\u0412\\u043e\\u043f\\u0440\\u043e\\u0441 \\u043f\\u0435\\u0440\\u0432\\u044b\\u0439"}}, {"added": {"name": "\\u0412\\u043e\\u043f\\u0440\\u043e\\u0441", "object": "3 \\u0442\\u0435\\u0441\\u0442 \\u043d\\u0430 \\u0437\\u043d\\u0430\\u043d\\u0438\\u0435 \\u0432\\u043e\\u0437\\u0434\\u0443\\u0448\\u043d\\u043e\\u0433\\u043e \\u043f\\u0440\\u0430\\u0432\\u0430 - \\u0415\\u0449\\u0435 \\u0432\\u0442\\u043e\\u0440\\u043e\\u0439 \\u0432\\u043e\\u0430\\u0440\\u043e\\u0441"}}, {"added": {"name": "\\u0412\\u043e\\u043f\\u0440\\u043e\\u0441", "object": "3 \\u0442\\u0435\\u0441\\u0442 \\u043d\\u0430 \\u0437\\u043d\\u0430\\u043d\\u0438\\u0435 \\u0432\\u043e\\u0437\\u0434\\u0443\\u0448\\u043d\\u043e\\u0433\\u043e \\u043f\\u0440\\u0430\\u0432\\u0430 - \\u041d\\u0435\\u0441\\u043a\\u043e\\u043b\\u044c\\u043a\\u043e \\u0432\\u0430\\u0440\\u0438\\u0430\\u043d\\u0442\\u043e\\u0432 \\u043e\\u0442\\u0432\\u0435\\u0442\\u043e\\u0432"}}]	37	1
335	2025-11-14 13:39:30.637744+00	4	Базовый курс пилотов дронов - казумнайгаз [B2B]	2	[{"deleted": {"name": "\\u0427\\u043b\\u0435\\u043d\\u0441\\u0442\\u0432\\u043e \\u0432 \\u0433\\u0440\\u0443\\u043f\\u043f\\u0435", "object": "\\u2705 Zholamanov Aidarbek \\u2192 \\u043a\\u0430\\u0437\\u0443\\u043c\\u043d\\u0430\\u0439\\u0433\\u0430\\u0437"}}]	45	1
337	2025-11-14 13:40:25.056117+00	4	Базовый курс пилотов дронов - казумнайгаз [B2B]	2	[{"deleted": {"name": "\\u0427\\u043b\\u0435\\u043d\\u0441\\u0442\\u0432\\u043e \\u0432 \\u0433\\u0440\\u0443\\u043f\\u043f\\u0435", "object": "\\u2705 Zholamanov Aidarbek \\u2192 \\u043a\\u0430\\u0437\\u0443\\u043c\\u043d\\u0430\\u0439\\u0433\\u0430\\u0437"}}]	45	1
300	2025-11-14 10:09:59.675811+00	3	3 тест на знание воздушного права - Вопрос первый	2	[{"added": {"name": "\\u0412\\u0430\\u0440\\u0438\\u0430\\u043d\\u0442 \\u043e\\u0442\\u0432\\u0435\\u0442\\u0430", "object": "\\u274c \\u041e\\u0442\\u0432\\u0435\\u0442 \\u043f\\u0435\\u0440\\u0432\\u044b\\u0439 \\u043d\\u0435 \\u043f\\u0440\\u0430\\u0432\\u0438\\u043b\\u044c\\u043d\\u044b\\u0439"}}, {"added": {"name": "\\u0412\\u0430\\u0440\\u0438\\u0430\\u043d\\u0442 \\u043e\\u0442\\u0432\\u0435\\u0442\\u0430", "object": "\\u274c \\u0412\\u0441\\u0435 \\u0435\\u0449\\u0435 \\u043e\\u0442\\u0432\\u0435\\u0442 \\u043d\\u0435 \\u043f\\u0440\\u0430\\u0432\\u0438\\u043b\\u044c\\u043d\\u044b\\u0439"}}, {"added": {"name": "\\u0412\\u0430\\u0440\\u0438\\u0430\\u043d\\u0442 \\u043e\\u0442\\u0432\\u0435\\u0442\\u0430", "object": "\\u2705 \\u042d\\u0442\\u043e \\u0443\\u0436\\u0435 \\u043f\\u0440\\u0430\\u0432\\u0438\\u043b\\u044c\\u043d\\u044b\\u0439 \\u043e\\u0442\\u0432\\u0435\\u0442"}}]	39	1
301	2025-11-14 10:10:52.850773+00	4	3 тест на знание воздушного права - Еще второй воарос	2	[{"added": {"name": "\\u0412\\u0430\\u0440\\u0438\\u0430\\u043d\\u0442 \\u043e\\u0442\\u0432\\u0435\\u0442\\u0430", "object": "\\u274c \\u041a\\u0430\\u043a\\u043e\\u0439 \\u0442\\u043e \\u043e\\u0442\\u0432\\u0435\\u0442"}}, {"added": {"name": "\\u0412\\u0430\\u0440\\u0438\\u0430\\u043d\\u0442 \\u043e\\u0442\\u0432\\u0435\\u0442\\u0430", "object": "\\u274c \\u0415\\u0449\\u0435 \\u043e\\u0434\\u0438\\u043d \\u043a\\u0430\\u043a\\u043e\\u0439 \\u0442\\u043e \\u043e\\u0442\\u0432\\u0435\\u0442"}}, {"added": {"name": "\\u0412\\u0430\\u0440\\u0438\\u0430\\u043d\\u0442 \\u043e\\u0442\\u0432\\u0435\\u0442\\u0430", "object": "\\u274c \\u042d\\u0442\\u043e \\u043d\\u0435 \\u043f\\u0440\\u0430\\u0432\\u0438\\u043b\\u044c\\u043d\\u044b\\u0439 \\u043e\\u0442\\u0432\\u0435\\u0442"}}, {"added": {"name": "\\u0412\\u0430\\u0440\\u0438\\u0430\\u043d\\u0442 \\u043e\\u0442\\u0432\\u0435\\u0442\\u0430", "object": "\\u2705 \\u042d\\u0442\\u043e \\u0443\\u0436\\u0435 \\u043f\\u0440\\u0430\\u0432\\u0438\\u043b\\u044c\\u043d\\u044b\\u0439 \\u043e\\u0442\\u0432\\u0435\\u0442"}}]	39	1
302	2025-11-14 10:10:54.769507+00	4	3 тест на знание воздушного права - Еще второй воарос	2	[]	39	1
303	2025-11-14 10:11:23.273272+00	5	3 тест на знание воздушного права - Несколько вариантов ответов	2	[{"added": {"name": "\\u0412\\u0430\\u0440\\u0438\\u0430\\u043d\\u0442 \\u043e\\u0442\\u0432\\u0435\\u0442\\u0430", "object": "\\u2705 \\u041f\\u0435\\u0440\\u0432\\u044b\\u0439 \\u043f\\u0440\\u0430\\u0432\\u0438\\u043b\\u044c\\u043d\\u044b\\u0439"}}, {"added": {"name": "\\u0412\\u0430\\u0440\\u0438\\u0430\\u043d\\u0442 \\u043e\\u0442\\u0432\\u0435\\u0442\\u0430", "object": "\\u274c \\u0412\\u0442\\u043e\\u0440\\u043e\\u0439 \\u043d\\u0435 \\u043f\\u0440\\u0430\\u0432\\u0438\\u043b\\u044c\\u043d\\u044b\\u0439"}}, {"added": {"name": "\\u0412\\u0430\\u0440\\u0438\\u0430\\u043d\\u0442 \\u043e\\u0442\\u0432\\u0435\\u0442\\u0430", "object": "\\u274c \\u0422\\u0440\\u0435\\u0442\\u0438\\u0439 \\u043d\\u0435 \\u043f\\u0440\\u0430\\u0432\\u0438\\u043b\\u044c\\u043d\\u044b\\u0439"}}, {"added": {"name": "\\u0412\\u0430\\u0440\\u0438\\u0430\\u043d\\u0442 \\u043e\\u0442\\u0432\\u0435\\u0442\\u0430", "object": "\\u2705 \\u0427\\u0435\\u0442\\u0432\\u0435\\u0440\\u0442\\u044b\\u0439 \\u043f\\u0440\\u0430\\u0438\\u0432\\u043b\\u044c\\u043d\\u044b\\u0439"}}]	39	1
304	2025-11-14 10:33:06.037744+00	22	pobiz@inbox.ru - 3 тест на знание воздушного права (Попытка #2)	3		38	1
305	2025-11-14 10:33:06.037773+00	21	pobiz@inbox.ru - 3 тест на знание воздушного права (Попытка #1)	3		38	1
306	2025-11-14 11:25:01.700776+00	2	Тест: 3 тест на знание воздушного права	3		37	1
307	2025-11-14 11:27:48.783835+00	3	Тест: 3 тест на знание воздушного права	1	[{"added": {}}, {"added": {"name": "\\u0412\\u043e\\u043f\\u0440\\u043e\\u0441", "object": "3 \\u0442\\u0435\\u0441\\u0442 \\u043d\\u0430 \\u0437\\u043d\\u0430\\u043d\\u0438\\u0435 \\u0432\\u043e\\u0437\\u0434\\u0443\\u0448\\u043d\\u043e\\u0433\\u043e \\u043f\\u0440\\u0430\\u0432\\u0430 - \\u0427\\u0442\\u043e \\u044f\\u0432\\u043b\\u044f\\u0435\\u0442\\u0441\\u044f \\u043e\\u0441\\u043d\\u043e\\u0432\\u043d\\u044b\\u043c \\u0434\\u043e\\u043a\\u0443\\u043c\\u0435\\u043d\\u0442\\u043e\\u043c, \\u0440\\u0435\\u0433\\u0443\\u043b\\u0438\\u0440\\u0443\\u044e\\u0449\\u0438\\u043c \\u043f\\u043e\\u043b"}}, {"added": {"name": "\\u0412\\u043e\\u043f\\u0440\\u043e\\u0441", "object": "3 \\u0442\\u0435\\u0441\\u0442 \\u043d\\u0430 \\u0437\\u043d\\u0430\\u043d\\u0438\\u0435 \\u0432\\u043e\\u0437\\u0434\\u0443\\u0448\\u043d\\u043e\\u0433\\u043e \\u043f\\u0440\\u0430\\u0432\\u0430 - \\u041d\\u0430 \\u043a\\u0430\\u043a\\u043e\\u0439 \\u0432\\u044b\\u0441\\u043e\\u0442\\u0435 \\u0432 \\u041a\\u0430\\u0437\\u0430\\u0445\\u0441\\u0442\\u0430\\u043d\\u0435 \\u0440\\u0430\\u0437\\u0440\\u0435\\u0448\\u0435\\u043d\\u043e \\u043b\\u0435\\u0442\\u0430\\u0442\\u044c \\u0431\\u0435\\u0437 "}}, {"added": {"name": "\\u0412\\u043e\\u043f\\u0440\\u043e\\u0441", "object": "3 \\u0442\\u0435\\u0441\\u0442 \\u043d\\u0430 \\u0437\\u043d\\u0430\\u043d\\u0438\\u0435 \\u0432\\u043e\\u0437\\u0434\\u0443\\u0448\\u043d\\u043e\\u0433\\u043e \\u043f\\u0440\\u0430\\u0432\\u0430 - \\u0427\\u0442\\u043e \\u0432 \\u043f\\u0435\\u0440\\u0432\\u0443\\u044e \\u043e\\u0447\\u0435\\u0440\\u0435\\u0434\\u044c \\u0434\\u043e\\u043b\\u0436\\u0435\\u043d \\u0441\\u0434\\u0435\\u043b\\u0430\\u0442\\u044c \\u043f\\u0438\\u043b\\u043e\\u0442 \\u043f\\u0435\\u0440\\u0435\\u0434 \\u043a\\u0430"}}, {"added": {"name": "\\u0412\\u043e\\u043f\\u0440\\u043e\\u0441", "object": "3 \\u0442\\u0435\\u0441\\u0442 \\u043d\\u0430 \\u0437\\u043d\\u0430\\u043d\\u0438\\u0435 \\u0432\\u043e\\u0437\\u0434\\u0443\\u0448\\u043d\\u043e\\u0433\\u043e \\u043f\\u0440\\u0430\\u0432\\u0430 - \\u041a\\u0430\\u043a\\u043e\\u0435 \\u0440\\u0430\\u0441\\u0441\\u0442\\u043e\\u044f\\u043d\\u0438\\u0435 \\u0434\\u043e \\u043b\\u044e\\u0434\\u0435\\u0439 \\u0438 \\u043e\\u0431\\u044a\\u0435\\u043a\\u0442\\u043e\\u0432 \\u0438\\u043d\\u0444\\u0440\\u0430\\u0441\\u0442\\u0440\\u0443\\u043a\\u0442\\u0443\\u0440"}}, {"added": {"name": "\\u0412\\u043e\\u043f\\u0440\\u043e\\u0441", "object": "3 \\u0442\\u0435\\u0441\\u0442 \\u043d\\u0430 \\u0437\\u043d\\u0430\\u043d\\u0438\\u0435 \\u0432\\u043e\\u0437\\u0434\\u0443\\u0448\\u043d\\u043e\\u0433\\u043e \\u043f\\u0440\\u0430\\u0432\\u0430 - \\u0427\\u0442\\u043e \\u043f\\u0440\\u043e\\u0438\\u0437\\u043e\\u0439\\u0434\\u0451\\u0442, \\u0435\\u0441\\u043b\\u0438 \\u0434\\u0440\\u043e\\u043d \\u043f\\u043e\\u0442\\u0435\\u0440\\u044f\\u0435\\u0442 \\u0441\\u0432\\u044f\\u0437\\u044c \\u0441 \\u043f\\u0443\\u043b\\u044c\\u0442\\u043e\\u043c"}}]	37	1
308	2025-11-14 11:27:50.874951+00	3	Тест: 3 тест на знание воздушного права	2	[]	37	1
309	2025-11-14 11:28:52.896409+00	6	3 тест на знание воздушного права - Что является основным документом, регулирующим пол	2	[{"added": {"name": "\\u0412\\u0430\\u0440\\u0438\\u0430\\u043d\\u0442 \\u043e\\u0442\\u0432\\u0435\\u0442\\u0430", "object": "\\u274c \\u0412\\u043e\\u0437\\u0434\\u0443\\u0448\\u043d\\u044b\\u0439 \\u043a\\u043e\\u0434\\u0435\\u043a\\u0441 \\u0420\\u041a"}}, {"added": {"name": "\\u0412\\u0430\\u0440\\u0438\\u0430\\u043d\\u0442 \\u043e\\u0442\\u0432\\u0435\\u0442\\u0430", "object": "\\u274c \\u041c\\u0435\\u0436\\u0434\\u0443\\u043d\\u0430\\u0440\\u043e\\u0434\\u043d\\u044b\\u0439 \\u043f\\u0440\\u043e\\u0442\\u043e\\u043a\\u043e\\u043b ICAO-12"}}, {"added": {"name": "\\u0412\\u0430\\u0440\\u0438\\u0430\\u043d\\u0442 \\u043e\\u0442\\u0432\\u0435\\u0442\\u0430", "object": "\\u2705 \\u041f\\u0440\\u0430\\u0432\\u0438\\u043b\\u0430 \\u0438\\u0441\\u043f\\u043e\\u043b\\u044c\\u0437\\u043e\\u0432\\u0430\\u043d\\u0438\\u044f \\u0432\\u043e\\u0437\\u0434\\u0443\\u0448\\u043d\\u043e\\u0433\\u043e \\u043f\\u0440\\u043e\\u0441\\u0442\\u0440\\u0430\\u043d\\u0441\\u0442\\u0432\\u0430 \\u0420\\u0435\\u0441\\u043f"}}, {"added": {"name": "\\u0412\\u0430\\u0440\\u0438\\u0430\\u043d\\u0442 \\u043e\\u0442\\u0432\\u0435\\u0442\\u0430", "object": "\\u274c \\u0417\\u0430\\u043a\\u043e\\u043d \\u00ab\\u041e \\u0441\\u0432\\u044f\\u0437\\u0438\\u00bb \\u0420\\u041a"}}]	39	1
310	2025-11-14 11:29:28.375843+00	7	3 тест на знание воздушного права - На какой высоте в Казахстане разрешено летать без 	2	[{"added": {"name": "\\u0412\\u0430\\u0440\\u0438\\u0430\\u043d\\u0442 \\u043e\\u0442\\u0432\\u0435\\u0442\\u0430", "object": "\\u274c \\u0414\\u043e 50 \\u043c"}}, {"added": {"name": "\\u0412\\u0430\\u0440\\u0438\\u0430\\u043d\\u0442 \\u043e\\u0442\\u0432\\u0435\\u0442\\u0430", "object": "\\u274c \\u0414\\u043e 200 \\u043c"}}, {"added": {"name": "\\u0412\\u0430\\u0440\\u0438\\u0430\\u043d\\u0442 \\u043e\\u0442\\u0432\\u0435\\u0442\\u0430", "object": "\\u2705 \\u0414\\u043e 100 \\u043c +"}}, {"added": {"name": "\\u0412\\u0430\\u0440\\u0438\\u0430\\u043d\\u0442 \\u043e\\u0442\\u0432\\u0435\\u0442\\u0430", "object": "\\u274c \\u0414\\u043e 10 \\u043c"}}]	39	1
311	2025-11-14 11:30:02.541414+00	8	3 тест на знание воздушного права - Что в первую очередь должен сделать пилот перед ка	2	[{"added": {"name": "\\u0412\\u0430\\u0440\\u0438\\u0430\\u043d\\u0442 \\u043e\\u0442\\u0432\\u0435\\u0442\\u0430", "object": "\\u274c \\u041f\\u0440\\u043e\\u0432\\u0435\\u0440\\u0438\\u0442\\u044c \\u0437\\u0430\\u0440\\u044f\\u0434 \\u0442\\u0435\\u043b\\u0435\\u0444\\u043e\\u043d\\u0430"}}, {"added": {"name": "\\u0412\\u0430\\u0440\\u0438\\u0430\\u043d\\u0442 \\u043e\\u0442\\u0432\\u0435\\u0442\\u0430", "object": "\\u2705 \\u0412\\u044b\\u043f\\u043e\\u043b\\u043d\\u0438\\u0442\\u044c \\u043f\\u0440\\u0435\\u0434\\u043f\\u043e\\u043b\\u0451\\u0442\\u043d\\u044b\\u0439 \\u0447\\u0435\\u043a-\\u043b\\u0438\\u0441\\u0442 \\u0411\\u041f\\u041b\\u0410"}}, {"added": {"name": "\\u0412\\u0430\\u0440\\u0438\\u0430\\u043d\\u0442 \\u043e\\u0442\\u0432\\u0435\\u0442\\u0430", "object": "\\u274c \\u041f\\u043e\\u0434\\u043a\\u043b\\u044e\\u0447\\u0438\\u0442\\u044c\\u0441\\u044f \\u043a Wi-Fi \\u0434\\u0440\\u043e\\u043d\\u0430"}}, {"added": {"name": "\\u0412\\u0430\\u0440\\u0438\\u0430\\u043d\\u0442 \\u043e\\u0442\\u0432\\u0435\\u0442\\u0430", "object": "\\u274c \\u0412\\u043a\\u043b\\u044e\\u0447\\u0438\\u0442\\u044c \\u0437\\u0430\\u043f\\u0438\\u0441\\u044c \\u043a\\u0430\\u043c\\u0435\\u0440\\u044b"}}]	39	1
312	2025-11-14 11:30:32.623023+00	9	3 тест на знание воздушного права - Какое расстояние до людей и объектов инфраструктур	2	[{"added": {"name": "\\u0412\\u0430\\u0440\\u0438\\u0430\\u043d\\u0442 \\u043e\\u0442\\u0432\\u0435\\u0442\\u0430", "object": "\\u274c 5 \\u043c\\u0435\\u0442\\u0440\\u043e\\u0432"}}, {"added": {"name": "\\u0412\\u0430\\u0440\\u0438\\u0430\\u043d\\u0442 \\u043e\\u0442\\u0432\\u0435\\u0442\\u0430", "object": "\\u2705 30 \\u043c\\u0435\\u0442\\u0440\\u043e\\u0432"}}, {"added": {"name": "\\u0412\\u0430\\u0440\\u0438\\u0430\\u043d\\u0442 \\u043e\\u0442\\u0432\\u0435\\u0442\\u0430", "object": "\\u274c 200 \\u043c\\u0435\\u0442\\u0440\\u043e\\u0432"}}, {"added": {"name": "\\u0412\\u0430\\u0440\\u0438\\u0430\\u043d\\u0442 \\u043e\\u0442\\u0432\\u0435\\u0442\\u0430", "object": "\\u274c 1 \\u043c\\u0435\\u0442\\u0440"}}]	39	1
313	2025-11-14 11:31:10.867262+00	10	3 тест на знание воздушного права - Что произойдёт, если дрон потеряет связь с пультом	2	[{"added": {"name": "\\u0412\\u0430\\u0440\\u0438\\u0430\\u043d\\u0442 \\u043e\\u0442\\u0432\\u0435\\u0442\\u0430", "object": "\\u274c \\u041d\\u0435\\u043c\\u0435\\u0434\\u043b\\u0435\\u043d\\u043d\\u043e \\u0432\\u044b\\u043a\\u043b\\u044e\\u0447\\u0438\\u0442\\u0441\\u044f \\u0438 \\u0443\\u043f\\u0430\\u0434\\u0451\\u0442"}}, {"added": {"name": "\\u0412\\u0430\\u0440\\u0438\\u0430\\u043d\\u0442 \\u043e\\u0442\\u0432\\u0435\\u0442\\u0430", "object": "\\u274c \\u041f\\u0440\\u043e\\u0434\\u043e\\u043b\\u0436\\u0438\\u0442 \\u043b\\u0435\\u0442\\u0435\\u0442\\u044c \\u0441\\u043b\\u0443\\u0447\\u0430\\u0439\\u043d\\u044b\\u043c \\u043e\\u0431\\u0440\\u0430\\u0437\\u043e\\u043c"}}, {"added": {"name": "\\u0412\\u0430\\u0440\\u0438\\u0430\\u043d\\u0442 \\u043e\\u0442\\u0432\\u0435\\u0442\\u0430", "object": "\\u2705 \\u0412\\u044b\\u043f\\u043e\\u043b\\u043d\\u0438\\u0442 \\u0444\\u0443\\u043d\\u043a\\u0446\\u0438\\u044e Return-to-Home (\\u0435\\u0441\\u043b\\u0438 \\u043d\\u0430\\u0441\\u0442\\u0440\\u043e\\u0435\\u043d\\u043e)"}}, {"added": {"name": "\\u0412\\u0430\\u0440\\u0438\\u0430\\u043d\\u0442 \\u043e\\u0442\\u0432\\u0435\\u0442\\u0430", "object": "\\u274c \\u041f\\u0435\\u0440\\u0435\\u0437\\u0430\\u0433\\u0440\\u0443\\u0437\\u0438\\u0442\\u0441\\u044f \\u0432 \\u0432\\u043e\\u0437\\u0434\\u0443\\u0445\\u0435"}}]	39	1
314	2025-11-14 11:31:33.110729+00	12	Zholamanov Aidarbek - 1 видео для первого урока (13.09%)	3		48	1
315	2025-11-14 11:31:43.950345+00	4	Базовый курс пилотов дронов - казумнайгаз [B2B]	2	[{"deleted": {"name": "\\u0427\\u043b\\u0435\\u043d\\u0441\\u0442\\u0432\\u043e \\u0432 \\u0433\\u0440\\u0443\\u043f\\u043f\\u0435", "object": "\\u2705 Zholamanov Aidarbek \\u2192 \\u043a\\u0430\\u0437\\u0443\\u043c\\u043d\\u0430\\u0439\\u0433\\u0430\\u0437"}}]	45	1
316	2025-11-14 11:31:57.360921+00	46	pobiz@inbox.ru	3		6	1
317	2025-11-14 11:36:44.025755+00	1	📹 Видео - Вводный урок по пилотированию дронов	2	[{"changed": {"fields": ["\\u041d\\u0430\\u0437\\u0432\\u0430\\u043d\\u0438\\u0435 \\u0443\\u0440\\u043e\\u043a\\u0430", "\\u041e\\u043f\\u0438\\u0441\\u0430\\u043d\\u0438\\u0435 \\u0443\\u0440\\u043e\\u043a\\u0430"]}}, {"changed": {"name": "\\u041c\\u0430\\u0442\\u0435\\u0440\\u0438\\u0430\\u043b \\u043a \\u0443\\u0440\\u043e\\u043a\\u0443", "object": "\\u0412\\u0432\\u043e\\u0434\\u043d\\u044b\\u0439 \\u0443\\u0440\\u043e\\u043a \\u043f\\u043e \\u043f\\u0438\\u043b\\u043e\\u0442\\u0438\\u0440\\u043e\\u0432\\u0430\\u043d\\u0438\\u044e \\u0434\\u0440\\u043e\\u043d\\u043e\\u0432 - 5 \\u0441\\u043e\\u0432\\u0435\\u0442\\u043e\\u0432 \\u043f\\u0435\\u0440\\u0435\\u0434 \\u043f\\u043e\\u043b\\u0435\\u0442\\u043e\\u043c", "fields": ["\\u041d\\u0430\\u0437\\u0432\\u0430\\u043d\\u0438\\u0435 \\u043c\\u0430\\u0442\\u0435\\u0440\\u0438\\u0430\\u043b\\u0430"]}}]	31	1
318	2025-11-14 11:38:24.027107+00	2	📄 Текст - Основы безопасности при полётах дронов	2	[{"changed": {"fields": ["\\u041d\\u0430\\u0437\\u0432\\u0430\\u043d\\u0438\\u0435 \\u0443\\u0440\\u043e\\u043a\\u0430", "\\u041e\\u043f\\u0438\\u0441\\u0430\\u043d\\u0438\\u0435 \\u0443\\u0440\\u043e\\u043a\\u0430"]}}]	31	1
319	2025-11-14 11:42:30.497915+00	1	Базовый курс пилотов дронов - Вводный модуль	2	[{"changed": {"fields": ["\\u041d\\u0430\\u0437\\u0432\\u0430\\u043d\\u0438\\u0435 \\u043c\\u043e\\u0434\\u0443\\u043b\\u044f"]}}]	34	1
320	2025-11-14 11:42:42.125903+00	2	Базовый курс пилотов дронов - Теория пилотирования дронов	2	[{"changed": {"fields": ["\\u041d\\u0430\\u0437\\u0432\\u0430\\u043d\\u0438\\u0435 \\u043c\\u043e\\u0434\\u0443\\u043b\\u044f"]}}]	34	1
321	2025-11-14 11:54:35.712374+00	6	pobiz@inbox.ru - 4 ДЗ по заявке (#1)	2	[{"changed": {"fields": ["\\u0411\\u0430\\u043b\\u043b", "\\u041e\\u0431\\u0440\\u0430\\u0442\\u043d\\u0430\\u044f \\u0441\\u0432\\u044f\\u0437\\u044c \\u043e\\u0442 \\u043f\\u0440\\u0435\\u043f\\u043e\\u0434\\u0430\\u0432\\u0430\\u0442\\u0435\\u043b\\u044f", "\\u041f\\u0440\\u043e\\u0432\\u0435\\u0440\\u0438\\u043b"]}}]	43	1
322	2025-11-14 11:58:10.511923+00	6	pobiz@inbox.ru - 4 ДЗ по заявке (#1)	2	[{"changed": {"fields": ["\\u0421\\u0442\\u0430\\u0442\\u0443\\u0441"]}}]	43	1
323	2025-11-14 13:36:18.827985+00	4	Базовый курс пилотов дронов - казумнайгаз [B2B]	2	[{"changed": {"name": "\\u0427\\u043b\\u0435\\u043d\\u0441\\u0442\\u0432\\u043e \\u0432 \\u0433\\u0440\\u0443\\u043f\\u043f\\u0435", "object": "\\u2705 Zholamanov Aidarbek \\u2192 \\u043a\\u0430\\u0437\\u0443\\u043c\\u043d\\u0430\\u0439\\u0433\\u0430\\u0437", "fields": ["\\u0410\\u043a\\u0442\\u0438\\u0432\\u043d\\u043e"]}}]	45	1
324	2025-11-14 13:36:51.192599+00	4	Базовый курс пилотов дронов - казумнайгаз [B2B]	2	[{"deleted": {"name": "\\u0427\\u043b\\u0435\\u043d\\u0441\\u0442\\u0432\\u043e \\u0432 \\u0433\\u0440\\u0443\\u043f\\u043f\\u0435", "object": "\\u2705 Zholamanov Aidarbek \\u2192 \\u043a\\u0430\\u0437\\u0443\\u043c\\u043d\\u0430\\u0439\\u0433\\u0430\\u0437"}}]	45	1
325	2025-11-14 13:37:38.58634+00	2	⏳ Zholamanov Aidarbek - Базовый курс пилотов дронов	3		52	1
326	2025-11-14 13:37:48.991+00	13	Zholamanov Aidarbek - Вводный урок по пилотированию дронов (28.86%)	3		48	1
327	2025-11-14 13:38:02.317275+00	25	pobiz@inbox.ru - 3 тест на знание воздушного права (Попытка #2)	3		38	1
328	2025-11-14 13:38:02.317299+00	24	pobiz@inbox.ru - 3 тест на знание воздушного права (Попытка #1)	3		38	1
329	2025-11-14 13:38:19.876988+00	41	✅ Zholamanov Aidarbek - Вводный урок по пилотированию дронов	3		50	1
330	2025-11-14 13:38:19.877021+00	42	✅ Zholamanov Aidarbek - Основы безопасности при полётах дронов	3		50	1
331	2025-11-14 13:38:19.877036+00	43	✅ Zholamanov Aidarbek - 3 тест на знание воздушного права	3		50	1
332	2025-11-14 13:38:19.877048+00	44	⏳ Zholamanov Aidarbek - 4 ДЗ по заявке	3		50	1
333	2025-11-14 13:38:57.632701+00	4	Базовый курс пилотов дронов - казумнайгаз [B2B]	2	[{"deleted": {"name": "\\u0427\\u043b\\u0435\\u043d\\u0441\\u0442\\u0432\\u043e \\u0432 \\u0433\\u0440\\u0443\\u043f\\u043f\\u0435", "object": "\\u2705 Zholamanov Aidarbek \\u2192 \\u043a\\u0430\\u0437\\u0443\\u043c\\u043d\\u0430\\u0439\\u0433\\u0430\\u0437"}}]	45	1
334	2025-11-14 13:39:18.928192+00	6	pobiz@inbox.ru - 4 ДЗ по заявке (#1)	3		43	1
336	2025-11-14 13:40:03.389218+00	14	✅ Zholamanov Aidarbek → Базовый курс пилотов дронов (казумнайгаз)	3		49	1
\.


--
-- Data for Name: django_content_type; Type: TABLE DATA; Schema: public; Owner: postgresuser
--

COPY public.django_content_type (id, app_label, model) FROM stdin;
1	admin	logentry
2	auth	permission
3	auth	group
4	contenttypes	contenttype
5	sessions	session
6	account	user
7	account	emailverificationtoken
8	account	passwordresettoken
9	courses	course
10	courses	lesson
11	courses	courseenrollment
12	courses	lessonprogress
13	courses	lessonmaterial
14	notifications	emaillog
15	courses	assignmentlesson
16	courses	assignmentsubmission
17	courses	assignmentcomment
18	courses	quizlesson
19	courses	quizattempt
20	courses	quizquestion
21	courses	quizanswer
22	courses	quizresponse
23	courses	textlesson
24	courses	videolesson
25	courses	videoprogress
26	courses	module
27	courses	group
28	courses	groupinstructor
29	courses	groupmembership
30	courses	invitation
31	content	lesson
32	content	course
33	content	lessonmaterial
34	content	module
35	content	textlesson
36	content	videolesson
37	quizzes	quizlesson
38	quizzes	quizattempt
39	quizzes	quizquestion
40	quizzes	quizanswer
41	quizzes	quizresponse
42	assignments	assignmentlesson
43	assignments	assignmentsubmission
44	assignments	assignmentcomment
45	groups	group
46	groups	groupinstructor
47	groups	groupmembership
48	progress	videoprogress
49	progress	courseenrollment
50	progress	lessonprogress
51	invitations	invitation
52	graduates	graduate
53	graduates	graduateachievement
\.


--
-- Data for Name: django_migrations; Type: TABLE DATA; Schema: public; Owner: postgresuser
--

COPY public.django_migrations (id, app, name, applied) FROM stdin;
1	contenttypes	0001_initial	2025-10-27 02:21:31.990528+00
2	contenttypes	0002_remove_content_type_name	2025-10-27 02:21:31.995088+00
3	auth	0001_initial	2025-10-27 02:21:32.009199+00
4	auth	0002_alter_permission_name_max_length	2025-10-27 02:21:32.011525+00
5	auth	0003_alter_user_email_max_length	2025-10-27 02:21:32.014008+00
6	auth	0004_alter_user_username_opts	2025-10-27 02:21:32.016375+00
7	auth	0005_alter_user_last_login_null	2025-10-27 02:21:32.018155+00
8	auth	0006_require_contenttypes_0002	2025-10-27 02:21:32.018572+00
9	auth	0007_alter_validators_add_error_messages	2025-10-27 02:21:32.020815+00
10	auth	0008_alter_user_username_max_length	2025-10-27 02:21:32.022896+00
11	auth	0009_alter_user_last_name_max_length	2025-10-27 02:21:32.025313+00
12	auth	0010_alter_group_name_max_length	2025-10-27 02:21:32.027505+00
13	auth	0011_update_proxy_permissions	2025-10-27 02:21:32.028996+00
14	auth	0012_alter_user_first_name_max_length	2025-10-27 02:21:32.030254+00
15	account	0001_initial	2025-10-27 02:21:32.04606+00
16	account	0002_emailverificationtoken_passwordresettoken	2025-10-27 02:21:32.05714+00
17	admin	0001_initial	2025-10-27 02:21:32.065256+00
18	admin	0002_logentry_remove_auto_add	2025-10-27 02:21:32.068309+00
19	admin	0003_logentry_add_action_flag_choices	2025-10-27 02:21:32.073191+00
20	courses	0001_initial	2025-10-27 02:21:32.102823+00
21	courses	0002_lesson_timecodes_lesson_video_duration_and_more	2025-10-27 02:21:32.118644+00
22	sessions	0001_initial	2025-10-27 02:21:32.123531+00
23	account	0003_alter_user_phone	2025-10-29 13:46:16.564569+00
24	notifications	0001_initial	2025-10-30 11:55:56.618753+00
25	courses	0003_course_duration_course_label	2025-10-31 10:25:23.690502+00
26	courses	0004_courseenrollment_completed_lessons_count_and_more	2025-11-03 10:53:30.285628+00
27	courses	0005_alter_lesson_options_alter_lessonprogress_options_and_more	2025-11-05 11:36:24.31764+00
28	courses	0006_group_groupinstructor_groupmembership_invitation_and_more	2025-11-05 13:53:01.509167+00
29	courses	0007_invitation_delivery_error_and_more	2025-11-05 19:00:14.521088+00
30	courses	0008_remove_invitation_invitations_token_5b330c_idx_and_more	2025-11-05 19:41:10.617918+00
31	content	0001_initial	2025-11-06 11:22:04.774153+00
32	quizzes	0001_initial	2025-11-06 11:45:08.986582+00
33	assignments	0001_initial	2025-11-06 12:12:56.959694+00
34	groups	0001_initial	2025-11-06 12:22:58.201421+00
35	progress	0001_initial	2025-11-06 13:03:23.658872+00
36	invitations	0001_initial	2025-11-06 13:09:21.926482+00
37	progress	0002_courseenrollment_payment_status	2025-11-06 13:47:11.596541+00
38	groups	0002_alter_group_options_and_more	2025-11-06 13:50:09.206465+00
39	groups	0003_alter_group_options_remove_group_is_graduates_group_and_more	2025-11-06 14:10:19.941729+00
40	graduates	0001_initial	2025-11-06 14:10:19.999237+00
41	groups	0004_group_deadline_date_group_deadline_type_and_more	2025-11-07 10:06:41.953009+00
42	progress	0003_remove_courseenrollment_payment_status_and_more	2025-11-07 13:05:14.01998+00
43	progress	0004_remove_videoprogress_progress_vi_user_id_fdc563_idx_and_more	2025-11-07 14:07:14.216532+00
44	content	0002_alter_module_requires_previous_module	2025-11-14 13:33:23.397717+00
45	graduates	0002_alter_graduate_options_and_more	2025-11-14 13:33:23.487038+00
46	graduates	0003_alter_graduate_completed_at_and_more	2025-11-14 13:48:25.21927+00
\.


--
-- Data for Name: django_session; Type: TABLE DATA; Schema: public; Owner: postgresuser
--

COPY public.django_session (session_key, session_data, expire_date) FROM stdin;
0o7ih4kl7b09xv8z2z5hubju2lcoza90	.eJxVjDsOwjAQBe_iGln-rD-hpOcM1jq7xgHkSHFSIe4OkVJA-2bmvUTCba1p67ykicRZaHH63TKOD247oDu22yzHua3LlOWuyIN2eZ2Jn5fD_Tuo2Ou39pCxqMgDWMyBQyQogR2jD8YX9sxOgx40eq2UdcoWY9DFQIq8hQDi_QHnwjdH:1vDDsj:1VXDgfwXgAYUrOpAwr4WVusAyUpIvw5gQRfwDYv3IFc	2025-11-10 03:26:53.470936+00
385vyum0tp1396r2wsjt5jrpp52i83a4	.eJxVjEEOwiAQRe_C2hAQJoBL956BzAwgVQNJaVeNd9cmXej2v_f-JiKuS43ryHOckrgILU6_GyE_c9tBemC7d8m9LfNEclfkQYe89ZRf18P9O6g46rcOgKGwKgoDsQnA2p4zGOchWUJQZA37ULRiTYYceSQHlgIhsgdW4v0B7Ak4VA:1vJqI3:SFi6ncfikm_yjtVqpfq1Zon9QEeASkBk3EuaNZhYPLE	2025-11-28 09:40:23.733833+00
\.


--
-- Data for Name: email_verification_tokens; Type: TABLE DATA; Schema: public; Owner: postgresuser
--

COPY public.email_verification_tokens (id, token, created_at, expires_at, is_used, user_id) FROM stdin;
11	455a4c62-3e5a-4bd6-9e3e-1f140b8deb23	2025-10-29 13:52:38.272609+00	2025-10-30 13:52:38.272492+00	t	13
12	33d2ac3e-0d4c-4180-b7cc-fed3252aac73	2025-10-29 13:53:37.748218+00	2025-10-30 13:53:37.748103+00	t	14
13	6a6403fa-c8b6-4429-92f3-4e42be231a07	2025-10-29 13:54:49.329846+00	2025-10-30 13:54:49.329728+00	f	15
14	d5da65c2-664c-457a-ab88-3907e832f117	2025-10-29 14:35:14.153167+00	2025-10-30 14:35:14.152903+00	t	16
15	9b4ebaff-5a43-4724-8804-65e6c7a37151	2025-10-29 14:52:19.378557+00	2025-10-30 14:52:19.3784+00	f	17
16	763c0530-b17d-4f3f-a5fb-21973bf2b20f	2025-10-30 12:13:09.757701+00	2025-10-31 12:13:09.757558+00	f	18
39	89483d31-8054-4e3c-ab50-3c1c14a01ead	2025-11-07 12:37:37.276933+00	2025-11-08 12:37:37.276793+00	t	43
43	d0bb5f9b-5351-41b8-860e-2631682fdbe8	2025-11-14 11:39:16.658321+00	2025-11-15 11:39:16.658179+00	t	47
\.


--
-- Data for Name: graduates_graduate; Type: TABLE DATA; Schema: public; Owner: postgresuser
--

COPY public.graduates_graduate (id, graduated_at, final_score, total_lessons_completed, average_quiz_score, total_study_days, certificate_number, certificate_file, certificate_issued_at, notes, course_id, group_id, user_id, completed_at, completion_details, graduated_by_id, status) FROM stdin;
3	2025-11-14 13:48:48.900698+00	100.00	4	0.00	0	CERT-2025-DA946C78		2025-11-14 13:48:48.902693+00		1	4	47	2025-11-14 13:42:39.52808+00	{"lessons": [{"type": "video", "title": "Вводный урок по пилотированию дронов", "completed_at": "2025-11-14T13:42:07.555313+00:00"}, {"type": "text", "title": "Основы безопасности при полётах дронов", "completed_at": "2025-11-14T13:42:07.566885+00:00"}, {"type": "quiz", "title": "3 тест на знание воздушного права", "completed_at": "2025-11-14T13:42:07.575587+00:00"}, {"type": "assignment", "title": "4 ДЗ по заявке", "completed_at": "2025-11-14T13:42:39.513923+00:00"}], "modules": [{"title": "Вводный модуль", "completed_at": "2025-11-14T13:42:07.566885+00:00"}, {"title": "Теория пилотирования дронов", "completed_at": "2025-11-14T13:42:39.513923+00:00"}], "quizzes": []}	1	graduated
\.


--
-- Data for Name: groups_group; Type: TABLE DATA; Schema: public; Owner: postgresuser
--

COPY public.groups_group (id, name, description, is_default, max_students, is_active, created_at, updated_at, course_id, deadline_days, is_paid, referral_token, deadline_date, deadline_type) FROM stdin;
5	Общая группа (самооплата)		t	0	t	2025-11-07 10:21:35.354807+00	2025-11-07 10:21:38.835356+00	1	90	t	4a0b2e65-12d6-47b9-a08f-50955a756aa7	\N	personal_days
4	казумнайгаз	договор N12333	f	10	t	2025-11-07 08:52:17.42578+00	2025-11-14 13:40:25.054832+00	1	0	t	63203e89-27b1-4e23-8697-d1a8e5dffd76	\N	personal_days
\.


--
-- Data for Name: groups_groupinstructor; Type: TABLE DATA; Schema: public; Owner: postgresuser
--

COPY public.groups_groupinstructor (id, is_active, can_grade, can_view_progress, assigned_at, group_id, instructor_id) FROM stdin;
4	t	t	t	2025-11-07 08:52:17.427582+00	4	1
5	t	t	t	2025-11-07 10:21:35.356997+00	5	1
\.


--
-- Data for Name: groups_groupmembership; Type: TABLE DATA; Schema: public; Owner: postgresuser
--

COPY public.groups_groupmembership (id, is_active, joined_at, left_at, group_id, user_id, enrolled_via_referral, personal_deadline_at) FROM stdin;
9	t	2025-11-07 12:42:46.182984+00	\N	4	43	t	\N
23	t	2025-11-14 13:40:40.118132+00	\N	4	47	t	\N
\.


--
-- Data for Name: invitations_invitation; Type: TABLE DATA; Schema: public; Owner: postgresuser
--

COPY public.invitations_invitation (id, email, first_name, last_name, middle_name, iin, phone, token, status, delivery_error, send_attempts, created_at, sent_at, accepted_at, expires_at, created_user_id, group_id, invited_by_id) FROM stdin;
\.


--
-- Data for Name: notifications_emaillog; Type: TABLE DATA; Schema: public; Owner: postgresuser
--

COPY public.notifications_emaillog (id, recipient, email_type, subject, status, error_message, sendpulse_response, created_at, sent_at, user_id) FROM stdin;
10	pobiz@inbox.ru	email_verification	Подтверждение регистрации на Aerialsolutions.kz	failed	422 Client Error: Unprocessable Entity for url: https://api.sendpulse.com/smtp/emails: {'message': 'Sender is not valid', 'error_code': 422}	\N	2025-10-30 13:06:52.488231+00	\N	\N
11	pobiz@inbox.ru	email_verification	Подтверждение регистрации на Aerialsolutions.kz	failed	422 Client Error: Unprocessable Entity for url: https://api.sendpulse.com/smtp/emails: {'message': 'Sender is not valid', 'error_code': 422}	\N	2025-10-30 13:09:34.195541+00	\N	\N
12	pobiz@inbox.ru	email_verification	Подтверждение регистрации на Aerialsolutions.kz	failed	422 Client Error: Unprocessable Entity for url: https://api.sendpulse.com/smtp/emails: {'message': 'Sender is not valid', 'error_code': 422}	\N	2025-10-30 15:35:01.640752+00	\N	\N
13	pobiz@inbox.ru	email_verification	Подтверждение регистрации на Aerialsolutions.kz	failed	422 Client Error: Unprocessable Entity for url: https://api.sendpulse.com/smtp/emails: {'message': 'Sender is not valid', 'error_code': 422}	\N	2025-10-30 15:43:16.117286+00	\N	\N
14	pobiz@inbox.ru	email_verification	Подтверждение регистрации на Aerialsolutions.kz	sent		{"id": "t4yeg0-0f83bv-8d", "result": true}	2025-10-30 16:43:11.156843+00	2025-10-30 16:43:12.571074+00	\N
15	pobiz@inbox.ru	email_verification	Подтверждение регистрации на Aerialsolutions.kz	sent		{"id": "t4yf5d-1fp202-kh", "result": true}	2025-10-30 16:58:23.364703+00	2025-10-30 16:58:25.338483+00	\N
16	pobiz@inbox.ru	email_verification	Подтверждение регистрации на Aerialsolutions.kz	sent		{"id": "t4yfbu-1d1yex-kb", "result": true}	2025-10-30 17:02:16.364481+00	2025-10-30 17:02:18.044136+00	\N
17	zholamanoff@gmail.com	email_verification	Подтверждение регистрации на Aerialsolutions.kz	sent		{"id": "t4yff1-0xst8p-q1", "result": true}	2025-10-30 17:04:12.777957+00	2025-10-30 17:04:13.54693+00	\N
18	pobiz@inbox.ru	email_verification	Подтверждение регистрации	sent		{"id": "t4yfka-1kfth8-f7", "result": true}	2025-10-30 17:07:20.232442+00	2025-10-30 17:07:21.967281+00	\N
19	pobiz@inbox.ru	password_reset	Сброс пароля	sent		{"id": "t4yfmb-0usmql-em", "result": true}	2025-10-30 17:08:35.201065+00	2025-10-30 17:08:35.768671+00	\N
22	zholamanoff@gmail.com	email_verification	Приглашение в курс Категория 2	sent		{"id": "t59qz6-0wnl6j-9f", "result": true}	2025-11-05 19:47:29.084274+00	2025-11-05 19:47:30.570003+00	\N
23	zholamanoff@gmail.com	email_verification	Приглашение в курс Категория 2	sent		{"id": "t59r79-1k220l-3c", "result": true}	2025-11-05 19:52:19.473556+00	2025-11-05 19:52:20.713058+00	\N
20	pobiz@inbox.ru	email_verification	Подтверждение регистрации	sent		{"id": "t552kw-15ucdx-pz", "result": true}	2025-11-03 07:10:03.66714+00	2025-11-03 07:10:07.959151+00	\N
21	pobiz@inbox.ru	password_reset	Сброс пароля	sent		{"id": "t553bh-0wp14h-lj", "result": true}	2025-11-03 07:26:04.322124+00	2025-11-03 07:26:05.313755+00	\N
24	zholamanoff@gmail.com	email_verification	Приглашение в курс Категория 2	sent		{"id": "t59rh0-0wbc3k-ob", "result": true}	2025-11-05 19:58:11.764863+00	2025-11-05 19:58:12.534902+00	\N
26	zholamanoff@gmail.com	email_verification	Подтверждение регистрации	sent		{"id": "t5cqec-0eti5q-4d", "result": true}	2025-11-07 10:27:45.216534+00	2025-11-07 10:27:47.986039+00	\N
27	zholamanoff@gmail.com	email_verification	Подтверждение регистрации	sent		{"id": "t5cwer-16ad9y-hr", "result": true}	2025-11-07 12:37:37.278575+00	2025-11-07 12:37:39.168856+00	43
25	pobiz@inbox.ru	email_verification	Подтверждение регистрации	sent		{"id": "t5ar02-0uz49f-8u", "result": true}	2025-11-06 08:45:36.500886+00	2025-11-06 08:45:37.814335+00	\N
28	pobiz@inbox.ru	email_verification	Подтверждение регистрации	sent		{"id": "t5hxzl-1bjufd-7y", "result": true}	2025-11-10 05:59:43.654391+00	2025-11-10 05:59:45.310404+00	\N
29	pobiz@inbox.ru	email_verification	Подтверждение регистрации	sent		{"id": "t5ia16-1lye0q-j7", "result": true}	2025-11-10 10:19:52.090469+00	2025-11-10 10:19:53.760646+00	\N
30	pobiz@inbox.ru	email_verification	Подтверждение регистрации	sent		{"id": "t5pnqn-1abn5u-j0", "result": true}	2025-11-14 09:59:03.268673+00	2025-11-14 09:59:11.754578+00	\N
31	pobiz@inbox.ru	email_verification	Подтверждение регистрации	sent		{"id": "t5psdi-1fbx7a-8l", "result": true}	2025-11-14 11:39:16.660229+00	2025-11-14 11:39:18.750056+00	47
\.


--
-- Data for Name: password_reset_tokens; Type: TABLE DATA; Schema: public; Owner: postgresuser
--

COPY public.password_reset_tokens (id, token, created_at, expires_at, is_used, user_id) FROM stdin;
1	4780a026-d88e-4dbd-bda8-389bd8c898d7	2025-10-30 11:04:28.83773+00	2025-10-30 12:04:28.83717+00	t	16
2	5b9f9419-df36-4106-bd2b-90986200c258	2025-10-30 12:15:24.08115+00	2025-10-30 13:15:24.08072+00	f	18
\.


--
-- Data for Name: progress_courseenrollment; Type: TABLE DATA; Schema: public; Owner: postgresuser
--

COPY public.progress_courseenrollment (id, enrolled_at, progress_percentage, completed_lessons_count, last_activity_at, is_active, course_id, group_id, user_id) FROM stdin;
6	2025-11-07 12:42:46.184262+00	0.00	0	\N	t	1	4	43
18	2025-11-14 13:40:40.119797+00	100.00	4	2025-11-14 13:42:39.522191+00	f	1	4	47
\.


--
-- Data for Name: progress_lessonprogress; Type: TABLE DATA; Schema: public; Owner: postgresuser
--

COPY public.progress_lessonprogress (id, is_completed, started_at, completed_at, available_at, completion_data, lesson_id, user_id) FROM stdin;
48	t	\N	2025-11-14 13:42:39.513923+00	2025-11-14 13:42:07.575587+00	{}	4	47
45	t	\N	2025-11-14 13:42:07.555313+00	2025-11-14 13:40:40.123775+00	{}	1	47
46	t	\N	2025-11-14 13:42:07.566885+00	\N	{}	2	47
47	t	\N	2025-11-14 13:42:07.575587+00	\N	{}	3	47
\.


--
-- Data for Name: progress_videoprogress; Type: TABLE DATA; Schema: public; Owner: postgresuser
--

COPY public.progress_videoprogress (id, watch_percentage, last_watched_at, user_id, video_lesson_id, started_at) FROM stdin;
\.


--
-- Data for Name: quiz_responses_selected_answers; Type: TABLE DATA; Schema: public; Owner: postgresuser
--

COPY public.quiz_responses_selected_answers (id, quizresponse_id, quizanswer_id) FROM stdin;
\.


--
-- Data for Name: quizzes_quizanswer; Type: TABLE DATA; Schema: public; Owner: postgresuser
--

COPY public.quizzes_quizanswer (id, answer_text, is_correct, "order", question_id) FROM stdin;
27	Воздушный кодекс РК	f	0	6
28	Международный протокол ICAO-12	f	0	6
29	Правила использования воздушного пространства Республики Казахстан	t	0	6
30	Закон «О связи» РК	f	0	6
31	До 50 м	f	0	7
32	До 200 м	f	0	7
33	До 100 м +	t	0	7
34	До 10 м	f	0	7
35	Проверить заряд телефона	f	0	8
36	Выполнить предполётный чек-лист БПЛА	t	0	8
37	Подключиться к Wi-Fi дрона	f	0	8
38	Включить запись камеры	f	0	8
39	5 метров	f	0	9
40	30 метров	t	0	9
41	200 метров	f	0	9
42	1 метр	f	0	9
43	Немедленно выключится и упадёт	f	0	10
44	Продолжит лететь случайным образом	f	0	10
45	Выполнит функцию Return-to-Home (если настроено)	t	0	10
46	Перезагрузится в воздухе	f	0	10
\.


--
-- Data for Name: quizzes_quizattempt; Type: TABLE DATA; Schema: public; Owner: postgresuser
--

COPY public.quizzes_quizattempt (id, attempt_number, status, score_percentage, started_at, completed_at, user_id, quiz_id) FROM stdin;
\.


--
-- Data for Name: quizzes_quizlesson; Type: TABLE DATA; Schema: public; Owner: postgresuser
--

COPY public.quizzes_quizlesson (id, passing_score, max_attempts, retry_delay_hours, time_limit_minutes, show_correct_answers, shuffle_questions, shuffle_answers, lesson_id) FROM stdin;
3	70	3	0	0	t	t	t	3
\.


--
-- Data for Name: quizzes_quizquestion; Type: TABLE DATA; Schema: public; Owner: postgresuser
--

COPY public.quizzes_quizquestion (id, question_type, question_text, explanation, points, "order", created_at, updated_at, quiz_id) FROM stdin;
6	single_choice	Что является основным документом, регулирующим полёты дронов в РК?		1	0	2025-11-14 11:27:48.781436+00	2025-11-14 11:28:52.892242+00	3
7	single_choice	На какой высоте в Казахстане разрешено летать без получения отдельного разрешения, если вы находитесь в незапретной зоне?		1	1	2025-11-14 11:27:48.782324+00	2025-11-14 11:29:28.372249+00	3
8	single_choice	Что в первую очередь должен сделать пилот перед каждым полётом?		1	2	2025-11-14 11:27:48.782661+00	2025-11-14 11:30:02.536977+00	3
9	single_choice	Какое расстояние до людей и объектов инфраструктуры считается минимально безопасным для большинства дронов по стандартам безопасности?		1	3	2025-11-14 11:27:48.783005+00	2025-11-14 11:30:32.618889+00	3
10	single_choice	Что произойдёт, если дрон потеряет связь с пультом управления?		1	4	2025-11-14 11:27:48.783316+00	2025-11-14 11:31:10.864257+00	3
\.


--
-- Data for Name: quizzes_quizresponse; Type: TABLE DATA; Schema: public; Owner: postgresuser
--

COPY public.quizzes_quizresponse (id, is_correct, points_earned, answered_at, attempt_id, question_id) FROM stdin;
\.


--
-- Data for Name: quizzes_quizresponse_selected_answers; Type: TABLE DATA; Schema: public; Owner: postgresuser
--

COPY public.quizzes_quizresponse_selected_answers (id, quizresponse_id, quizanswer_id) FROM stdin;
\.


--
-- Data for Name: users; Type: TABLE DATA; Schema: public; Owner: postgresuser
--

COPY public.users (id, password, is_superuser, email, iin, first_name, last_name, middle_name, phone, is_active, is_staff, is_verified, date_joined, last_login) FROM stdin;
13	pbkdf2_sha256$1000000$VQPUdFq3oBTMB0UgjONJaa$R3+8zmzqkoOuYFnNHEl4947KpcIWmRb3WifXXFbnDDI=	f	test@mail.com	123456789022	aidar	test		\N	t	f	t	2025-10-29 13:52:38.269236+00	\N
14	pbkdf2_sha256$1000000$lvqw7eKZD6tvGr5B1D7I76$vAIIqMASsiF4zRSnbHsxZGJpE9jXcT5NTMauMa6V6e8=	f	test1@mail.ru	123456789023	aidar	adiar		+77076833236	t	f	t	2025-10-29 13:53:37.745767+00	\N
15		f	test3@mail.ru	123456789024	aida	выфв-		+77076833237	f	f	f	2025-10-29 13:54:49.326373+00	\N
17		f	test11@mail.ru	123456789222	test	test		\N	f	f	f	2025-10-29 14:52:19.373551+00	\N
16	pbkdf2_sha256$1000000$IWxVW1QdQmONLs3YnDoJEb$pWxUsiAZf7ziDBPvt1bcRtP5jzxdhPHvqWTiuEvHd5U=	f	test5@mail.ru	123456789025	test	test		\N	t	f	t	2025-10-29 14:35:14.145962+00	\N
18		f	test@example.com	123456789012	Иван	Иванов			f	f	f	2025-10-30 12:13:09.753979+00	\N
43	pbkdf2_sha256$1000000$NaV9AVqSbjD4zHyJs1sv3p$iHN+E8zRvmerkLu7GVZ2/KysGKtNXcuaCbq/2rVXZ7E=	f	zholamanoff@gmail.com	382193712479	Testsj	Test		\N	t	f	t	2025-11-07 12:37:37.274356+00	\N
1	pbkdf2_sha256$1000000$89T4RP9VgBBqOksKqodrPS$lY2KoVPhR0myGCiR72o83keS2wxJJXZb66bcFDtUklg=	t	root@root.com				\N	\N	t	t	t	2025-10-27 02:21:52.390555+00	2025-11-14 09:40:23.732813+00
47	pbkdf2_sha256$1000000$WaQXN4yT2Um4nsGeVeYccm$0FNM7WjiG6YETvHvBjVEsVrvy4ZE9v5bR8vCXFXhUdc=	f	pobiz@inbox.ru	920308321314	Aidarbek	Zholamanov		+77076833234	t	f	t	2025-11-14 11:39:16.655833+00	\N
\.


--
-- Data for Name: users_groups; Type: TABLE DATA; Schema: public; Owner: postgresuser
--

COPY public.users_groups (id, user_id, group_id) FROM stdin;
\.


--
-- Data for Name: users_user_permissions; Type: TABLE DATA; Schema: public; Owner: postgresuser
--

COPY public.users_user_permissions (id, user_id, permission_id) FROM stdin;
\.


--
-- Name: assignments_assignmentcomment_id_seq; Type: SEQUENCE SET; Schema: public; Owner: postgresuser
--

SELECT pg_catalog.setval('public.assignments_assignmentcomment_id_seq', 7, true);


--
-- Name: assignments_assignmentlesson_id_seq; Type: SEQUENCE SET; Schema: public; Owner: postgresuser
--

SELECT pg_catalog.setval('public.assignments_assignmentlesson_id_seq', 2, true);


--
-- Name: assignments_assignmentsubmission_id_seq; Type: SEQUENCE SET; Schema: public; Owner: postgresuser
--

SELECT pg_catalog.setval('public.assignments_assignmentsubmission_id_seq', 6, true);


--
-- Name: auth_group_id_seq; Type: SEQUENCE SET; Schema: public; Owner: postgresuser
--

SELECT pg_catalog.setval('public.auth_group_id_seq', 1, false);


--
-- Name: auth_group_permissions_id_seq; Type: SEQUENCE SET; Schema: public; Owner: postgresuser
--

SELECT pg_catalog.setval('public.auth_group_permissions_id_seq', 1, false);


--
-- Name: auth_permission_id_seq; Type: SEQUENCE SET; Schema: public; Owner: postgresuser
--

SELECT pg_catalog.setval('public.auth_permission_id_seq', 212, true);


--
-- Name: content_course_id_seq; Type: SEQUENCE SET; Schema: public; Owner: postgresuser
--

SELECT pg_catalog.setval('public.content_course_id_seq', 2, true);


--
-- Name: content_lesson_id_seq; Type: SEQUENCE SET; Schema: public; Owner: postgresuser
--

SELECT pg_catalog.setval('public.content_lesson_id_seq', 4, true);


--
-- Name: content_lessonmaterial_id_seq; Type: SEQUENCE SET; Schema: public; Owner: postgresuser
--

SELECT pg_catalog.setval('public.content_lessonmaterial_id_seq', 3, true);


--
-- Name: content_module_id_seq; Type: SEQUENCE SET; Schema: public; Owner: postgresuser
--

SELECT pg_catalog.setval('public.content_module_id_seq', 2, true);


--
-- Name: content_textlesson_id_seq; Type: SEQUENCE SET; Schema: public; Owner: postgresuser
--

SELECT pg_catalog.setval('public.content_textlesson_id_seq', 1, true);


--
-- Name: content_videolesson_id_seq; Type: SEQUENCE SET; Schema: public; Owner: postgresuser
--

SELECT pg_catalog.setval('public.content_videolesson_id_seq', 1, true);


--
-- Name: courses_id_seq; Type: SEQUENCE SET; Schema: public; Owner: postgresuser
--

SELECT pg_catalog.setval('public.courses_id_seq', 3, true);


--
-- Name: django_admin_log_id_seq; Type: SEQUENCE SET; Schema: public; Owner: postgresuser
--

SELECT pg_catalog.setval('public.django_admin_log_id_seq', 338, true);


--
-- Name: django_content_type_id_seq; Type: SEQUENCE SET; Schema: public; Owner: postgresuser
--

SELECT pg_catalog.setval('public.django_content_type_id_seq', 53, true);


--
-- Name: django_migrations_id_seq; Type: SEQUENCE SET; Schema: public; Owner: postgresuser
--

SELECT pg_catalog.setval('public.django_migrations_id_seq', 46, true);


--
-- Name: email_verification_tokens_id_seq; Type: SEQUENCE SET; Schema: public; Owner: postgresuser
--

SELECT pg_catalog.setval('public.email_verification_tokens_id_seq', 43, true);


--
-- Name: graduates_graduate_id_seq; Type: SEQUENCE SET; Schema: public; Owner: postgresuser
--

SELECT pg_catalog.setval('public.graduates_graduate_id_seq', 3, true);


--
-- Name: groups_group_id_seq; Type: SEQUENCE SET; Schema: public; Owner: postgresuser
--

SELECT pg_catalog.setval('public.groups_group_id_seq', 7, true);


--
-- Name: groups_groupinstructor_id_seq; Type: SEQUENCE SET; Schema: public; Owner: postgresuser
--

SELECT pg_catalog.setval('public.groups_groupinstructor_id_seq', 6, true);


--
-- Name: groups_groupmembership_id_seq; Type: SEQUENCE SET; Schema: public; Owner: postgresuser
--

SELECT pg_catalog.setval('public.groups_groupmembership_id_seq', 23, true);


--
-- Name: invitations_invitation_id_seq; Type: SEQUENCE SET; Schema: public; Owner: postgresuser
--

SELECT pg_catalog.setval('public.invitations_invitation_id_seq', 1, false);


--
-- Name: notifications_emaillog_id_seq; Type: SEQUENCE SET; Schema: public; Owner: postgresuser
--

SELECT pg_catalog.setval('public.notifications_emaillog_id_seq', 31, true);


--
-- Name: password_reset_tokens_id_seq; Type: SEQUENCE SET; Schema: public; Owner: postgresuser
--

SELECT pg_catalog.setval('public.password_reset_tokens_id_seq', 4, true);


--
-- Name: progress_courseenrollment_id_seq; Type: SEQUENCE SET; Schema: public; Owner: postgresuser
--

SELECT pg_catalog.setval('public.progress_courseenrollment_id_seq', 18, true);


--
-- Name: progress_lessonprogress_id_seq; Type: SEQUENCE SET; Schema: public; Owner: postgresuser
--

SELECT pg_catalog.setval('public.progress_lessonprogress_id_seq', 48, true);


--
-- Name: progress_videoprogress_id_seq; Type: SEQUENCE SET; Schema: public; Owner: postgresuser
--

SELECT pg_catalog.setval('public.progress_videoprogress_id_seq', 13, true);


--
-- Name: quiz_responses_selected_answers_id_seq; Type: SEQUENCE SET; Schema: public; Owner: postgresuser
--

SELECT pg_catalog.setval('public.quiz_responses_selected_answers_id_seq', 1, false);


--
-- Name: quizzes_quizanswer_id_seq; Type: SEQUENCE SET; Schema: public; Owner: postgresuser
--

SELECT pg_catalog.setval('public.quizzes_quizanswer_id_seq', 46, true);


--
-- Name: quizzes_quizattempt_id_seq; Type: SEQUENCE SET; Schema: public; Owner: postgresuser
--

SELECT pg_catalog.setval('public.quizzes_quizattempt_id_seq', 25, true);


--
-- Name: quizzes_quizlesson_id_seq; Type: SEQUENCE SET; Schema: public; Owner: postgresuser
--

SELECT pg_catalog.setval('public.quizzes_quizlesson_id_seq', 3, true);


--
-- Name: quizzes_quizquestion_id_seq; Type: SEQUENCE SET; Schema: public; Owner: postgresuser
--

SELECT pg_catalog.setval('public.quizzes_quizquestion_id_seq', 10, true);


--
-- Name: quizzes_quizresponse_id_seq; Type: SEQUENCE SET; Schema: public; Owner: postgresuser
--

SELECT pg_catalog.setval('public.quizzes_quizresponse_id_seq', 69, true);


--
-- Name: quizzes_quizresponse_selected_answers_id_seq; Type: SEQUENCE SET; Schema: public; Owner: postgresuser
--

SELECT pg_catalog.setval('public.quizzes_quizresponse_selected_answers_id_seq', 97, true);


--
-- Name: users_groups_id_seq; Type: SEQUENCE SET; Schema: public; Owner: postgresuser
--

SELECT pg_catalog.setval('public.users_groups_id_seq', 1, false);


--
-- Name: users_id_seq; Type: SEQUENCE SET; Schema: public; Owner: postgresuser
--

SELECT pg_catalog.setval('public.users_id_seq', 47, true);


--
-- Name: users_user_permissions_id_seq; Type: SEQUENCE SET; Schema: public; Owner: postgresuser
--

SELECT pg_catalog.setval('public.users_user_permissions_id_seq', 1, false);


--
-- Name: assignments_assignmentcomment assignments_assignmentcomment_pkey; Type: CONSTRAINT; Schema: public; Owner: postgresuser
--

ALTER TABLE ONLY public.assignments_assignmentcomment
    ADD CONSTRAINT assignments_assignmentcomment_pkey PRIMARY KEY (id);


--
-- Name: assignments_assignmentlesson assignments_assignmentlesson_lesson_id_key; Type: CONSTRAINT; Schema: public; Owner: postgresuser
--

ALTER TABLE ONLY public.assignments_assignmentlesson
    ADD CONSTRAINT assignments_assignmentlesson_lesson_id_key UNIQUE (lesson_id);


--
-- Name: assignments_assignmentlesson assignments_assignmentlesson_pkey; Type: CONSTRAINT; Schema: public; Owner: postgresuser
--

ALTER TABLE ONLY public.assignments_assignmentlesson
    ADD CONSTRAINT assignments_assignmentlesson_pkey PRIMARY KEY (id);


--
-- Name: assignments_assignmentsubmission assignments_assignmentsubmission_pkey; Type: CONSTRAINT; Schema: public; Owner: postgresuser
--

ALTER TABLE ONLY public.assignments_assignmentsubmission
    ADD CONSTRAINT assignments_assignmentsubmission_pkey PRIMARY KEY (id);


--
-- Name: auth_group auth_group_name_key; Type: CONSTRAINT; Schema: public; Owner: postgresuser
--

ALTER TABLE ONLY public.auth_group
    ADD CONSTRAINT auth_group_name_key UNIQUE (name);


--
-- Name: auth_group_permissions auth_group_permissions_group_id_permission_id_0cd325b0_uniq; Type: CONSTRAINT; Schema: public; Owner: postgresuser
--

ALTER TABLE ONLY public.auth_group_permissions
    ADD CONSTRAINT auth_group_permissions_group_id_permission_id_0cd325b0_uniq UNIQUE (group_id, permission_id);


--
-- Name: auth_group_permissions auth_group_permissions_pkey; Type: CONSTRAINT; Schema: public; Owner: postgresuser
--

ALTER TABLE ONLY public.auth_group_permissions
    ADD CONSTRAINT auth_group_permissions_pkey PRIMARY KEY (id);


--
-- Name: auth_group auth_group_pkey; Type: CONSTRAINT; Schema: public; Owner: postgresuser
--

ALTER TABLE ONLY public.auth_group
    ADD CONSTRAINT auth_group_pkey PRIMARY KEY (id);


--
-- Name: auth_permission auth_permission_content_type_id_codename_01ab375a_uniq; Type: CONSTRAINT; Schema: public; Owner: postgresuser
--

ALTER TABLE ONLY public.auth_permission
    ADD CONSTRAINT auth_permission_content_type_id_codename_01ab375a_uniq UNIQUE (content_type_id, codename);


--
-- Name: auth_permission auth_permission_pkey; Type: CONSTRAINT; Schema: public; Owner: postgresuser
--

ALTER TABLE ONLY public.auth_permission
    ADD CONSTRAINT auth_permission_pkey PRIMARY KEY (id);


--
-- Name: content_course content_course_pkey; Type: CONSTRAINT; Schema: public; Owner: postgresuser
--

ALTER TABLE ONLY public.content_course
    ADD CONSTRAINT content_course_pkey PRIMARY KEY (id);


--
-- Name: content_lesson content_lesson_module_id_order_461f6d2f_uniq; Type: CONSTRAINT; Schema: public; Owner: postgresuser
--

ALTER TABLE ONLY public.content_lesson
    ADD CONSTRAINT content_lesson_module_id_order_461f6d2f_uniq UNIQUE (module_id, "order");


--
-- Name: content_lesson content_lesson_pkey; Type: CONSTRAINT; Schema: public; Owner: postgresuser
--

ALTER TABLE ONLY public.content_lesson
    ADD CONSTRAINT content_lesson_pkey PRIMARY KEY (id);


--
-- Name: content_lessonmaterial content_lessonmaterial_pkey; Type: CONSTRAINT; Schema: public; Owner: postgresuser
--

ALTER TABLE ONLY public.content_lessonmaterial
    ADD CONSTRAINT content_lessonmaterial_pkey PRIMARY KEY (id);


--
-- Name: content_module content_module_course_id_order_afc7fa57_uniq; Type: CONSTRAINT; Schema: public; Owner: postgresuser
--

ALTER TABLE ONLY public.content_module
    ADD CONSTRAINT content_module_course_id_order_afc7fa57_uniq UNIQUE (course_id, "order");


--
-- Name: content_module content_module_pkey; Type: CONSTRAINT; Schema: public; Owner: postgresuser
--

ALTER TABLE ONLY public.content_module
    ADD CONSTRAINT content_module_pkey PRIMARY KEY (id);


--
-- Name: content_textlesson content_textlesson_lesson_id_key; Type: CONSTRAINT; Schema: public; Owner: postgresuser
--

ALTER TABLE ONLY public.content_textlesson
    ADD CONSTRAINT content_textlesson_lesson_id_key UNIQUE (lesson_id);


--
-- Name: content_textlesson content_textlesson_pkey; Type: CONSTRAINT; Schema: public; Owner: postgresuser
--

ALTER TABLE ONLY public.content_textlesson
    ADD CONSTRAINT content_textlesson_pkey PRIMARY KEY (id);


--
-- Name: content_videolesson content_videolesson_lesson_id_key; Type: CONSTRAINT; Schema: public; Owner: postgresuser
--

ALTER TABLE ONLY public.content_videolesson
    ADD CONSTRAINT content_videolesson_lesson_id_key UNIQUE (lesson_id);


--
-- Name: content_videolesson content_videolesson_pkey; Type: CONSTRAINT; Schema: public; Owner: postgresuser
--

ALTER TABLE ONLY public.content_videolesson
    ADD CONSTRAINT content_videolesson_pkey PRIMARY KEY (id);


--
-- Name: courses courses_pkey; Type: CONSTRAINT; Schema: public; Owner: postgresuser
--

ALTER TABLE ONLY public.courses
    ADD CONSTRAINT courses_pkey PRIMARY KEY (id);


--
-- Name: django_admin_log django_admin_log_pkey; Type: CONSTRAINT; Schema: public; Owner: postgresuser
--

ALTER TABLE ONLY public.django_admin_log
    ADD CONSTRAINT django_admin_log_pkey PRIMARY KEY (id);


--
-- Name: django_content_type django_content_type_app_label_model_76bd3d3b_uniq; Type: CONSTRAINT; Schema: public; Owner: postgresuser
--

ALTER TABLE ONLY public.django_content_type
    ADD CONSTRAINT django_content_type_app_label_model_76bd3d3b_uniq UNIQUE (app_label, model);


--
-- Name: django_content_type django_content_type_pkey; Type: CONSTRAINT; Schema: public; Owner: postgresuser
--

ALTER TABLE ONLY public.django_content_type
    ADD CONSTRAINT django_content_type_pkey PRIMARY KEY (id);


--
-- Name: django_migrations django_migrations_pkey; Type: CONSTRAINT; Schema: public; Owner: postgresuser
--

ALTER TABLE ONLY public.django_migrations
    ADD CONSTRAINT django_migrations_pkey PRIMARY KEY (id);


--
-- Name: django_session django_session_pkey; Type: CONSTRAINT; Schema: public; Owner: postgresuser
--

ALTER TABLE ONLY public.django_session
    ADD CONSTRAINT django_session_pkey PRIMARY KEY (session_key);


--
-- Name: email_verification_tokens email_verification_tokens_pkey; Type: CONSTRAINT; Schema: public; Owner: postgresuser
--

ALTER TABLE ONLY public.email_verification_tokens
    ADD CONSTRAINT email_verification_tokens_pkey PRIMARY KEY (id);


--
-- Name: email_verification_tokens email_verification_tokens_token_key; Type: CONSTRAINT; Schema: public; Owner: postgresuser
--

ALTER TABLE ONLY public.email_verification_tokens
    ADD CONSTRAINT email_verification_tokens_token_key UNIQUE (token);


--
-- Name: graduates_graduate graduates_graduate_certificate_number_key; Type: CONSTRAINT; Schema: public; Owner: postgresuser
--

ALTER TABLE ONLY public.graduates_graduate
    ADD CONSTRAINT graduates_graduate_certificate_number_key UNIQUE (certificate_number);


--
-- Name: graduates_graduate graduates_graduate_pkey; Type: CONSTRAINT; Schema: public; Owner: postgresuser
--

ALTER TABLE ONLY public.graduates_graduate
    ADD CONSTRAINT graduates_graduate_pkey PRIMARY KEY (id);


--
-- Name: graduates_graduate graduates_graduate_user_id_course_id_e1912af3_uniq; Type: CONSTRAINT; Schema: public; Owner: postgresuser
--

ALTER TABLE ONLY public.graduates_graduate
    ADD CONSTRAINT graduates_graduate_user_id_course_id_e1912af3_uniq UNIQUE (user_id, course_id);


--
-- Name: groups_group groups_group_pkey; Type: CONSTRAINT; Schema: public; Owner: postgresuser
--

ALTER TABLE ONLY public.groups_group
    ADD CONSTRAINT groups_group_pkey PRIMARY KEY (id);


--
-- Name: groups_group groups_group_referral_token_key; Type: CONSTRAINT; Schema: public; Owner: postgresuser
--

ALTER TABLE ONLY public.groups_group
    ADD CONSTRAINT groups_group_referral_token_key UNIQUE (referral_token);


--
-- Name: groups_groupinstructor groups_groupinstructor_group_id_instructor_id_483f66f2_uniq; Type: CONSTRAINT; Schema: public; Owner: postgresuser
--

ALTER TABLE ONLY public.groups_groupinstructor
    ADD CONSTRAINT groups_groupinstructor_group_id_instructor_id_483f66f2_uniq UNIQUE (group_id, instructor_id);


--
-- Name: groups_groupinstructor groups_groupinstructor_pkey; Type: CONSTRAINT; Schema: public; Owner: postgresuser
--

ALTER TABLE ONLY public.groups_groupinstructor
    ADD CONSTRAINT groups_groupinstructor_pkey PRIMARY KEY (id);


--
-- Name: groups_groupmembership groups_groupmembership_pkey; Type: CONSTRAINT; Schema: public; Owner: postgresuser
--

ALTER TABLE ONLY public.groups_groupmembership
    ADD CONSTRAINT groups_groupmembership_pkey PRIMARY KEY (id);


--
-- Name: invitations_invitation invitations_invitation_pkey; Type: CONSTRAINT; Schema: public; Owner: postgresuser
--

ALTER TABLE ONLY public.invitations_invitation
    ADD CONSTRAINT invitations_invitation_pkey PRIMARY KEY (id);


--
-- Name: invitations_invitation invitations_invitation_token_key; Type: CONSTRAINT; Schema: public; Owner: postgresuser
--

ALTER TABLE ONLY public.invitations_invitation
    ADD CONSTRAINT invitations_invitation_token_key UNIQUE (token);


--
-- Name: notifications_emaillog notifications_emaillog_pkey; Type: CONSTRAINT; Schema: public; Owner: postgresuser
--

ALTER TABLE ONLY public.notifications_emaillog
    ADD CONSTRAINT notifications_emaillog_pkey PRIMARY KEY (id);


--
-- Name: password_reset_tokens password_reset_tokens_pkey; Type: CONSTRAINT; Schema: public; Owner: postgresuser
--

ALTER TABLE ONLY public.password_reset_tokens
    ADD CONSTRAINT password_reset_tokens_pkey PRIMARY KEY (id);


--
-- Name: password_reset_tokens password_reset_tokens_token_key; Type: CONSTRAINT; Schema: public; Owner: postgresuser
--

ALTER TABLE ONLY public.password_reset_tokens
    ADD CONSTRAINT password_reset_tokens_token_key UNIQUE (token);


--
-- Name: progress_courseenrollment progress_courseenrollment_pkey; Type: CONSTRAINT; Schema: public; Owner: postgresuser
--

ALTER TABLE ONLY public.progress_courseenrollment
    ADD CONSTRAINT progress_courseenrollment_pkey PRIMARY KEY (id);


--
-- Name: progress_courseenrollment progress_courseenrollment_user_id_course_id_84b47aee_uniq; Type: CONSTRAINT; Schema: public; Owner: postgresuser
--

ALTER TABLE ONLY public.progress_courseenrollment
    ADD CONSTRAINT progress_courseenrollment_user_id_course_id_84b47aee_uniq UNIQUE (user_id, course_id);


--
-- Name: progress_lessonprogress progress_lessonprogress_pkey; Type: CONSTRAINT; Schema: public; Owner: postgresuser
--

ALTER TABLE ONLY public.progress_lessonprogress
    ADD CONSTRAINT progress_lessonprogress_pkey PRIMARY KEY (id);


--
-- Name: progress_lessonprogress progress_lessonprogress_user_id_lesson_id_99a9a2a7_uniq; Type: CONSTRAINT; Schema: public; Owner: postgresuser
--

ALTER TABLE ONLY public.progress_lessonprogress
    ADD CONSTRAINT progress_lessonprogress_user_id_lesson_id_99a9a2a7_uniq UNIQUE (user_id, lesson_id);


--
-- Name: progress_videoprogress progress_videoprogress_pkey; Type: CONSTRAINT; Schema: public; Owner: postgresuser
--

ALTER TABLE ONLY public.progress_videoprogress
    ADD CONSTRAINT progress_videoprogress_pkey PRIMARY KEY (id);


--
-- Name: progress_videoprogress progress_videoprogress_user_id_video_lesson_id_081de5e0_uniq; Type: CONSTRAINT; Schema: public; Owner: postgresuser
--

ALTER TABLE ONLY public.progress_videoprogress
    ADD CONSTRAINT progress_videoprogress_user_id_video_lesson_id_081de5e0_uniq UNIQUE (user_id, video_lesson_id);


--
-- Name: quiz_responses_selected_answers quiz_responses_selected__quizresponse_id_quizansw_b1a6dab7_uniq; Type: CONSTRAINT; Schema: public; Owner: postgresuser
--

ALTER TABLE ONLY public.quiz_responses_selected_answers
    ADD CONSTRAINT quiz_responses_selected__quizresponse_id_quizansw_b1a6dab7_uniq UNIQUE (quizresponse_id, quizanswer_id);


--
-- Name: quiz_responses_selected_answers quiz_responses_selected_answers_pkey; Type: CONSTRAINT; Schema: public; Owner: postgresuser
--

ALTER TABLE ONLY public.quiz_responses_selected_answers
    ADD CONSTRAINT quiz_responses_selected_answers_pkey PRIMARY KEY (id);


--
-- Name: quizzes_quizanswer quizzes_quizanswer_pkey; Type: CONSTRAINT; Schema: public; Owner: postgresuser
--

ALTER TABLE ONLY public.quizzes_quizanswer
    ADD CONSTRAINT quizzes_quizanswer_pkey PRIMARY KEY (id);


--
-- Name: quizzes_quizattempt quizzes_quizattempt_pkey; Type: CONSTRAINT; Schema: public; Owner: postgresuser
--

ALTER TABLE ONLY public.quizzes_quizattempt
    ADD CONSTRAINT quizzes_quizattempt_pkey PRIMARY KEY (id);


--
-- Name: quizzes_quizlesson quizzes_quizlesson_lesson_id_key; Type: CONSTRAINT; Schema: public; Owner: postgresuser
--

ALTER TABLE ONLY public.quizzes_quizlesson
    ADD CONSTRAINT quizzes_quizlesson_lesson_id_key UNIQUE (lesson_id);


--
-- Name: quizzes_quizlesson quizzes_quizlesson_pkey; Type: CONSTRAINT; Schema: public; Owner: postgresuser
--

ALTER TABLE ONLY public.quizzes_quizlesson
    ADD CONSTRAINT quizzes_quizlesson_pkey PRIMARY KEY (id);


--
-- Name: quizzes_quizquestion quizzes_quizquestion_pkey; Type: CONSTRAINT; Schema: public; Owner: postgresuser
--

ALTER TABLE ONLY public.quizzes_quizquestion
    ADD CONSTRAINT quizzes_quizquestion_pkey PRIMARY KEY (id);


--
-- Name: quizzes_quizquestion quizzes_quizquestion_quiz_id_order_057a80bc_uniq; Type: CONSTRAINT; Schema: public; Owner: postgresuser
--

ALTER TABLE ONLY public.quizzes_quizquestion
    ADD CONSTRAINT quizzes_quizquestion_quiz_id_order_057a80bc_uniq UNIQUE (quiz_id, "order");


--
-- Name: quizzes_quizresponse quizzes_quizresponse_attempt_id_question_id_a4c6325f_uniq; Type: CONSTRAINT; Schema: public; Owner: postgresuser
--

ALTER TABLE ONLY public.quizzes_quizresponse
    ADD CONSTRAINT quizzes_quizresponse_attempt_id_question_id_a4c6325f_uniq UNIQUE (attempt_id, question_id);


--
-- Name: quizzes_quizresponse quizzes_quizresponse_pkey; Type: CONSTRAINT; Schema: public; Owner: postgresuser
--

ALTER TABLE ONLY public.quizzes_quizresponse
    ADD CONSTRAINT quizzes_quizresponse_pkey PRIMARY KEY (id);


--
-- Name: quizzes_quizresponse_selected_answers quizzes_quizresponse_sel_quizresponse_id_quizansw_fde8a839_uniq; Type: CONSTRAINT; Schema: public; Owner: postgresuser
--

ALTER TABLE ONLY public.quizzes_quizresponse_selected_answers
    ADD CONSTRAINT quizzes_quizresponse_sel_quizresponse_id_quizansw_fde8a839_uniq UNIQUE (quizresponse_id, quizanswer_id);


--
-- Name: quizzes_quizresponse_selected_answers quizzes_quizresponse_selected_answers_pkey; Type: CONSTRAINT; Schema: public; Owner: postgresuser
--

ALTER TABLE ONLY public.quizzes_quizresponse_selected_answers
    ADD CONSTRAINT quizzes_quizresponse_selected_answers_pkey PRIMARY KEY (id);


--
-- Name: users users_email_key; Type: CONSTRAINT; Schema: public; Owner: postgresuser
--

ALTER TABLE ONLY public.users
    ADD CONSTRAINT users_email_key UNIQUE (email);


--
-- Name: users_groups users_groups_pkey; Type: CONSTRAINT; Schema: public; Owner: postgresuser
--

ALTER TABLE ONLY public.users_groups
    ADD CONSTRAINT users_groups_pkey PRIMARY KEY (id);


--
-- Name: users_groups users_groups_user_id_group_id_fc7788e8_uniq; Type: CONSTRAINT; Schema: public; Owner: postgresuser
--

ALTER TABLE ONLY public.users_groups
    ADD CONSTRAINT users_groups_user_id_group_id_fc7788e8_uniq UNIQUE (user_id, group_id);


--
-- Name: users users_iin_key; Type: CONSTRAINT; Schema: public; Owner: postgresuser
--

ALTER TABLE ONLY public.users
    ADD CONSTRAINT users_iin_key UNIQUE (iin);


--
-- Name: users users_phone_2b77170a_uniq; Type: CONSTRAINT; Schema: public; Owner: postgresuser
--

ALTER TABLE ONLY public.users
    ADD CONSTRAINT users_phone_2b77170a_uniq UNIQUE (phone);


--
-- Name: users users_pkey; Type: CONSTRAINT; Schema: public; Owner: postgresuser
--

ALTER TABLE ONLY public.users
    ADD CONSTRAINT users_pkey PRIMARY KEY (id);


--
-- Name: users_user_permissions users_user_permissions_pkey; Type: CONSTRAINT; Schema: public; Owner: postgresuser
--

ALTER TABLE ONLY public.users_user_permissions
    ADD CONSTRAINT users_user_permissions_pkey PRIMARY KEY (id);


--
-- Name: users_user_permissions users_user_permissions_user_id_permission_id_3b86cbdf_uniq; Type: CONSTRAINT; Schema: public; Owner: postgresuser
--

ALTER TABLE ONLY public.users_user_permissions
    ADD CONSTRAINT users_user_permissions_user_id_permission_id_3b86cbdf_uniq UNIQUE (user_id, permission_id);


--
-- Name: assignments_assignm_bbafe4_idx; Type: INDEX; Schema: public; Owner: postgresuser
--

CREATE INDEX assignments_assignm_bbafe4_idx ON public.assignments_assignmentsubmission USING btree (assignment_id, status);


--
-- Name: assignments_assignmentcomment_author_id_ae1841f2; Type: INDEX; Schema: public; Owner: postgresuser
--

CREATE INDEX assignments_assignmentcomment_author_id_ae1841f2 ON public.assignments_assignmentcomment USING btree (author_id);


--
-- Name: assignments_assignmentcomment_created_at_9298fc22; Type: INDEX; Schema: public; Owner: postgresuser
--

CREATE INDEX assignments_assignmentcomment_created_at_9298fc22 ON public.assignments_assignmentcomment USING btree (created_at);


--
-- Name: assignments_assignmentcomment_is_instructor_3bae4261; Type: INDEX; Schema: public; Owner: postgresuser
--

CREATE INDEX assignments_assignmentcomment_is_instructor_3bae4261 ON public.assignments_assignmentcomment USING btree (is_instructor);


--
-- Name: assignments_assignmentcomment_submission_id_6df019cb; Type: INDEX; Schema: public; Owner: postgresuser
--

CREATE INDEX assignments_assignmentcomment_submission_id_6df019cb ON public.assignments_assignmentcomment USING btree (submission_id);


--
-- Name: assignments_assignmentsubmission_assignment_id_a4b19ee6; Type: INDEX; Schema: public; Owner: postgresuser
--

CREATE INDEX assignments_assignmentsubmission_assignment_id_a4b19ee6 ON public.assignments_assignmentsubmission USING btree (assignment_id);


--
-- Name: assignments_assignmentsubmission_reviewed_by_id_e3b4e6e8; Type: INDEX; Schema: public; Owner: postgresuser
--

CREATE INDEX assignments_assignmentsubmission_reviewed_by_id_e3b4e6e8 ON public.assignments_assignmentsubmission USING btree (reviewed_by_id);


--
-- Name: assignments_assignmentsubmission_status_4e7e9b38; Type: INDEX; Schema: public; Owner: postgresuser
--

CREATE INDEX assignments_assignmentsubmission_status_4e7e9b38 ON public.assignments_assignmentsubmission USING btree (status);


--
-- Name: assignments_assignmentsubmission_status_4e7e9b38_like; Type: INDEX; Schema: public; Owner: postgresuser
--

CREATE INDEX assignments_assignmentsubmission_status_4e7e9b38_like ON public.assignments_assignmentsubmission USING btree (status varchar_pattern_ops);


--
-- Name: assignments_assignmentsubmission_submitted_at_5de8a5e3; Type: INDEX; Schema: public; Owner: postgresuser
--

CREATE INDEX assignments_assignmentsubmission_submitted_at_5de8a5e3 ON public.assignments_assignmentsubmission USING btree (submitted_at);


--
-- Name: assignments_assignmentsubmission_user_id_982ce4e7; Type: INDEX; Schema: public; Owner: postgresuser
--

CREATE INDEX assignments_assignmentsubmission_user_id_982ce4e7 ON public.assignments_assignmentsubmission USING btree (user_id);


--
-- Name: assignments_status_bf3e6d_idx; Type: INDEX; Schema: public; Owner: postgresuser
--

CREATE INDEX assignments_status_bf3e6d_idx ON public.assignments_assignmentsubmission USING btree (status, submitted_at DESC);


--
-- Name: assignments_submiss_3772c3_idx; Type: INDEX; Schema: public; Owner: postgresuser
--

CREATE INDEX assignments_submiss_3772c3_idx ON public.assignments_assignmentcomment USING btree (submission_id, created_at);


--
-- Name: assignments_user_id_238dee_idx; Type: INDEX; Schema: public; Owner: postgresuser
--

CREATE INDEX assignments_user_id_238dee_idx ON public.assignments_assignmentsubmission USING btree (user_id, assignment_id, submitted_at DESC);


--
-- Name: auth_group_name_a6ea08ec_like; Type: INDEX; Schema: public; Owner: postgresuser
--

CREATE INDEX auth_group_name_a6ea08ec_like ON public.auth_group USING btree (name varchar_pattern_ops);


--
-- Name: auth_group_permissions_group_id_b120cbf9; Type: INDEX; Schema: public; Owner: postgresuser
--

CREATE INDEX auth_group_permissions_group_id_b120cbf9 ON public.auth_group_permissions USING btree (group_id);


--
-- Name: auth_group_permissions_permission_id_84c5c92e; Type: INDEX; Schema: public; Owner: postgresuser
--

CREATE INDEX auth_group_permissions_permission_id_84c5c92e ON public.auth_group_permissions USING btree (permission_id);


--
-- Name: auth_permission_content_type_id_2f476e4b; Type: INDEX; Schema: public; Owner: postgresuser
--

CREATE INDEX auth_permission_content_type_id_2f476e4b ON public.auth_permission USING btree (content_type_id);


--
-- Name: content_cou_is_acti_e63183_idx; Type: INDEX; Schema: public; Owner: postgresuser
--

CREATE INDEX content_cou_is_acti_e63183_idx ON public.content_course USING btree (is_active, created_at DESC);


--
-- Name: content_course_created_by_id_c1f31430; Type: INDEX; Schema: public; Owner: postgresuser
--

CREATE INDEX content_course_created_by_id_c1f31430 ON public.content_course USING btree (created_by_id);


--
-- Name: content_course_is_active_17dd3ab0; Type: INDEX; Schema: public; Owner: postgresuser
--

CREATE INDEX content_course_is_active_17dd3ab0 ON public.content_course USING btree (is_active);


--
-- Name: content_les_lesson__2f0b53_idx; Type: INDEX; Schema: public; Owner: postgresuser
--

CREATE INDEX content_les_lesson__2f0b53_idx ON public.content_lesson USING btree (lesson_type);


--
-- Name: content_les_module__c210ff_idx; Type: INDEX; Schema: public; Owner: postgresuser
--

CREATE INDEX content_les_module__c210ff_idx ON public.content_lesson USING btree (module_id, "order");


--
-- Name: content_lesson_lesson_type_b7d1d910; Type: INDEX; Schema: public; Owner: postgresuser
--

CREATE INDEX content_lesson_lesson_type_b7d1d910 ON public.content_lesson USING btree (lesson_type);


--
-- Name: content_lesson_lesson_type_b7d1d910_like; Type: INDEX; Schema: public; Owner: postgresuser
--

CREATE INDEX content_lesson_lesson_type_b7d1d910_like ON public.content_lesson USING btree (lesson_type varchar_pattern_ops);


--
-- Name: content_lesson_module_id_6ff1cdf3; Type: INDEX; Schema: public; Owner: postgresuser
--

CREATE INDEX content_lesson_module_id_6ff1cdf3 ON public.content_lesson USING btree (module_id);


--
-- Name: content_lesson_order_ce147fc6; Type: INDEX; Schema: public; Owner: postgresuser
--

CREATE INDEX content_lesson_order_ce147fc6 ON public.content_lesson USING btree ("order");


--
-- Name: content_lessonmaterial_lesson_id_f9293388; Type: INDEX; Schema: public; Owner: postgresuser
--

CREATE INDEX content_lessonmaterial_lesson_id_f9293388 ON public.content_lessonmaterial USING btree (lesson_id);


--
-- Name: content_mod_course__07037a_idx; Type: INDEX; Schema: public; Owner: postgresuser
--

CREATE INDEX content_mod_course__07037a_idx ON public.content_module USING btree (course_id, "order");


--
-- Name: content_module_course_id_9c5f89d2; Type: INDEX; Schema: public; Owner: postgresuser
--

CREATE INDEX content_module_course_id_9c5f89d2 ON public.content_module USING btree (course_id);


--
-- Name: content_module_order_85c71af5; Type: INDEX; Schema: public; Owner: postgresuser
--

CREATE INDEX content_module_order_85c71af5 ON public.content_module USING btree ("order");


--
-- Name: courses_created_by_id_a7702746; Type: INDEX; Schema: public; Owner: postgresuser
--

CREATE INDEX courses_created_by_id_a7702746 ON public.courses USING btree (created_by_id);


--
-- Name: django_admin_log_content_type_id_c4bce8eb; Type: INDEX; Schema: public; Owner: postgresuser
--

CREATE INDEX django_admin_log_content_type_id_c4bce8eb ON public.django_admin_log USING btree (content_type_id);


--
-- Name: django_admin_log_user_id_c564eba6; Type: INDEX; Schema: public; Owner: postgresuser
--

CREATE INDEX django_admin_log_user_id_c564eba6 ON public.django_admin_log USING btree (user_id);


--
-- Name: django_session_expire_date_a5c62663; Type: INDEX; Schema: public; Owner: postgresuser
--

CREATE INDEX django_session_expire_date_a5c62663 ON public.django_session USING btree (expire_date);


--
-- Name: django_session_session_key_c0390e0f_like; Type: INDEX; Schema: public; Owner: postgresuser
--

CREATE INDEX django_session_session_key_c0390e0f_like ON public.django_session USING btree (session_key varchar_pattern_ops);


--
-- Name: email_verification_tokens_user_id_3cbf3e2d; Type: INDEX; Schema: public; Owner: postgresuser
--

CREATE INDEX email_verification_tokens_user_id_3cbf3e2d ON public.email_verification_tokens USING btree (user_id);


--
-- Name: graduates_g_certifi_9eb89b_idx; Type: INDEX; Schema: public; Owner: postgresuser
--

CREATE INDEX graduates_g_certifi_9eb89b_idx ON public.graduates_graduate USING btree (certificate_number);


--
-- Name: graduates_g_group_i_ccd3c9_idx; Type: INDEX; Schema: public; Owner: postgresuser
--

CREATE INDEX graduates_g_group_i_ccd3c9_idx ON public.graduates_graduate USING btree (group_id, status);


--
-- Name: graduates_g_status_19c813_idx; Type: INDEX; Schema: public; Owner: postgresuser
--

CREATE INDEX graduates_g_status_19c813_idx ON public.graduates_graduate USING btree (status, completed_at DESC);


--
-- Name: graduates_g_user_id_5d6143_idx; Type: INDEX; Schema: public; Owner: postgresuser
--

CREATE INDEX graduates_g_user_id_5d6143_idx ON public.graduates_graduate USING btree (user_id, course_id);


--
-- Name: graduates_graduate_certificate_number_8ff047c0_like; Type: INDEX; Schema: public; Owner: postgresuser
--

CREATE INDEX graduates_graduate_certificate_number_8ff047c0_like ON public.graduates_graduate USING btree (certificate_number varchar_pattern_ops);


--
-- Name: graduates_graduate_completed_at_30467323; Type: INDEX; Schema: public; Owner: postgresuser
--

CREATE INDEX graduates_graduate_completed_at_30467323 ON public.graduates_graduate USING btree (completed_at);


--
-- Name: graduates_graduate_course_id_62a78221; Type: INDEX; Schema: public; Owner: postgresuser
--

CREATE INDEX graduates_graduate_course_id_62a78221 ON public.graduates_graduate USING btree (course_id);


--
-- Name: graduates_graduate_graduated_at_649fbb22; Type: INDEX; Schema: public; Owner: postgresuser
--

CREATE INDEX graduates_graduate_graduated_at_649fbb22 ON public.graduates_graduate USING btree (graduated_at);


--
-- Name: graduates_graduate_graduated_by_id_ed6ffdfd; Type: INDEX; Schema: public; Owner: postgresuser
--

CREATE INDEX graduates_graduate_graduated_by_id_ed6ffdfd ON public.graduates_graduate USING btree (graduated_by_id);


--
-- Name: graduates_graduate_group_id_8a1774a2; Type: INDEX; Schema: public; Owner: postgresuser
--

CREATE INDEX graduates_graduate_group_id_8a1774a2 ON public.graduates_graduate USING btree (group_id);


--
-- Name: graduates_graduate_status_934f6c8b; Type: INDEX; Schema: public; Owner: postgresuser
--

CREATE INDEX graduates_graduate_status_934f6c8b ON public.graduates_graduate USING btree (status);


--
-- Name: graduates_graduate_status_934f6c8b_like; Type: INDEX; Schema: public; Owner: postgresuser
--

CREATE INDEX graduates_graduate_status_934f6c8b_like ON public.graduates_graduate USING btree (status varchar_pattern_ops);


--
-- Name: graduates_graduate_user_id_6548cbc3; Type: INDEX; Schema: public; Owner: postgresuser
--

CREATE INDEX graduates_graduate_user_id_6548cbc3 ON public.graduates_graduate USING btree (user_id);


--
-- Name: groups_grou_course__5d881a_idx; Type: INDEX; Schema: public; Owner: postgresuser
--

CREATE INDEX groups_grou_course__5d881a_idx ON public.groups_group USING btree (course_id, is_active);


--
-- Name: groups_grou_course__f10a35_idx; Type: INDEX; Schema: public; Owner: postgresuser
--

CREATE INDEX groups_grou_course__f10a35_idx ON public.groups_group USING btree (course_id, is_default);


--
-- Name: groups_grou_deadlin_9dc98a_idx; Type: INDEX; Schema: public; Owner: postgresuser
--

CREATE INDEX groups_grou_deadlin_9dc98a_idx ON public.groups_group USING btree (deadline_date);


--
-- Name: groups_grou_group_i_f7e3a8_idx; Type: INDEX; Schema: public; Owner: postgresuser
--

CREATE INDEX groups_grou_group_i_f7e3a8_idx ON public.groups_groupmembership USING btree (group_id, is_active);


--
-- Name: groups_grou_group_i_faf91e_idx; Type: INDEX; Schema: public; Owner: postgresuser
--

CREATE INDEX groups_grou_group_i_faf91e_idx ON public.groups_groupinstructor USING btree (group_id, is_active);


--
-- Name: groups_grou_instruc_1f1786_idx; Type: INDEX; Schema: public; Owner: postgresuser
--

CREATE INDEX groups_grou_instruc_1f1786_idx ON public.groups_groupinstructor USING btree (instructor_id, is_active);


--
-- Name: groups_grou_persona_7f1aec_idx; Type: INDEX; Schema: public; Owner: postgresuser
--

CREATE INDEX groups_grou_persona_7f1aec_idx ON public.groups_groupmembership USING btree (personal_deadline_at);


--
-- Name: groups_grou_referra_dc39c3_idx; Type: INDEX; Schema: public; Owner: postgresuser
--

CREATE INDEX groups_grou_referra_dc39c3_idx ON public.groups_group USING btree (referral_token);


--
-- Name: groups_grou_user_id_bd45cf_idx; Type: INDEX; Schema: public; Owner: postgresuser
--

CREATE INDEX groups_grou_user_id_bd45cf_idx ON public.groups_groupmembership USING btree (user_id, is_active);


--
-- Name: groups_group_course_id_7c45eaf2; Type: INDEX; Schema: public; Owner: postgresuser
--

CREATE INDEX groups_group_course_id_7c45eaf2 ON public.groups_group USING btree (course_id);


--
-- Name: groups_group_deadline_date_eabe682e; Type: INDEX; Schema: public; Owner: postgresuser
--

CREATE INDEX groups_group_deadline_date_eabe682e ON public.groups_group USING btree (deadline_date);


--
-- Name: groups_group_is_active_d9c77c39; Type: INDEX; Schema: public; Owner: postgresuser
--

CREATE INDEX groups_group_is_active_d9c77c39 ON public.groups_group USING btree (is_active);


--
-- Name: groups_group_is_default_68c1bb60; Type: INDEX; Schema: public; Owner: postgresuser
--

CREATE INDEX groups_group_is_default_68c1bb60 ON public.groups_group USING btree (is_default);


--
-- Name: groups_groupinstructor_group_id_22a9c4df; Type: INDEX; Schema: public; Owner: postgresuser
--

CREATE INDEX groups_groupinstructor_group_id_22a9c4df ON public.groups_groupinstructor USING btree (group_id);


--
-- Name: groups_groupinstructor_instructor_id_4f53149f; Type: INDEX; Schema: public; Owner: postgresuser
--

CREATE INDEX groups_groupinstructor_instructor_id_4f53149f ON public.groups_groupinstructor USING btree (instructor_id);


--
-- Name: groups_groupinstructor_is_active_a0fe146f; Type: INDEX; Schema: public; Owner: postgresuser
--

CREATE INDEX groups_groupinstructor_is_active_a0fe146f ON public.groups_groupinstructor USING btree (is_active);


--
-- Name: groups_groupmembership_group_id_01c2a50a; Type: INDEX; Schema: public; Owner: postgresuser
--

CREATE INDEX groups_groupmembership_group_id_01c2a50a ON public.groups_groupmembership USING btree (group_id);


--
-- Name: groups_groupmembership_is_active_81d9018d; Type: INDEX; Schema: public; Owner: postgresuser
--

CREATE INDEX groups_groupmembership_is_active_81d9018d ON public.groups_groupmembership USING btree (is_active);


--
-- Name: groups_groupmembership_joined_at_4080e216; Type: INDEX; Schema: public; Owner: postgresuser
--

CREATE INDEX groups_groupmembership_joined_at_4080e216 ON public.groups_groupmembership USING btree (joined_at);


--
-- Name: groups_groupmembership_personal_deadline_at_ab7eab85; Type: INDEX; Schema: public; Owner: postgresuser
--

CREATE INDEX groups_groupmembership_personal_deadline_at_ab7eab85 ON public.groups_groupmembership USING btree (personal_deadline_at);


--
-- Name: groups_groupmembership_user_id_c6a6fbcb; Type: INDEX; Schema: public; Owner: postgresuser
--

CREATE INDEX groups_groupmembership_user_id_c6a6fbcb ON public.groups_groupmembership USING btree (user_id);


--
-- Name: invitations_email_469b28_idx; Type: INDEX; Schema: public; Owner: postgresuser
--

CREATE INDEX invitations_email_469b28_idx ON public.invitations_invitation USING btree (email);


--
-- Name: invitations_group_i_a86218_idx; Type: INDEX; Schema: public; Owner: postgresuser
--

CREATE INDEX invitations_group_i_a86218_idx ON public.invitations_invitation USING btree (group_id, status);


--
-- Name: invitations_invitation_created_at_fed4f873; Type: INDEX; Schema: public; Owner: postgresuser
--

CREATE INDEX invitations_invitation_created_at_fed4f873 ON public.invitations_invitation USING btree (created_at);


--
-- Name: invitations_invitation_created_user_id_6768d594; Type: INDEX; Schema: public; Owner: postgresuser
--

CREATE INDEX invitations_invitation_created_user_id_6768d594 ON public.invitations_invitation USING btree (created_user_id);


--
-- Name: invitations_invitation_email_d5c8f421; Type: INDEX; Schema: public; Owner: postgresuser
--

CREATE INDEX invitations_invitation_email_d5c8f421 ON public.invitations_invitation USING btree (email);


--
-- Name: invitations_invitation_email_d5c8f421_like; Type: INDEX; Schema: public; Owner: postgresuser
--

CREATE INDEX invitations_invitation_email_d5c8f421_like ON public.invitations_invitation USING btree (email varchar_pattern_ops);


--
-- Name: invitations_invitation_expires_at_682d670e; Type: INDEX; Schema: public; Owner: postgresuser
--

CREATE INDEX invitations_invitation_expires_at_682d670e ON public.invitations_invitation USING btree (expires_at);


--
-- Name: invitations_invitation_group_id_5b397b1a; Type: INDEX; Schema: public; Owner: postgresuser
--

CREATE INDEX invitations_invitation_group_id_5b397b1a ON public.invitations_invitation USING btree (group_id);


--
-- Name: invitations_invitation_invited_by_id_c96f0f0d; Type: INDEX; Schema: public; Owner: postgresuser
--

CREATE INDEX invitations_invitation_invited_by_id_c96f0f0d ON public.invitations_invitation USING btree (invited_by_id);


--
-- Name: invitations_invitation_status_51f57269; Type: INDEX; Schema: public; Owner: postgresuser
--

CREATE INDEX invitations_invitation_status_51f57269 ON public.invitations_invitation USING btree (status);


--
-- Name: invitations_invitation_status_51f57269_like; Type: INDEX; Schema: public; Owner: postgresuser
--

CREATE INDEX invitations_invitation_status_51f57269_like ON public.invitations_invitation USING btree (status varchar_pattern_ops);


--
-- Name: invitations_status_7525e0_idx; Type: INDEX; Schema: public; Owner: postgresuser
--

CREATE INDEX invitations_status_7525e0_idx ON public.invitations_invitation USING btree (status, created_at DESC);


--
-- Name: notificatio_created_c85051_idx; Type: INDEX; Schema: public; Owner: postgresuser
--

CREATE INDEX notificatio_created_c85051_idx ON public.notifications_emaillog USING btree (created_at DESC, status);


--
-- Name: notificatio_email_t_9447d8_idx; Type: INDEX; Schema: public; Owner: postgresuser
--

CREATE INDEX notificatio_email_t_9447d8_idx ON public.notifications_emaillog USING btree (email_type, status);


--
-- Name: notifications_emaillog_created_at_713365a1; Type: INDEX; Schema: public; Owner: postgresuser
--

CREATE INDEX notifications_emaillog_created_at_713365a1 ON public.notifications_emaillog USING btree (created_at);


--
-- Name: notifications_emaillog_email_type_5b3e99e3; Type: INDEX; Schema: public; Owner: postgresuser
--

CREATE INDEX notifications_emaillog_email_type_5b3e99e3 ON public.notifications_emaillog USING btree (email_type);


--
-- Name: notifications_emaillog_email_type_5b3e99e3_like; Type: INDEX; Schema: public; Owner: postgresuser
--

CREATE INDEX notifications_emaillog_email_type_5b3e99e3_like ON public.notifications_emaillog USING btree (email_type varchar_pattern_ops);


--
-- Name: notifications_emaillog_recipient_4dfa0c50; Type: INDEX; Schema: public; Owner: postgresuser
--

CREATE INDEX notifications_emaillog_recipient_4dfa0c50 ON public.notifications_emaillog USING btree (recipient);


--
-- Name: notifications_emaillog_recipient_4dfa0c50_like; Type: INDEX; Schema: public; Owner: postgresuser
--

CREATE INDEX notifications_emaillog_recipient_4dfa0c50_like ON public.notifications_emaillog USING btree (recipient varchar_pattern_ops);


--
-- Name: notifications_emaillog_status_e918e89b; Type: INDEX; Schema: public; Owner: postgresuser
--

CREATE INDEX notifications_emaillog_status_e918e89b ON public.notifications_emaillog USING btree (status);


--
-- Name: notifications_emaillog_status_e918e89b_like; Type: INDEX; Schema: public; Owner: postgresuser
--

CREATE INDEX notifications_emaillog_status_e918e89b_like ON public.notifications_emaillog USING btree (status varchar_pattern_ops);


--
-- Name: notifications_emaillog_user_id_d3ff2230; Type: INDEX; Schema: public; Owner: postgresuser
--

CREATE INDEX notifications_emaillog_user_id_d3ff2230 ON public.notifications_emaillog USING btree (user_id);


--
-- Name: password_reset_tokens_user_id_0aeaaad3; Type: INDEX; Schema: public; Owner: postgresuser
--

CREATE INDEX password_reset_tokens_user_id_0aeaaad3 ON public.password_reset_tokens USING btree (user_id);


--
-- Name: progress_co_course__8e08a6_idx; Type: INDEX; Schema: public; Owner: postgresuser
--

CREATE INDEX progress_co_course__8e08a6_idx ON public.progress_courseenrollment USING btree (course_id, is_active);


--
-- Name: progress_co_enrolle_242cdb_idx; Type: INDEX; Schema: public; Owner: postgresuser
--

CREATE INDEX progress_co_enrolle_242cdb_idx ON public.progress_courseenrollment USING btree (enrolled_at DESC);


--
-- Name: progress_co_user_id_32dcce_idx; Type: INDEX; Schema: public; Owner: postgresuser
--

CREATE INDEX progress_co_user_id_32dcce_idx ON public.progress_courseenrollment USING btree (user_id, is_active);


--
-- Name: progress_courseenrollment_course_id_2ad51de1; Type: INDEX; Schema: public; Owner: postgresuser
--

CREATE INDEX progress_courseenrollment_course_id_2ad51de1 ON public.progress_courseenrollment USING btree (course_id);


--
-- Name: progress_courseenrollment_enrolled_at_95547537; Type: INDEX; Schema: public; Owner: postgresuser
--

CREATE INDEX progress_courseenrollment_enrolled_at_95547537 ON public.progress_courseenrollment USING btree (enrolled_at);


--
-- Name: progress_courseenrollment_group_id_9b90f452; Type: INDEX; Schema: public; Owner: postgresuser
--

CREATE INDEX progress_courseenrollment_group_id_9b90f452 ON public.progress_courseenrollment USING btree (group_id);


--
-- Name: progress_courseenrollment_is_active_fea2042a; Type: INDEX; Schema: public; Owner: postgresuser
--

CREATE INDEX progress_courseenrollment_is_active_fea2042a ON public.progress_courseenrollment USING btree (is_active);


--
-- Name: progress_courseenrollment_last_activity_at_250c1f62; Type: INDEX; Schema: public; Owner: postgresuser
--

CREATE INDEX progress_courseenrollment_last_activity_at_250c1f62 ON public.progress_courseenrollment USING btree (last_activity_at);


--
-- Name: progress_courseenrollment_user_id_610246e1; Type: INDEX; Schema: public; Owner: postgresuser
--

CREATE INDEX progress_courseenrollment_user_id_610246e1 ON public.progress_courseenrollment USING btree (user_id);


--
-- Name: progress_le_lesson__1aa494_idx; Type: INDEX; Schema: public; Owner: postgresuser
--

CREATE INDEX progress_le_lesson__1aa494_idx ON public.progress_lessonprogress USING btree (lesson_id, is_completed);


--
-- Name: progress_le_user_id_734ee4_idx; Type: INDEX; Schema: public; Owner: postgresuser
--

CREATE INDEX progress_le_user_id_734ee4_idx ON public.progress_lessonprogress USING btree (user_id, is_completed);


--
-- Name: progress_le_user_id_8c8ec5_idx; Type: INDEX; Schema: public; Owner: postgresuser
--

CREATE INDEX progress_le_user_id_8c8ec5_idx ON public.progress_lessonprogress USING btree (user_id, lesson_id);


--
-- Name: progress_lessonprogress_completed_at_9e5ddfaf; Type: INDEX; Schema: public; Owner: postgresuser
--

CREATE INDEX progress_lessonprogress_completed_at_9e5ddfaf ON public.progress_lessonprogress USING btree (completed_at);


--
-- Name: progress_lessonprogress_is_completed_50c56940; Type: INDEX; Schema: public; Owner: postgresuser
--

CREATE INDEX progress_lessonprogress_is_completed_50c56940 ON public.progress_lessonprogress USING btree (is_completed);


--
-- Name: progress_lessonprogress_lesson_id_703d9f2e; Type: INDEX; Schema: public; Owner: postgresuser
--

CREATE INDEX progress_lessonprogress_lesson_id_703d9f2e ON public.progress_lessonprogress USING btree (lesson_id);


--
-- Name: progress_lessonprogress_user_id_bd1250a9; Type: INDEX; Schema: public; Owner: postgresuser
--

CREATE INDEX progress_lessonprogress_user_id_bd1250a9 ON public.progress_lessonprogress USING btree (user_id);


--
-- Name: progress_vi_user_id_022123_idx; Type: INDEX; Schema: public; Owner: postgresuser
--

CREATE INDEX progress_vi_user_id_022123_idx ON public.progress_videoprogress USING btree (user_id, video_lesson_id);


--
-- Name: progress_videoprogress_user_id_98c947bc; Type: INDEX; Schema: public; Owner: postgresuser
--

CREATE INDEX progress_videoprogress_user_id_98c947bc ON public.progress_videoprogress USING btree (user_id);


--
-- Name: progress_videoprogress_video_lesson_id_afc7cb9b; Type: INDEX; Schema: public; Owner: postgresuser
--

CREATE INDEX progress_videoprogress_video_lesson_id_afc7cb9b ON public.progress_videoprogress USING btree (video_lesson_id);


--
-- Name: quiz_responses_selected_answers_quizanswer_id_0f0e656e; Type: INDEX; Schema: public; Owner: postgresuser
--

CREATE INDEX quiz_responses_selected_answers_quizanswer_id_0f0e656e ON public.quiz_responses_selected_answers USING btree (quizanswer_id);


--
-- Name: quiz_responses_selected_answers_quizresponse_id_34d21283; Type: INDEX; Schema: public; Owner: postgresuser
--

CREATE INDEX quiz_responses_selected_answers_quizresponse_id_34d21283 ON public.quiz_responses_selected_answers USING btree (quizresponse_id);


--
-- Name: quizzes_qui_status_5427e5_idx; Type: INDEX; Schema: public; Owner: postgresuser
--

CREATE INDEX quizzes_qui_status_5427e5_idx ON public.quizzes_quizattempt USING btree (status, started_at DESC);


--
-- Name: quizzes_qui_user_id_7e13f2_idx; Type: INDEX; Schema: public; Owner: postgresuser
--

CREATE INDEX quizzes_qui_user_id_7e13f2_idx ON public.quizzes_quizattempt USING btree (user_id, quiz_id, started_at DESC);


--
-- Name: quizzes_quizanswer_is_correct_d8c646ec; Type: INDEX; Schema: public; Owner: postgresuser
--

CREATE INDEX quizzes_quizanswer_is_correct_d8c646ec ON public.quizzes_quizanswer USING btree (is_correct);


--
-- Name: quizzes_quizanswer_question_id_c7254f4e; Type: INDEX; Schema: public; Owner: postgresuser
--

CREATE INDEX quizzes_quizanswer_question_id_c7254f4e ON public.quizzes_quizanswer USING btree (question_id);


--
-- Name: quizzes_quizattempt_quiz_id_da54d53d; Type: INDEX; Schema: public; Owner: postgresuser
--

CREATE INDEX quizzes_quizattempt_quiz_id_da54d53d ON public.quizzes_quizattempt USING btree (quiz_id);


--
-- Name: quizzes_quizattempt_started_at_0d37426a; Type: INDEX; Schema: public; Owner: postgresuser
--

CREATE INDEX quizzes_quizattempt_started_at_0d37426a ON public.quizzes_quizattempt USING btree (started_at);


--
-- Name: quizzes_quizattempt_status_77acb936; Type: INDEX; Schema: public; Owner: postgresuser
--

CREATE INDEX quizzes_quizattempt_status_77acb936 ON public.quizzes_quizattempt USING btree (status);


--
-- Name: quizzes_quizattempt_status_77acb936_like; Type: INDEX; Schema: public; Owner: postgresuser
--

CREATE INDEX quizzes_quizattempt_status_77acb936_like ON public.quizzes_quizattempt USING btree (status varchar_pattern_ops);


--
-- Name: quizzes_quizattempt_user_id_e9ee8fc7; Type: INDEX; Schema: public; Owner: postgresuser
--

CREATE INDEX quizzes_quizattempt_user_id_e9ee8fc7 ON public.quizzes_quizattempt USING btree (user_id);


--
-- Name: quizzes_quizquestion_order_c95759de; Type: INDEX; Schema: public; Owner: postgresuser
--

CREATE INDEX quizzes_quizquestion_order_c95759de ON public.quizzes_quizquestion USING btree ("order");


--
-- Name: quizzes_quizquestion_quiz_id_a4c4f532; Type: INDEX; Schema: public; Owner: postgresuser
--

CREATE INDEX quizzes_quizquestion_quiz_id_a4c4f532 ON public.quizzes_quizquestion USING btree (quiz_id);


--
-- Name: quizzes_quizresponse_attempt_id_2d1f3fde; Type: INDEX; Schema: public; Owner: postgresuser
--

CREATE INDEX quizzes_quizresponse_attempt_id_2d1f3fde ON public.quizzes_quizresponse USING btree (attempt_id);


--
-- Name: quizzes_quizresponse_question_id_00d13d2c; Type: INDEX; Schema: public; Owner: postgresuser
--

CREATE INDEX quizzes_quizresponse_question_id_00d13d2c ON public.quizzes_quizresponse USING btree (question_id);


--
-- Name: quizzes_quizresponse_selected_answers_quizanswer_id_44753751; Type: INDEX; Schema: public; Owner: postgresuser
--

CREATE INDEX quizzes_quizresponse_selected_answers_quizanswer_id_44753751 ON public.quizzes_quizresponse_selected_answers USING btree (quizanswer_id);


--
-- Name: quizzes_quizresponse_selected_answers_quizresponse_id_060cf607; Type: INDEX; Schema: public; Owner: postgresuser
--

CREATE INDEX quizzes_quizresponse_selected_answers_quizresponse_id_060cf607 ON public.quizzes_quizresponse_selected_answers USING btree (quizresponse_id);


--
-- Name: users_email_0ea73cca_like; Type: INDEX; Schema: public; Owner: postgresuser
--

CREATE INDEX users_email_0ea73cca_like ON public.users USING btree (email varchar_pattern_ops);


--
-- Name: users_groups_group_id_2f3517aa; Type: INDEX; Schema: public; Owner: postgresuser
--

CREATE INDEX users_groups_group_id_2f3517aa ON public.users_groups USING btree (group_id);


--
-- Name: users_groups_user_id_f500bee5; Type: INDEX; Schema: public; Owner: postgresuser
--

CREATE INDEX users_groups_user_id_f500bee5 ON public.users_groups USING btree (user_id);


--
-- Name: users_iin_7cc6763f_like; Type: INDEX; Schema: public; Owner: postgresuser
--

CREATE INDEX users_iin_7cc6763f_like ON public.users USING btree (iin varchar_pattern_ops);


--
-- Name: users_phone_2b77170a_like; Type: INDEX; Schema: public; Owner: postgresuser
--

CREATE INDEX users_phone_2b77170a_like ON public.users USING btree (phone varchar_pattern_ops);


--
-- Name: users_user_permissions_permission_id_6d08dcd2; Type: INDEX; Schema: public; Owner: postgresuser
--

CREATE INDEX users_user_permissions_permission_id_6d08dcd2 ON public.users_user_permissions USING btree (permission_id);


--
-- Name: users_user_permissions_user_id_92473840; Type: INDEX; Schema: public; Owner: postgresuser
--

CREATE INDEX users_user_permissions_user_id_92473840 ON public.users_user_permissions USING btree (user_id);


--
-- Name: assignments_assignmentsubmission assignments_assignme_assignment_id_a4b19ee6_fk_assignmen; Type: FK CONSTRAINT; Schema: public; Owner: postgresuser
--

ALTER TABLE ONLY public.assignments_assignmentsubmission
    ADD CONSTRAINT assignments_assignme_assignment_id_a4b19ee6_fk_assignmen FOREIGN KEY (assignment_id) REFERENCES public.assignments_assignmentlesson(id) DEFERRABLE INITIALLY DEFERRED;


--
-- Name: assignments_assignmentlesson assignments_assignme_lesson_id_d91875b6_fk_content_l; Type: FK CONSTRAINT; Schema: public; Owner: postgresuser
--

ALTER TABLE ONLY public.assignments_assignmentlesson
    ADD CONSTRAINT assignments_assignme_lesson_id_d91875b6_fk_content_l FOREIGN KEY (lesson_id) REFERENCES public.content_lesson(id) DEFERRABLE INITIALLY DEFERRED;


--
-- Name: assignments_assignmentsubmission assignments_assignme_reviewed_by_id_e3b4e6e8_fk_users_id; Type: FK CONSTRAINT; Schema: public; Owner: postgresuser
--

ALTER TABLE ONLY public.assignments_assignmentsubmission
    ADD CONSTRAINT assignments_assignme_reviewed_by_id_e3b4e6e8_fk_users_id FOREIGN KEY (reviewed_by_id) REFERENCES public.users(id) DEFERRABLE INITIALLY DEFERRED;


--
-- Name: assignments_assignmentcomment assignments_assignme_submission_id_6df019cb_fk_assignmen; Type: FK CONSTRAINT; Schema: public; Owner: postgresuser
--

ALTER TABLE ONLY public.assignments_assignmentcomment
    ADD CONSTRAINT assignments_assignme_submission_id_6df019cb_fk_assignmen FOREIGN KEY (submission_id) REFERENCES public.assignments_assignmentsubmission(id) DEFERRABLE INITIALLY DEFERRED;


--
-- Name: assignments_assignmentcomment assignments_assignmentcomment_author_id_ae1841f2_fk_users_id; Type: FK CONSTRAINT; Schema: public; Owner: postgresuser
--

ALTER TABLE ONLY public.assignments_assignmentcomment
    ADD CONSTRAINT assignments_assignmentcomment_author_id_ae1841f2_fk_users_id FOREIGN KEY (author_id) REFERENCES public.users(id) DEFERRABLE INITIALLY DEFERRED;


--
-- Name: assignments_assignmentsubmission assignments_assignmentsubmission_user_id_982ce4e7_fk_users_id; Type: FK CONSTRAINT; Schema: public; Owner: postgresuser
--

ALTER TABLE ONLY public.assignments_assignmentsubmission
    ADD CONSTRAINT assignments_assignmentsubmission_user_id_982ce4e7_fk_users_id FOREIGN KEY (user_id) REFERENCES public.users(id) DEFERRABLE INITIALLY DEFERRED;


--
-- Name: auth_group_permissions auth_group_permissio_permission_id_84c5c92e_fk_auth_perm; Type: FK CONSTRAINT; Schema: public; Owner: postgresuser
--

ALTER TABLE ONLY public.auth_group_permissions
    ADD CONSTRAINT auth_group_permissio_permission_id_84c5c92e_fk_auth_perm FOREIGN KEY (permission_id) REFERENCES public.auth_permission(id) DEFERRABLE INITIALLY DEFERRED;


--
-- Name: auth_group_permissions auth_group_permissions_group_id_b120cbf9_fk_auth_group_id; Type: FK CONSTRAINT; Schema: public; Owner: postgresuser
--

ALTER TABLE ONLY public.auth_group_permissions
    ADD CONSTRAINT auth_group_permissions_group_id_b120cbf9_fk_auth_group_id FOREIGN KEY (group_id) REFERENCES public.auth_group(id) DEFERRABLE INITIALLY DEFERRED;


--
-- Name: auth_permission auth_permission_content_type_id_2f476e4b_fk_django_co; Type: FK CONSTRAINT; Schema: public; Owner: postgresuser
--

ALTER TABLE ONLY public.auth_permission
    ADD CONSTRAINT auth_permission_content_type_id_2f476e4b_fk_django_co FOREIGN KEY (content_type_id) REFERENCES public.django_content_type(id) DEFERRABLE INITIALLY DEFERRED;


--
-- Name: content_course content_course_created_by_id_c1f31430_fk_users_id; Type: FK CONSTRAINT; Schema: public; Owner: postgresuser
--

ALTER TABLE ONLY public.content_course
    ADD CONSTRAINT content_course_created_by_id_c1f31430_fk_users_id FOREIGN KEY (created_by_id) REFERENCES public.users(id) DEFERRABLE INITIALLY DEFERRED;


--
-- Name: content_lesson content_lesson_module_id_6ff1cdf3_fk_content_module_id; Type: FK CONSTRAINT; Schema: public; Owner: postgresuser
--

ALTER TABLE ONLY public.content_lesson
    ADD CONSTRAINT content_lesson_module_id_6ff1cdf3_fk_content_module_id FOREIGN KEY (module_id) REFERENCES public.content_module(id) DEFERRABLE INITIALLY DEFERRED;


--
-- Name: content_lessonmaterial content_lessonmaterial_lesson_id_f9293388_fk_content_lesson_id; Type: FK CONSTRAINT; Schema: public; Owner: postgresuser
--

ALTER TABLE ONLY public.content_lessonmaterial
    ADD CONSTRAINT content_lessonmaterial_lesson_id_f9293388_fk_content_lesson_id FOREIGN KEY (lesson_id) REFERENCES public.content_lesson(id) DEFERRABLE INITIALLY DEFERRED;


--
-- Name: content_module content_module_course_id_9c5f89d2_fk_content_course_id; Type: FK CONSTRAINT; Schema: public; Owner: postgresuser
--

ALTER TABLE ONLY public.content_module
    ADD CONSTRAINT content_module_course_id_9c5f89d2_fk_content_course_id FOREIGN KEY (course_id) REFERENCES public.content_course(id) DEFERRABLE INITIALLY DEFERRED;


--
-- Name: content_textlesson content_textlesson_lesson_id_49bb05f9_fk_content_lesson_id; Type: FK CONSTRAINT; Schema: public; Owner: postgresuser
--

ALTER TABLE ONLY public.content_textlesson
    ADD CONSTRAINT content_textlesson_lesson_id_49bb05f9_fk_content_lesson_id FOREIGN KEY (lesson_id) REFERENCES public.content_lesson(id) DEFERRABLE INITIALLY DEFERRED;


--
-- Name: content_videolesson content_videolesson_lesson_id_6a9c88db_fk_content_lesson_id; Type: FK CONSTRAINT; Schema: public; Owner: postgresuser
--

ALTER TABLE ONLY public.content_videolesson
    ADD CONSTRAINT content_videolesson_lesson_id_6a9c88db_fk_content_lesson_id FOREIGN KEY (lesson_id) REFERENCES public.content_lesson(id) DEFERRABLE INITIALLY DEFERRED;


--
-- Name: courses courses_created_by_id_a7702746_fk_users_id; Type: FK CONSTRAINT; Schema: public; Owner: postgresuser
--

ALTER TABLE ONLY public.courses
    ADD CONSTRAINT courses_created_by_id_a7702746_fk_users_id FOREIGN KEY (created_by_id) REFERENCES public.users(id) DEFERRABLE INITIALLY DEFERRED;


--
-- Name: django_admin_log django_admin_log_content_type_id_c4bce8eb_fk_django_co; Type: FK CONSTRAINT; Schema: public; Owner: postgresuser
--

ALTER TABLE ONLY public.django_admin_log
    ADD CONSTRAINT django_admin_log_content_type_id_c4bce8eb_fk_django_co FOREIGN KEY (content_type_id) REFERENCES public.django_content_type(id) DEFERRABLE INITIALLY DEFERRED;


--
-- Name: django_admin_log django_admin_log_user_id_c564eba6_fk_users_id; Type: FK CONSTRAINT; Schema: public; Owner: postgresuser
--

ALTER TABLE ONLY public.django_admin_log
    ADD CONSTRAINT django_admin_log_user_id_c564eba6_fk_users_id FOREIGN KEY (user_id) REFERENCES public.users(id) DEFERRABLE INITIALLY DEFERRED;


--
-- Name: email_verification_tokens email_verification_tokens_user_id_3cbf3e2d_fk_users_id; Type: FK CONSTRAINT; Schema: public; Owner: postgresuser
--

ALTER TABLE ONLY public.email_verification_tokens
    ADD CONSTRAINT email_verification_tokens_user_id_3cbf3e2d_fk_users_id FOREIGN KEY (user_id) REFERENCES public.users(id) DEFERRABLE INITIALLY DEFERRED;


--
-- Name: graduates_graduate graduates_graduate_course_id_62a78221_fk_content_course_id; Type: FK CONSTRAINT; Schema: public; Owner: postgresuser
--

ALTER TABLE ONLY public.graduates_graduate
    ADD CONSTRAINT graduates_graduate_course_id_62a78221_fk_content_course_id FOREIGN KEY (course_id) REFERENCES public.content_course(id) DEFERRABLE INITIALLY DEFERRED;


--
-- Name: graduates_graduate graduates_graduate_graduated_by_id_ed6ffdfd_fk_users_id; Type: FK CONSTRAINT; Schema: public; Owner: postgresuser
--

ALTER TABLE ONLY public.graduates_graduate
    ADD CONSTRAINT graduates_graduate_graduated_by_id_ed6ffdfd_fk_users_id FOREIGN KEY (graduated_by_id) REFERENCES public.users(id) DEFERRABLE INITIALLY DEFERRED;


--
-- Name: graduates_graduate graduates_graduate_group_id_8a1774a2_fk_groups_group_id; Type: FK CONSTRAINT; Schema: public; Owner: postgresuser
--

ALTER TABLE ONLY public.graduates_graduate
    ADD CONSTRAINT graduates_graduate_group_id_8a1774a2_fk_groups_group_id FOREIGN KEY (group_id) REFERENCES public.groups_group(id) DEFERRABLE INITIALLY DEFERRED;


--
-- Name: graduates_graduate graduates_graduate_user_id_6548cbc3_fk_users_id; Type: FK CONSTRAINT; Schema: public; Owner: postgresuser
--

ALTER TABLE ONLY public.graduates_graduate
    ADD CONSTRAINT graduates_graduate_user_id_6548cbc3_fk_users_id FOREIGN KEY (user_id) REFERENCES public.users(id) DEFERRABLE INITIALLY DEFERRED;


--
-- Name: groups_group groups_group_course_id_7c45eaf2_fk_content_course_id; Type: FK CONSTRAINT; Schema: public; Owner: postgresuser
--

ALTER TABLE ONLY public.groups_group
    ADD CONSTRAINT groups_group_course_id_7c45eaf2_fk_content_course_id FOREIGN KEY (course_id) REFERENCES public.content_course(id) DEFERRABLE INITIALLY DEFERRED;


--
-- Name: groups_groupinstructor groups_groupinstructor_group_id_22a9c4df_fk_groups_group_id; Type: FK CONSTRAINT; Schema: public; Owner: postgresuser
--

ALTER TABLE ONLY public.groups_groupinstructor
    ADD CONSTRAINT groups_groupinstructor_group_id_22a9c4df_fk_groups_group_id FOREIGN KEY (group_id) REFERENCES public.groups_group(id) DEFERRABLE INITIALLY DEFERRED;


--
-- Name: groups_groupinstructor groups_groupinstructor_instructor_id_4f53149f_fk_users_id; Type: FK CONSTRAINT; Schema: public; Owner: postgresuser
--

ALTER TABLE ONLY public.groups_groupinstructor
    ADD CONSTRAINT groups_groupinstructor_instructor_id_4f53149f_fk_users_id FOREIGN KEY (instructor_id) REFERENCES public.users(id) DEFERRABLE INITIALLY DEFERRED;


--
-- Name: groups_groupmembership groups_groupmembership_group_id_01c2a50a_fk_groups_group_id; Type: FK CONSTRAINT; Schema: public; Owner: postgresuser
--

ALTER TABLE ONLY public.groups_groupmembership
    ADD CONSTRAINT groups_groupmembership_group_id_01c2a50a_fk_groups_group_id FOREIGN KEY (group_id) REFERENCES public.groups_group(id) DEFERRABLE INITIALLY DEFERRED;


--
-- Name: groups_groupmembership groups_groupmembership_user_id_c6a6fbcb_fk_users_id; Type: FK CONSTRAINT; Schema: public; Owner: postgresuser
--

ALTER TABLE ONLY public.groups_groupmembership
    ADD CONSTRAINT groups_groupmembership_user_id_c6a6fbcb_fk_users_id FOREIGN KEY (user_id) REFERENCES public.users(id) DEFERRABLE INITIALLY DEFERRED;


--
-- Name: invitations_invitation invitations_invitation_created_user_id_6768d594_fk_users_id; Type: FK CONSTRAINT; Schema: public; Owner: postgresuser
--

ALTER TABLE ONLY public.invitations_invitation
    ADD CONSTRAINT invitations_invitation_created_user_id_6768d594_fk_users_id FOREIGN KEY (created_user_id) REFERENCES public.users(id) DEFERRABLE INITIALLY DEFERRED;


--
-- Name: invitations_invitation invitations_invitation_group_id_5b397b1a_fk_groups_group_id; Type: FK CONSTRAINT; Schema: public; Owner: postgresuser
--

ALTER TABLE ONLY public.invitations_invitation
    ADD CONSTRAINT invitations_invitation_group_id_5b397b1a_fk_groups_group_id FOREIGN KEY (group_id) REFERENCES public.groups_group(id) DEFERRABLE INITIALLY DEFERRED;


--
-- Name: invitations_invitation invitations_invitation_invited_by_id_c96f0f0d_fk_users_id; Type: FK CONSTRAINT; Schema: public; Owner: postgresuser
--

ALTER TABLE ONLY public.invitations_invitation
    ADD CONSTRAINT invitations_invitation_invited_by_id_c96f0f0d_fk_users_id FOREIGN KEY (invited_by_id) REFERENCES public.users(id) DEFERRABLE INITIALLY DEFERRED;


--
-- Name: notifications_emaillog notifications_emaillog_user_id_d3ff2230_fk_users_id; Type: FK CONSTRAINT; Schema: public; Owner: postgresuser
--

ALTER TABLE ONLY public.notifications_emaillog
    ADD CONSTRAINT notifications_emaillog_user_id_d3ff2230_fk_users_id FOREIGN KEY (user_id) REFERENCES public.users(id) DEFERRABLE INITIALLY DEFERRED;


--
-- Name: password_reset_tokens password_reset_tokens_user_id_0aeaaad3_fk_users_id; Type: FK CONSTRAINT; Schema: public; Owner: postgresuser
--

ALTER TABLE ONLY public.password_reset_tokens
    ADD CONSTRAINT password_reset_tokens_user_id_0aeaaad3_fk_users_id FOREIGN KEY (user_id) REFERENCES public.users(id) DEFERRABLE INITIALLY DEFERRED;


--
-- Name: progress_courseenrollment progress_courseenrol_course_id_2ad51de1_fk_content_c; Type: FK CONSTRAINT; Schema: public; Owner: postgresuser
--

ALTER TABLE ONLY public.progress_courseenrollment
    ADD CONSTRAINT progress_courseenrol_course_id_2ad51de1_fk_content_c FOREIGN KEY (course_id) REFERENCES public.content_course(id) DEFERRABLE INITIALLY DEFERRED;


--
-- Name: progress_courseenrollment progress_courseenrollment_group_id_9b90f452_fk_groups_group_id; Type: FK CONSTRAINT; Schema: public; Owner: postgresuser
--

ALTER TABLE ONLY public.progress_courseenrollment
    ADD CONSTRAINT progress_courseenrollment_group_id_9b90f452_fk_groups_group_id FOREIGN KEY (group_id) REFERENCES public.groups_group(id) DEFERRABLE INITIALLY DEFERRED;


--
-- Name: progress_courseenrollment progress_courseenrollment_user_id_610246e1_fk_users_id; Type: FK CONSTRAINT; Schema: public; Owner: postgresuser
--

ALTER TABLE ONLY public.progress_courseenrollment
    ADD CONSTRAINT progress_courseenrollment_user_id_610246e1_fk_users_id FOREIGN KEY (user_id) REFERENCES public.users(id) DEFERRABLE INITIALLY DEFERRED;


--
-- Name: progress_lessonprogress progress_lessonprogress_lesson_id_703d9f2e_fk_content_lesson_id; Type: FK CONSTRAINT; Schema: public; Owner: postgresuser
--

ALTER TABLE ONLY public.progress_lessonprogress
    ADD CONSTRAINT progress_lessonprogress_lesson_id_703d9f2e_fk_content_lesson_id FOREIGN KEY (lesson_id) REFERENCES public.content_lesson(id) DEFERRABLE INITIALLY DEFERRED;


--
-- Name: progress_lessonprogress progress_lessonprogress_user_id_bd1250a9_fk_users_id; Type: FK CONSTRAINT; Schema: public; Owner: postgresuser
--

ALTER TABLE ONLY public.progress_lessonprogress
    ADD CONSTRAINT progress_lessonprogress_user_id_bd1250a9_fk_users_id FOREIGN KEY (user_id) REFERENCES public.users(id) DEFERRABLE INITIALLY DEFERRED;


--
-- Name: progress_videoprogress progress_videoprogre_video_lesson_id_afc7cb9b_fk_content_v; Type: FK CONSTRAINT; Schema: public; Owner: postgresuser
--

ALTER TABLE ONLY public.progress_videoprogress
    ADD CONSTRAINT progress_videoprogre_video_lesson_id_afc7cb9b_fk_content_v FOREIGN KEY (video_lesson_id) REFERENCES public.content_videolesson(id) DEFERRABLE INITIALLY DEFERRED;


--
-- Name: progress_videoprogress progress_videoprogress_user_id_98c947bc_fk_users_id; Type: FK CONSTRAINT; Schema: public; Owner: postgresuser
--

ALTER TABLE ONLY public.progress_videoprogress
    ADD CONSTRAINT progress_videoprogress_user_id_98c947bc_fk_users_id FOREIGN KEY (user_id) REFERENCES public.users(id) DEFERRABLE INITIALLY DEFERRED;


--
-- Name: quizzes_quizanswer quizzes_quizanswer_question_id_c7254f4e_fk_quizzes_q; Type: FK CONSTRAINT; Schema: public; Owner: postgresuser
--

ALTER TABLE ONLY public.quizzes_quizanswer
    ADD CONSTRAINT quizzes_quizanswer_question_id_c7254f4e_fk_quizzes_q FOREIGN KEY (question_id) REFERENCES public.quizzes_quizquestion(id) DEFERRABLE INITIALLY DEFERRED;


--
-- Name: quizzes_quizattempt quizzes_quizattempt_quiz_id_da54d53d_fk_quizzes_quizlesson_id; Type: FK CONSTRAINT; Schema: public; Owner: postgresuser
--

ALTER TABLE ONLY public.quizzes_quizattempt
    ADD CONSTRAINT quizzes_quizattempt_quiz_id_da54d53d_fk_quizzes_quizlesson_id FOREIGN KEY (quiz_id) REFERENCES public.quizzes_quizlesson(id) DEFERRABLE INITIALLY DEFERRED;


--
-- Name: quizzes_quizattempt quizzes_quizattempt_user_id_e9ee8fc7_fk_users_id; Type: FK CONSTRAINT; Schema: public; Owner: postgresuser
--

ALTER TABLE ONLY public.quizzes_quizattempt
    ADD CONSTRAINT quizzes_quizattempt_user_id_e9ee8fc7_fk_users_id FOREIGN KEY (user_id) REFERENCES public.users(id) DEFERRABLE INITIALLY DEFERRED;


--
-- Name: quizzes_quizlesson quizzes_quizlesson_lesson_id_d1fd026e_fk_content_lesson_id; Type: FK CONSTRAINT; Schema: public; Owner: postgresuser
--

ALTER TABLE ONLY public.quizzes_quizlesson
    ADD CONSTRAINT quizzes_quizlesson_lesson_id_d1fd026e_fk_content_lesson_id FOREIGN KEY (lesson_id) REFERENCES public.content_lesson(id) DEFERRABLE INITIALLY DEFERRED;


--
-- Name: quizzes_quizquestion quizzes_quizquestion_quiz_id_a4c4f532_fk_quizzes_quizlesson_id; Type: FK CONSTRAINT; Schema: public; Owner: postgresuser
--

ALTER TABLE ONLY public.quizzes_quizquestion
    ADD CONSTRAINT quizzes_quizquestion_quiz_id_a4c4f532_fk_quizzes_quizlesson_id FOREIGN KEY (quiz_id) REFERENCES public.quizzes_quizlesson(id) DEFERRABLE INITIALLY DEFERRED;


--
-- Name: quizzes_quizresponse quizzes_quizresponse_attempt_id_2d1f3fde_fk_quizzes_q; Type: FK CONSTRAINT; Schema: public; Owner: postgresuser
--

ALTER TABLE ONLY public.quizzes_quizresponse
    ADD CONSTRAINT quizzes_quizresponse_attempt_id_2d1f3fde_fk_quizzes_q FOREIGN KEY (attempt_id) REFERENCES public.quizzes_quizattempt(id) DEFERRABLE INITIALLY DEFERRED;


--
-- Name: quizzes_quizresponse quizzes_quizresponse_question_id_00d13d2c_fk_quizzes_q; Type: FK CONSTRAINT; Schema: public; Owner: postgresuser
--

ALTER TABLE ONLY public.quizzes_quizresponse
    ADD CONSTRAINT quizzes_quizresponse_question_id_00d13d2c_fk_quizzes_q FOREIGN KEY (question_id) REFERENCES public.quizzes_quizquestion(id) DEFERRABLE INITIALLY DEFERRED;


--
-- Name: quizzes_quizresponse_selected_answers quizzes_quizresponse_quizanswer_id_44753751_fk_quizzes_q; Type: FK CONSTRAINT; Schema: public; Owner: postgresuser
--

ALTER TABLE ONLY public.quizzes_quizresponse_selected_answers
    ADD CONSTRAINT quizzes_quizresponse_quizanswer_id_44753751_fk_quizzes_q FOREIGN KEY (quizanswer_id) REFERENCES public.quizzes_quizanswer(id) DEFERRABLE INITIALLY DEFERRED;


--
-- Name: quizzes_quizresponse_selected_answers quizzes_quizresponse_quizresponse_id_060cf607_fk_quizzes_q; Type: FK CONSTRAINT; Schema: public; Owner: postgresuser
--

ALTER TABLE ONLY public.quizzes_quizresponse_selected_answers
    ADD CONSTRAINT quizzes_quizresponse_quizresponse_id_060cf607_fk_quizzes_q FOREIGN KEY (quizresponse_id) REFERENCES public.quizzes_quizresponse(id) DEFERRABLE INITIALLY DEFERRED;


--
-- Name: users_groups users_groups_group_id_2f3517aa_fk_auth_group_id; Type: FK CONSTRAINT; Schema: public; Owner: postgresuser
--

ALTER TABLE ONLY public.users_groups
    ADD CONSTRAINT users_groups_group_id_2f3517aa_fk_auth_group_id FOREIGN KEY (group_id) REFERENCES public.auth_group(id) DEFERRABLE INITIALLY DEFERRED;


--
-- Name: users_groups users_groups_user_id_f500bee5_fk_users_id; Type: FK CONSTRAINT; Schema: public; Owner: postgresuser
--

ALTER TABLE ONLY public.users_groups
    ADD CONSTRAINT users_groups_user_id_f500bee5_fk_users_id FOREIGN KEY (user_id) REFERENCES public.users(id) DEFERRABLE INITIALLY DEFERRED;


--
-- Name: users_user_permissions users_user_permissio_permission_id_6d08dcd2_fk_auth_perm; Type: FK CONSTRAINT; Schema: public; Owner: postgresuser
--

ALTER TABLE ONLY public.users_user_permissions
    ADD CONSTRAINT users_user_permissio_permission_id_6d08dcd2_fk_auth_perm FOREIGN KEY (permission_id) REFERENCES public.auth_permission(id) DEFERRABLE INITIALLY DEFERRED;


--
-- Name: users_user_permissions users_user_permissions_user_id_92473840_fk_users_id; Type: FK CONSTRAINT; Schema: public; Owner: postgresuser
--

ALTER TABLE ONLY public.users_user_permissions
    ADD CONSTRAINT users_user_permissions_user_id_92473840_fk_users_id FOREIGN KEY (user_id) REFERENCES public.users(id) DEFERRABLE INITIALLY DEFERRED;


--
-- PostgreSQL database dump complete
--

\unrestrict TxsOZ0sxxziyEsrZpxVXyFixQhnq9CXJXEKUlKhmxBlOzE93ALmwaOFuDmkzild

